# Blender 5.2.0 LTS
# www.blender.org
o Mug
v -0.276960 -0.341860 -0.094339
v -0.281436 0.382805 -0.097308
v -0.172118 -0.341860 -0.194181
v -0.174864 0.382805 -0.198799
v -0.034344 -0.341860 -0.238648
v -0.034813 0.382805 -0.243997
v 0.109083 -0.341860 -0.218931
v 0.110980 0.382805 -0.223956
v 0.229751 -0.341860 -0.138935
v 0.233641 0.382805 -0.142641
v 0.303759 -0.341860 -0.014509
v 0.308872 0.382805 -0.016158
v 0.316452 -0.341860 0.129708
v 0.321773 0.382805 0.130440
v 0.265313 -0.341860 0.265151
v 0.269792 0.382805 0.268120
v 0.160474 -0.341860 0.364993
v 0.163220 0.382805 0.369608
v 0.022697 -0.341860 0.409459
v 0.023169 0.382805 0.414809
v -0.120727 -0.341860 0.389740
v -0.122624 0.382805 0.394768
v -0.241395 -0.341860 0.309746
v -0.245284 0.382805 0.313450
v -0.315403 -0.341860 0.185318
v -0.320515 0.382805 0.186969
v -0.328096 -0.341860 0.041103
v -0.333417 0.382805 0.040369
v -0.294760 0.303496 -0.106140
v -0.183037 0.303496 -0.212536
v -0.036169 0.302752 -0.260044
v 0.118495 0.300331 -0.244006
v 0.249184 0.300331 -0.157368
v 0.324178 0.302752 -0.021157
v 0.337609 0.303496 0.132618
v 0.283113 0.303496 0.276952
v 0.171393 0.303496 0.383348
v 0.024569 0.303496 0.430733
v -0.128273 0.303496 0.409721
v -0.256859 0.303496 0.324476
v -0.335727 0.303496 0.191877
v -0.349253 0.303496 0.038194
v -0.215614 -0.105819 -0.267310
v -0.041959 -0.103262 -0.322988
v 0.143586 -0.100359 -0.307288
v 0.297701 -0.100359 -0.205119
v 0.384411 -0.103262 -0.040334
v 0.400745 -0.105819 0.141296
v 0.336232 -0.105819 0.312164
v 0.203970 -0.105819 0.438121
v 0.030158 -0.105819 0.494216
v -0.150782 -0.105819 0.469343
v -0.303012 -0.105819 0.368426
v -0.396377 -0.105819 0.211452
v -0.412389 -0.105819 0.029513
v -0.347875 -0.105819 -0.141355
v -0.336837 -0.259877 -0.134036
v -0.208843 -0.259877 -0.255928
v -0.040692 -0.259051 -0.310077
v 0.140660 -0.255682 -0.298881
v 0.291097 -0.255682 -0.199152
v 0.372024 -0.259051 -0.036473
v 0.387623 -0.259877 0.139493
v 0.325193 -0.259877 0.304848
v 0.197199 -0.259877 0.426736
v 0.028998 -0.259877 0.481024
v -0.146104 -0.259877 0.456952
v -0.293420 -0.259877 0.359291
v -0.383775 -0.259877 0.207385
v -0.399270 -0.259877 0.031319
v -0.218098 -0.392381 -0.055319
v -0.136017 -0.392381 -0.133485
v -0.028150 -0.392381 -0.168299
v 0.084137 -0.392381 -0.152861
v 0.178608 -0.392381 -0.090232
v 0.236553 -0.392381 0.007184
v 0.246489 -0.392381 0.120091
v 0.206454 -0.392381 0.226131
v 0.124374 -0.392381 0.304296
v 0.016506 -0.392381 0.339108
v -0.095784 -0.392381 0.323672
v -0.190255 -0.392381 0.261043
v -0.248197 -0.392381 0.163628
v -0.258132 -0.392381 0.050720
v 0.102873 -0.384060 -0.202481
v -0.032799 -0.384060 -0.221132
v -0.228660 -0.384060 0.297620
v -0.114517 -0.384060 0.373292
v 0.217017 -0.384060 -0.126809
v -0.298671 -0.384060 0.179918
v 0.287024 -0.384060 -0.009106
v -0.310678 -0.384060 0.043496
v 0.299034 -0.384060 0.127313
v -0.262303 -0.384060 -0.084624
v 0.250659 -0.384060 0.255436
v 0.151485 -0.384060 0.349879
v -0.163132 -0.384060 -0.179070
v 0.021155 -0.384060 0.391943
v -0.032799 -0.365327 -0.221132
v -0.114517 -0.365327 0.373292
v 0.102873 -0.365327 -0.202481
v -0.228660 -0.365327 0.297620
v 0.217017 -0.365327 -0.126809
v -0.298671 -0.365327 0.179918
v 0.287024 -0.365327 -0.009106
v -0.310678 -0.365327 0.043496
v 0.299034 -0.365327 0.127313
v -0.262303 -0.365327 -0.084624
v 0.250659 -0.365327 0.255436
v 0.151485 -0.365327 0.349879
v -0.163132 -0.365327 -0.179070
v 0.021155 -0.365327 0.391943
v -0.253745 -0.330225 -0.078950
v -0.264664 0.379893 -0.086188
v -0.157880 -0.330225 -0.170244
v -0.164578 0.379893 -0.181504
v -0.031901 -0.330225 -0.210903
v -0.033048 0.379893 -0.223953
v 0.099245 -0.330225 -0.192873
v 0.103872 0.379893 -0.205128
v 0.209581 -0.330225 -0.119729
v 0.219069 0.379893 -0.128763
v 0.277253 -0.330225 -0.005954
v 0.289719 0.379893 -0.009976
v 0.288859 -0.330225 0.125916
v 0.301836 0.379893 0.127701
v 0.242101 -0.330225 0.249762
v 0.253020 0.379893 0.256999
v 0.146236 -0.330225 0.341053
v 0.152935 0.379893 0.352312
v 0.020257 -0.330225 0.381712
v 0.021404 0.379893 0.394761
v -0.110889 -0.330225 0.363685
v -0.115516 0.379893 0.375940
v -0.221225 -0.330225 0.290537
v -0.230712 0.379893 0.299574
v -0.288897 -0.330225 0.176763
v -0.301363 0.379893 0.180788
v -0.300503 -0.330225 0.044895
v -0.313483 0.379893 0.043111
v -0.278240 0.237951 -0.095190
v -0.172903 0.237951 -0.195502
v -0.034476 0.237951 -0.240177
v 0.109625 0.237951 -0.220366
v 0.230864 0.237951 -0.139994
v 0.305221 0.237951 -0.014979
v 0.317975 0.237951 0.129920
v 0.266593 0.237951 0.265998
v 0.161259 0.237951 0.366314
v 0.022832 0.237951 0.410988
v -0.121269 0.237951 0.391177
v -0.242507 0.237951 0.310805
v -0.316865 0.237951 0.185790
v -0.329619 0.237951 0.040892
v -0.199188 -0.092006 -0.239691
v -0.038983 -0.092006 -0.291395
v 0.127787 -0.092006 -0.268467
v 0.268096 -0.092006 -0.175452
v 0.354151 -0.092006 -0.030771
v 0.368909 -0.092006 0.136920
v 0.309448 -0.092006 0.294408
v 0.187545 -0.092006 0.410503
v 0.027340 -0.092006 0.462206
v -0.139431 -0.092006 0.439278
v -0.279740 -0.092006 0.346263
v -0.365795 -0.092006 0.201582
v -0.380553 -0.092006 0.033891
v -0.321092 -0.092006 -0.123597
v -0.313571 -0.248624 -0.118613
v -0.194574 -0.248624 -0.231934
v -0.038192 -0.248624 -0.282405
v 0.124600 -0.248624 -0.260025
v 0.261559 -0.248624 -0.169229
v 0.345562 -0.248624 -0.028000
v 0.359970 -0.248624 0.135691
v 0.301928 -0.248624 0.289422
v 0.182930 -0.248624 0.402745
v 0.026548 -0.248624 0.453217
v -0.136244 -0.248624 0.430837
v -0.273206 -0.248624 0.340041
v -0.357206 -0.248624 0.198812
v -0.371614 -0.248624 0.035121
v -0.200723 -0.376772 -0.043801
v -0.125363 -0.376772 -0.115571
v -0.026325 -0.376772 -0.147533
v 0.076777 -0.376772 -0.133362
v 0.163516 -0.376772 -0.075858
v 0.216717 -0.376772 0.013586
v 0.225839 -0.376772 0.117251
v 0.189080 -0.376772 0.214613
v 0.113716 -0.376772 0.286383
v 0.014678 -0.376772 0.318345
v -0.088421 -0.376772 0.304173
v -0.175160 -0.376772 0.246670
v -0.228361 -0.376772 0.157226
v -0.237483 -0.376772 0.053557
v 0.092553 -0.380593 -0.175149
v -0.030240 -0.380593 -0.192028
v -0.207504 -0.380593 0.277472
v -0.104197 -0.380593 0.345957
v 0.195860 -0.380593 -0.106660
v -0.270867 -0.380593 0.170944
v 0.259223 -0.380593 -0.000136
v -0.281732 -0.380593 0.047477
v 0.270088 -0.380593 0.123335
v -0.237953 -0.380593 -0.068482
v 0.226309 -0.380593 0.239294
v 0.136550 -0.380593 0.324769
v -0.148194 -0.380593 -0.153961
v 0.018596 -0.380593 0.362840
v -0.030173 -0.362991 -0.191297
v -0.103939 -0.362991 0.345270
v 0.092295 -0.362991 -0.174462
v -0.206974 -0.362991 0.276965
v 0.195327 -0.362991 -0.106156
v -0.270167 -0.362991 0.170720
v 0.258523 -0.362991 0.000091
v -0.281004 -0.362991 0.047574
v 0.269360 -0.362991 0.123234
v -0.237341 -0.362991 -0.068076
v 0.225694 -0.362991 0.238887
v 0.136175 -0.362991 0.324139
v -0.147819 -0.362991 -0.153327
v 0.018530 -0.362991 0.362106
v 0.253247 -0.078430 -0.421510
v 0.275749 -0.110506 -0.454528
v 0.381855 -0.110506 -0.384186
v 0.360206 -0.078430 -0.350604
v 0.204519 -0.133671 -0.348224
v 0.210353 -0.204498 -0.355950
v 0.316522 -0.204498 -0.285567
v 0.311677 -0.133671 -0.277182
v 0.275601 0.074213 -0.455136
v 0.304928 0.075833 -0.498506
v 0.410999 0.075833 -0.428186
v 0.382473 0.074213 -0.384287
v 0.263169 0.170481 -0.436378
v 0.290170 0.189226 -0.476243
v 0.396241 0.189226 -0.405923
v 0.370038 0.170481 -0.365532
v 0.245496 0.228870 -0.409721
v 0.262766 0.268353 -0.434906
v 0.368840 0.268353 -0.364589
v 0.352364 0.228870 -0.338875
v 0.206277 0.244842 -0.348489
v 0.208276 0.295754 -0.350519
v 0.312326 0.295754 -0.281538
v 0.311236 0.244842 -0.278906
v 0.162511 0.233980 -0.273576
v 0.158208 0.288337 -0.265456
v 0.253477 0.288337 -0.202301
v 0.259280 0.233980 -0.209425
v -0.312695 0.172306 -0.118030
v -0.194038 0.172306 -0.231032
v -0.037968 0.170153 -0.281708
v 0.126391 0.173450 -0.263764
v 0.264307 0.173450 -0.172337
v 0.344834 0.170153 -0.027937
v 0.358927 0.172306 0.135549
v 0.301051 0.172306 0.288842
v 0.182394 0.172306 0.401841
v 0.026457 0.172306 0.452167
v -0.135872 0.172306 0.429853
v -0.272443 0.172306 0.339316
v -0.356206 0.172306 0.198487
v -0.370574 0.172306 0.035262
v 0.407831 -0.017299 -0.423404
v 0.380588 -0.005012 -0.381444
v 0.273716 -0.005012 -0.452290
v 0.301757 -0.017299 -0.493724
v -0.310170 -0.259877 -0.169699
v -0.279677 -0.259877 -0.202159
v -0.245767 -0.259877 -0.231032
v -0.205606 0.382805 -0.178071
v -0.233842 0.382805 -0.154030
v -0.259232 0.382805 -0.127001
v -0.291967 0.326282 -0.104290
v -0.288969 0.348394 -0.102301
v -0.285533 0.367887 -0.100025
v -0.217842 -0.159048 -0.271051
v -0.217587 -0.200082 -0.270629
v -0.214656 -0.232498 -0.265699
v -0.169348 -0.259864 -0.276485
v -0.127794 -0.259773 -0.292485
v -0.084727 -0.259527 -0.303748
v -0.071504 0.382805 -0.238660
v -0.107374 0.382805 -0.229251
v -0.141978 0.382805 -0.215918
v -0.042350 -0.156331 -0.327300
v -0.042281 -0.197803 -0.326878
v -0.041732 -0.230950 -0.321286
v 0.003784 -0.258307 -0.311565
v 0.048229 -0.257434 -0.309374
v 0.092484 -0.256583 -0.304892
v 0.075608 0.382805 -0.235067
v 0.039207 0.382805 -0.242153
v 0.002246 0.382805 -0.245154
v 0.128156 -0.150695 -0.320340
v 0.123737 -0.189103 -0.322802
v 0.127214 -0.222824 -0.316927
v 0.182044 -0.267820 -0.276536
v 0.218826 -0.271048 -0.253466
v 0.254397 -0.267820 -0.228567
v 0.206593 0.382805 -0.167997
v 0.176872 0.382805 -0.190178
v 0.144868 0.382805 -0.208917
v 0.315730 -0.150695 -0.195991
v 0.319718 -0.189103 -0.192879
v 0.312954 -0.222824 -0.193794
v 0.315390 -0.256580 -0.157119
v 0.336752 -0.257434 -0.118102
v 0.356074 -0.258307 -0.078017
v 0.295504 0.382805 -0.050739
v 0.278350 0.382805 -0.083619
v 0.257647 0.382805 -0.114386
v 0.388534 -0.156331 -0.041652
v 0.388118 -0.197803 -0.041551
v 0.382753 -0.230950 -0.039880
v 0.383340 -0.259527 0.006553
v 0.389738 -0.259773 0.050604
v 0.391179 -0.259864 0.095108
v 0.324736 0.382805 0.093481
v 0.323545 0.382805 0.056419
v 0.318243 0.382805 0.019713
v 0.405058 -0.159048 0.141891
v 0.404569 -0.200082 0.141822
v 0.398889 -0.232498 0.141040
v 0.379072 -0.259877 0.183193
v 0.365682 -0.259877 0.225671
v 0.347658 -0.259877 0.266399
v 0.288493 0.382805 0.236107
v 0.303504 0.382805 0.202194
v 0.314652 0.382805 0.166827
v 0.339860 -0.159048 0.314572
v 0.339450 -0.200082 0.314298
v 0.334668 -0.232498 0.311130
v 0.298526 -0.259877 0.340507
v 0.268033 -0.259877 0.372971
v 0.234120 -0.259877 0.401844
v 0.193962 0.382805 0.348883
v 0.222199 0.382805 0.324842
v 0.247589 0.382805 0.297812
v 0.206195 -0.159048 0.441863
v 0.205943 -0.200082 0.441437
v 0.203012 -0.232498 0.436511
v 0.157701 -0.259877 0.447297
v 0.116143 -0.259877 0.463316
v 0.073061 -0.259877 0.474613
v 0.059860 0.382805 0.409472
v 0.095730 0.382805 0.400063
v 0.130334 0.382805 0.386727
v 0.030539 -0.159048 0.498553
v 0.030495 -0.200082 0.498061
v 0.029994 -0.232498 0.492350
v -0.015510 -0.259877 0.482408
v -0.059904 -0.259877 0.478809
v -0.103620 -0.259877 0.470298
v -0.087251 0.382805 0.405879
v -0.050851 0.382805 0.412965
v -0.013890 0.382805 0.415962
v -0.152320 -0.159048 0.473415
v -0.152147 -0.200082 0.472955
v -0.150120 -0.232498 0.467587
v -0.186804 -0.259877 0.438890
v -0.225240 -0.259877 0.416385
v -0.260935 -0.259877 0.389746
v -0.218236 0.382805 0.338809
v -0.188515 0.382805 0.360987
v -0.156515 0.382805 0.379726
v -0.306164 -0.159048 0.371426
v -0.305805 -0.200082 0.371086
v -0.301653 -0.232498 0.367133
v -0.322252 -0.259877 0.325359
v -0.347116 -0.259877 0.288407
v -0.367718 -0.259877 0.248917
v -0.307147 0.382805 0.221551
v -0.289994 0.382805 0.254430
v -0.269291 0.382805 0.285198
v -0.400522 -0.159048 0.212788
v -0.400052 -0.200082 0.212637
v -0.394593 -0.232498 0.210875
v -0.395028 -0.259877 0.164299
v -0.401395 -0.259877 0.120221
v -0.402826 -0.259877 0.075704
v -0.336380 0.382805 0.077327
v -0.335188 0.382805 0.114392
v -0.329887 0.382805 0.151095
v -0.416704 -0.159048 0.028920
v -0.416213 -0.200082 0.028987
v -0.410533 -0.232498 0.029768
v -0.390716 -0.259877 -0.012381
v -0.377329 -0.259877 -0.054862
v -0.359302 -0.259877 -0.095587
v -0.300140 0.382805 -0.065296
v -0.315147 0.382805 -0.031385
v -0.326296 0.382805 0.003984
v -0.305975 0.220088 -0.113576
v -0.301165 0.254664 -0.110389
v -0.297638 0.280857 -0.108047
v -0.177379 0.367887 -0.203026
v -0.179485 0.348394 -0.206566
v -0.181325 0.326282 -0.209658
v -0.035242 0.367874 -0.248898
v -0.035601 0.348303 -0.253018
v -0.035901 0.325967 -0.256637
v 0.112739 0.367880 -0.228618
v 0.114353 0.348334 -0.232901
v 0.116077 0.325932 -0.237504
v 0.237250 0.367880 -0.146077
v 0.240569 0.348334 -0.149232
v 0.244134 0.325932 -0.152612
v 0.313552 0.367874 -0.017671
v 0.317486 0.348303 -0.018944
v 0.320938 0.325967 -0.020076
v 0.326646 0.367887 0.131111
v 0.330728 0.348394 0.131672
v 0.334293 0.326282 0.132161
v 0.273890 0.367887 0.270837
v 0.277325 0.348394 0.273113
v 0.280323 0.326282 0.275102
v 0.165735 0.367887 0.373835
v 0.167841 0.348394 0.377377
v 0.169682 0.326282 0.380470
v 0.023601 0.367887 0.419707
v 0.023961 0.348394 0.423814
v 0.024276 0.326282 0.427398
v -0.124361 0.367887 0.399366
v -0.125817 0.348394 0.403221
v -0.127087 0.326282 0.406588
v -0.248846 0.367887 0.316842
v -0.251831 0.348394 0.319685
v -0.254435 0.326282 0.322165
v -0.325196 0.367887 0.188479
v -0.329117 0.348394 0.189746
v -0.332541 0.326282 0.190849
v -0.338290 0.367887 0.039701
v -0.342372 0.348394 0.039139
v -0.345937 0.326282 0.038651
v -0.341789 0.303496 0.000047
v -0.330101 0.303496 -0.037031
v -0.314366 0.303496 -0.072580
v -0.345552 0.303496 0.154273
v -0.351110 0.303496 0.115795
v -0.352358 0.303496 0.076936
v -0.282028 0.303496 0.294856
v -0.303730 0.303496 0.262600
v -0.321713 0.303496 0.228132
v -0.163800 0.303496 0.393954
v -0.197348 0.303496 0.374310
v -0.228506 0.303496 0.351058
v -0.014281 0.303496 0.431943
v -0.053029 0.303496 0.428797
v -0.091188 0.303496 0.421368
v 0.136916 0.303496 0.401292
v 0.100638 0.303496 0.415275
v 0.063034 0.303496 0.425138
v 0.259838 0.303496 0.308079
v 0.233221 0.303496 0.336416
v 0.203620 0.303496 0.361617
v 0.330145 0.303496 0.170761
v 0.318457 0.303496 0.207842
v 0.302722 0.303496 0.243392
v 0.333946 0.303180 0.016501
v 0.339478 0.303404 0.055004
v 0.340714 0.303483 0.093872
v 0.273414 0.300728 -0.124671
v 0.293209 0.301349 -0.092088
v 0.310356 0.302087 -0.057497
v 0.154492 0.310478 -0.224920
v 0.186615 0.313185 -0.204873
v 0.217587 0.310478 -0.183092
v 0.002684 0.302087 -0.261463
v 0.041221 0.301349 -0.259136
v 0.078942 0.300728 -0.253595
v -0.148559 0.303483 -0.230484
v -0.112276 0.303404 -0.244479
v -0.074659 0.303184 -0.254377
v -0.271481 0.303496 -0.137270
v -0.244865 0.303496 -0.165604
v -0.215264 0.303496 -0.190809
v -0.199491 0.108697 -0.240202
v -0.205546 0.035505 -0.250380
v -0.211239 -0.038818 -0.259953
v -0.038965 0.107524 -0.292180
v -0.040090 0.035738 -0.303745
v -0.041152 -0.037195 -0.314613
v 0.129092 0.106068 -0.271357
v 0.132837 0.037280 -0.281434
v 0.137499 -0.031814 -0.293236
v 0.270249 0.106068 -0.177781
v 0.278072 0.037280 -0.185154
v 0.287128 -0.031814 -0.194043
v 0.354867 0.107524 -0.031095
v 0.365956 0.035738 -0.034563
v 0.376383 -0.037195 -0.037816
v 0.369499 0.108697 0.137002
v 0.381231 0.035505 0.138613
v 0.392266 -0.038818 0.140132
v 0.309943 0.108697 0.294736
v 0.319812 0.035505 0.301280
v 0.329099 -0.038818 0.307436
v 0.187847 0.108697 0.411013
v 0.193902 0.035505 0.421191
v 0.199595 -0.038818 0.430764
v 0.027393 0.108697 0.462796
v 0.028430 0.035505 0.474594
v 0.029407 -0.038818 0.485690
v -0.139642 0.108697 0.439836
v -0.143825 0.035505 0.450913
v -0.147759 -0.038818 0.461333
v -0.280172 0.108697 0.346673
v -0.288745 0.035505 0.354840
v -0.296812 -0.038818 0.362522
v -0.366362 0.108697 0.201765
v -0.377631 0.035505 0.205403
v -0.388232 -0.038818 0.208823
v -0.381143 0.108697 0.033809
v -0.392875 0.035505 0.032195
v -0.403910 -0.038818 0.030679
v -0.346315 -0.232498 -0.140318
v -0.351094 -0.200082 -0.143486
v -0.351507 -0.159048 -0.143760
v -0.320320 -0.105819 -0.178206
v -0.288812 -0.105819 -0.211751
v -0.253767 -0.105819 -0.241586
v -0.174801 -0.105778 -0.288548
v -0.131875 -0.105500 -0.305053
v -0.087403 -0.104741 -0.316608
v 0.003888 -0.101037 -0.324233
v 0.049584 -0.098890 -0.321384
v 0.094864 -0.097948 -0.315656
v 0.186747 -0.079770 -0.285831
v 0.224796 -0.074314 -0.262471
v 0.261130 -0.079770 -0.236520
v 0.324377 -0.097948 -0.163502
v 0.347283 -0.098890 -0.124028
v 0.367702 -0.101037 -0.083048
v 0.396229 -0.104741 0.004009
v 0.402905 -0.105500 0.049469
v 0.404418 -0.105778 0.095436
v 0.391907 -0.105819 0.186455
v 0.378072 -0.105819 0.230348
v 0.359444 -0.105819 0.272435
v 0.308676 -0.105819 0.349015
v 0.277165 -0.105819 0.382563
v 0.242123 -0.105819 0.412397
v 0.163157 -0.105819 0.459366
v 0.120210 -0.105819 0.475918
v 0.075693 -0.105819 0.487593
v -0.015835 -0.105819 0.495650
v -0.061707 -0.105819 0.491928
v -0.106883 -0.105819 0.483133
v -0.192840 -0.105819 0.450679
v -0.232556 -0.105819 0.427423
v -0.269442 -0.105819 0.399896
v -0.332805 -0.105819 0.333362
v -0.358498 -0.105819 0.295174
v -0.379787 -0.105819 0.254370
v -0.408008 -0.105819 0.166931
v -0.414589 -0.105819 0.121381
v -0.416065 -0.105819 0.075382
v -0.403554 -0.105819 -0.015644
v -0.389716 -0.105819 -0.059540
v -0.371091 -0.105819 -0.101623
v -0.255116 -0.341860 -0.123552
v -0.230139 -0.341860 -0.150140
v -0.202362 -0.341860 -0.173790
v -0.139765 -0.341860 -0.211023
v -0.105726 -0.341860 -0.224142
v -0.070435 -0.341860 -0.233396
v 0.002113 -0.341860 -0.239783
v 0.038476 -0.341860 -0.236832
v 0.074287 -0.341860 -0.229860
v 0.142422 -0.341860 -0.204136
v 0.173902 -0.341860 -0.185702
v 0.203141 -0.341860 -0.163883
v 0.253370 -0.341860 -0.111143
v 0.273735 -0.341860 -0.080873
v 0.290608 -0.341860 -0.048530
v 0.312979 -0.341860 0.020782
v 0.318195 -0.341860 0.056889
v 0.319365 -0.341860 0.093352
v 0.309445 -0.341860 0.165504
v 0.298479 -0.341860 0.200299
v 0.283715 -0.341860 0.233658
v 0.243472 -0.341860 0.294361
v 0.218495 -0.341860 0.320952
v 0.190716 -0.341860 0.344602
v 0.128121 -0.341860 0.381835
v 0.094079 -0.341860 0.394954
v 0.058791 -0.341860 0.404208
v -0.013757 -0.341860 0.410594
v -0.050120 -0.341860 0.407644
v -0.085931 -0.341860 0.400671
v -0.154066 -0.341860 0.374947
v -0.185549 -0.341860 0.356511
v -0.214785 -0.341860 0.334692
v -0.265013 -0.341860 0.281951
v -0.285379 -0.341860 0.251685
v -0.302255 -0.341860 0.219341
v -0.324623 -0.341860 0.150030
v -0.329839 -0.341860 0.113923
v -0.331009 -0.341860 0.077459
v -0.321092 -0.341860 0.005308
v -0.310123 -0.341860 -0.029488
v -0.295359 -0.341860 -0.062846
v -0.200254 -0.285034 -0.241481
v -0.190192 -0.307745 -0.224567
v -0.180276 -0.327017 -0.207896
v -0.290258 -0.327017 -0.103158
v -0.306426 -0.307745 -0.113875
v -0.322829 -0.285034 -0.124750
v -0.039188 -0.284687 -0.293412
v -0.037448 -0.307641 -0.273850
v -0.035743 -0.327004 -0.254544
v 0.130757 -0.284697 -0.275010
v 0.122217 -0.307713 -0.253336
v 0.114801 -0.327013 -0.234027
v 0.272966 -0.284697 -0.180734
v 0.256329 -0.307713 -0.164432
v 0.241429 -0.327013 -0.150080
v 0.356090 -0.284687 -0.031370
v 0.337392 -0.307641 -0.025355
v 0.318946 -0.327004 -0.019407
v 0.370974 -0.285034 0.137204
v 0.351478 -0.307745 0.134525
v 0.332263 -0.327017 0.131883
v 0.311185 -0.285034 0.295562
v 0.294782 -0.307745 0.284687
v 0.278615 -0.327017 0.273970
v 0.188610 -0.285034 0.412293
v 0.178548 -0.307745 0.395379
v 0.168632 -0.327017 0.378708
v 0.027522 -0.285034 0.464281
v 0.025798 -0.307745 0.444678
v 0.024096 -0.327017 0.425355
v -0.140169 -0.285034 0.441229
v -0.133215 -0.307745 0.422818
v -0.126366 -0.327017 0.404671
v -0.281250 -0.285034 0.347701
v -0.266999 -0.307745 0.334128
v -0.252950 -0.327017 0.320753
v -0.367778 -0.285034 0.202222
v -0.349051 -0.307745 0.196177
v -0.330593 -0.327017 0.190219
v -0.382618 -0.285034 0.033608
v -0.363122 -0.307745 0.036287
v -0.343907 -0.327017 0.038928
v -0.191964 -0.392643 -0.062087
v -0.161231 -0.392772 -0.077784
v -0.144052 -0.392643 -0.107713
v -0.109533 -0.392643 -0.128243
v -0.075037 -0.392772 -0.129053
v -0.046574 -0.392643 -0.148564
v -0.006564 -0.392643 -0.152085
v 0.024868 -0.392772 -0.137847
v 0.058977 -0.392643 -0.143073
v 0.096553 -0.392643 -0.128889
v 0.118693 -0.392772 -0.102421
v 0.151696 -0.392643 -0.092331
v 0.179393 -0.392643 -0.063247
v 0.187860 -0.392772 -0.029794
v 0.213212 -0.392643 -0.006386
v 0.225549 -0.392643 0.031836
v 0.218662 -0.392772 0.065649
v 0.231349 -0.392643 0.097740
v 0.225880 -0.392643 0.137529
v 0.205004 -0.392772 0.165006
v 0.202511 -0.392643 0.199423
v 0.180317 -0.392643 0.232898
v 0.149587 -0.392772 0.248596
v 0.132408 -0.392643 0.278522
v 0.097890 -0.392643 0.299054
v 0.063393 -0.392772 0.299864
v 0.034930 -0.392643 0.319376
v -0.005080 -0.392643 0.322897
v -0.036512 -0.392772 0.308659
v -0.070621 -0.392643 0.313885
v -0.108197 -0.392643 0.299697
v -0.130340 -0.392772 0.273232
v -0.163340 -0.392643 0.263143
v -0.191037 -0.392643 0.234058
v -0.199504 -0.392772 0.200605
v -0.224859 -0.392643 0.177198
v -0.237193 -0.392643 0.138976
v -0.230306 -0.392772 0.105163
v -0.242993 -0.392643 0.073072
v -0.237524 -0.392643 0.033283
v -0.216648 -0.392772 0.005806
v -0.214154 -0.392643 -0.028612
v 0.102501 -0.387527 -0.201494
v 0.099898 -0.389995 -0.194600
v 0.093250 -0.391578 -0.176996
v -0.032824 -0.361809 -0.221406
v -0.032994 -0.357825 -0.223322
v -0.033452 -0.351726 -0.228520
v -0.227901 -0.387527 0.296895
v -0.222564 -0.389995 0.291814
v -0.208935 -0.391578 0.278834
v -0.114615 -0.361809 0.373548
v -0.115292 -0.357825 0.375348
v -0.117136 -0.351726 0.380230
v 0.216254 -0.387527 -0.126084
v 0.210917 -0.389995 -0.121002
v 0.197291 -0.391578 -0.108022
v -0.297669 -0.387527 0.179593
v -0.290656 -0.389995 0.177330
v -0.272745 -0.391578 0.171552
v 0.286025 -0.387527 -0.008785
v 0.279012 -0.389995 -0.006522
v 0.261102 -0.391578 -0.000741
v -0.309634 -0.387527 0.043641
v -0.302334 -0.389995 0.044643
v -0.283690 -0.391578 0.047206
v 0.297991 -0.387527 0.127171
v 0.290690 -0.389995 0.126169
v 0.272046 -0.391578 0.123603
v -0.261426 -0.387527 -0.084044
v -0.255283 -0.389995 -0.079972
v -0.239598 -0.391578 -0.069573
v 0.249783 -0.387527 0.254853
v 0.243639 -0.389995 0.250783
v 0.227954 -0.391578 0.240385
v 0.150949 -0.387527 0.348974
v 0.147182 -0.389995 0.342641
v 0.137559 -0.391578 0.326468
v -0.162593 -0.387527 -0.178165
v -0.158826 -0.389995 -0.171830
v -0.149206 -0.391578 -0.155656
v 0.021064 -0.387527 0.390894
v 0.020418 -0.389995 0.383552
v 0.018769 -0.391578 0.364807
v 0.102873 -0.369661 -0.202481
v 0.102873 -0.374613 -0.202481
v 0.102873 -0.379603 -0.202481
v -0.030413 -0.391578 -0.193995
v -0.032061 -0.389995 -0.212741
v -0.032708 -0.387527 -0.220082
v -0.228660 -0.369661 0.297620
v -0.228660 -0.374613 0.297620
v -0.228660 -0.379603 0.297620
v -0.104894 -0.391578 0.347805
v -0.111541 -0.389995 0.365412
v -0.114145 -0.387527 0.372306
v 0.217017 -0.369661 -0.126809
v 0.217017 -0.374613 -0.126809
v 0.217017 -0.379603 -0.126809
v -0.298671 -0.369661 0.179918
v -0.298671 -0.374613 0.179918
v -0.298671 -0.379603 0.179918
v 0.287024 -0.369661 -0.009106
v 0.287024 -0.374613 -0.009106
v 0.287024 -0.379603 -0.009106
v -0.310678 -0.369661 0.043496
v -0.310678 -0.374613 0.043496
v -0.310678 -0.379603 0.043496
v 0.299031 -0.369661 0.127313
v 0.299034 -0.374613 0.127313
v 0.299031 -0.379603 0.127313
v -0.262303 -0.369661 -0.084624
v -0.262303 -0.374613 -0.084624
v -0.262303 -0.379603 -0.084624
v 0.250659 -0.369661 0.255436
v 0.250659 -0.374613 0.255436
v 0.250659 -0.379603 0.255436
v 0.151485 -0.369661 0.349879
v 0.151485 -0.374613 0.349879
v 0.151485 -0.379603 0.349879
v -0.163132 -0.369661 -0.179070
v -0.163132 -0.374613 -0.179070
v -0.163132 -0.379603 -0.179070
v 0.021155 -0.369661 0.391943
v 0.021155 -0.374613 0.391943
v 0.021155 -0.379603 0.391943
v -0.081600 -0.384060 0.383631
v -0.047727 -0.384060 0.390225
v -0.013329 -0.384060 0.393015
v -0.066942 -0.384060 -0.216164
v -0.100323 -0.384060 -0.207411
v -0.132525 -0.384060 -0.195001
v 0.055299 -0.384060 0.386976
v 0.088679 -0.384060 0.378222
v 0.120881 -0.384060 0.365809
v -0.191737 -0.384060 -0.159783
v -0.218013 -0.384060 -0.137409
v -0.241641 -0.384060 -0.112255
v 0.180093 -0.384060 0.330591
v 0.206369 -0.384060 0.308221
v 0.229997 -0.384060 0.283067
v 0.268065 -0.384060 0.225645
v 0.282032 -0.384060 0.194087
v 0.292405 -0.384060 0.161176
v -0.279708 -0.384060 -0.054834
v -0.293675 -0.384060 -0.023278
v -0.304049 -0.384060 0.009636
v 0.301789 -0.384060 0.092924
v 0.300679 -0.384060 0.058430
v 0.295746 -0.384060 0.024274
v -0.313433 -0.384060 0.077888
v -0.312326 -0.384060 0.112381
v -0.307390 -0.384060 0.146537
v 0.274586 -0.384060 -0.041289
v 0.258624 -0.384060 -0.071887
v 0.239359 -0.384060 -0.100517
v -0.286230 -0.384060 0.212101
v -0.270268 -0.384060 0.242695
v -0.251002 -0.384060 0.271329
v 0.191847 -0.384060 -0.150408
v 0.164188 -0.384060 -0.171048
v 0.134410 -0.384060 -0.188485
v -0.203491 -0.384060 0.321220
v -0.175835 -0.384060 0.341857
v -0.146054 -0.384060 0.359297
v 0.069956 -0.384060 -0.212820
v 0.036084 -0.384060 -0.219414
v 0.001685 -0.384060 -0.222206
v -0.032799 -0.379603 -0.221132
v -0.032799 -0.374613 -0.221132
v -0.032799 -0.369661 -0.221132
v -0.114517 -0.379603 0.373292
v -0.114517 -0.374613 0.373292
v -0.114517 -0.369661 0.373292
v 0.105493 -0.351726 -0.209422
v 0.103649 -0.357825 -0.204536
v 0.102971 -0.361809 -0.202736
v -0.234035 -0.351726 0.302736
v -0.230252 -0.357825 0.299136
v -0.228859 -0.361809 0.297809
v 0.222388 -0.351726 -0.131924
v 0.218608 -0.357825 -0.128325
v 0.217215 -0.361809 -0.126998
v -0.305729 -0.351726 0.182197
v -0.300761 -0.357825 0.180593
v -0.298933 -0.361809 0.180003
v 0.294085 -0.351726 -0.011385
v 0.289117 -0.357825 -0.009781
v 0.287286 -0.361809 -0.009191
v -0.318025 -0.351726 0.042487
v -0.312856 -0.357825 0.043196
v -0.310949 -0.361809 0.043458
v 0.306381 -0.351726 0.128325
v 0.301209 -0.357825 0.127612
v 0.299305 -0.361809 0.127351
v -0.268487 -0.351726 -0.088722
v -0.264134 -0.357825 -0.085838
v -0.262533 -0.361809 -0.084775
v 0.256840 -0.351726 0.259533
v 0.252490 -0.357825 0.256649
v 0.250889 -0.361809 0.255587
v 0.155277 -0.351726 0.356255
v 0.152610 -0.357825 0.351770
v 0.151626 -0.361809 0.350115
v -0.166924 -0.351726 -0.185444
v -0.164254 -0.357825 -0.180958
v -0.163270 -0.361809 -0.179307
v 0.021808 -0.351726 0.399332
v 0.021348 -0.357825 0.394131
v 0.021180 -0.361809 0.392214
v 0.069956 -0.365327 -0.212820
v 0.036084 -0.365327 -0.219414
v 0.001685 -0.365327 -0.222206
v -0.203491 -0.365327 0.321220
v -0.175835 -0.365327 0.341857
v -0.146054 -0.365327 0.359297
v 0.191847 -0.365327 -0.150408
v 0.164188 -0.365327 -0.171048
v 0.134410 -0.365327 -0.188485
v -0.286230 -0.365327 0.212101
v -0.270268 -0.365327 0.242695
v -0.251002 -0.365327 0.271329
v 0.274586 -0.365327 -0.041289
v 0.258624 -0.365327 -0.071887
v 0.239359 -0.365327 -0.100517
v -0.313433 -0.365327 0.077888
v -0.312326 -0.365327 0.112381
v -0.307390 -0.365327 0.146537
v 0.301789 -0.365327 0.092924
v 0.300679 -0.365327 0.058430
v 0.295746 -0.365327 0.024274
v -0.279708 -0.365327 -0.054834
v -0.293675 -0.365327 -0.023278
v -0.304049 -0.365327 0.009636
v 0.268065 -0.365327 0.225645
v 0.282032 -0.365327 0.194087
v 0.292405 -0.365327 0.161176
v 0.180093 -0.365327 0.330591
v 0.206369 -0.365327 0.308221
v 0.229997 -0.365327 0.283067
v -0.191737 -0.365327 -0.159783
v -0.218013 -0.365327 -0.137409
v -0.241641 -0.365327 -0.112255
v 0.055299 -0.365327 0.386976
v 0.088679 -0.365327 0.378222
v 0.120881 -0.365327 0.365809
v -0.066942 -0.365327 -0.216164
v -0.100323 -0.365327 -0.207411
v -0.132525 -0.365327 -0.195001
v -0.081600 -0.365327 0.383631
v -0.047727 -0.365327 0.390225
v -0.013329 -0.365327 0.393015
v -0.288780 -0.248624 -0.151767
v -0.260427 -0.248624 -0.181948
v -0.228900 -0.248624 -0.208791
v -0.193448 0.379893 -0.162036
v -0.219967 0.379893 -0.139458
v -0.243812 0.379893 -0.114074
v -0.270599 0.296009 -0.090125
v -0.265953 0.336444 -0.087045
v -0.264055 0.363117 -0.085787
v -0.202293 -0.150298 -0.244911
v -0.202656 -0.192334 -0.245519
v -0.200131 -0.223363 -0.241273
v -0.157852 -0.248624 -0.251048
v -0.119214 -0.248624 -0.265942
v -0.079160 -0.248624 -0.276444
v -0.067507 0.379893 -0.218941
v -0.101193 0.379893 -0.210106
v -0.133691 0.379893 -0.197579
v -0.039516 -0.150298 -0.297447
v -0.039579 -0.192334 -0.298150
v -0.039147 -0.223363 -0.293229
v 0.003185 -0.248624 -0.283694
v 0.044459 -0.248624 -0.280347
v 0.085102 -0.248624 -0.272432
v 0.070652 0.379893 -0.215565
v 0.036468 0.379893 -0.222219
v 0.001754 0.379893 -0.225037
v 0.129934 -0.150298 -0.274150
v 0.130183 -0.192334 -0.274812
v 0.128437 -0.223363 -0.270191
v 0.162438 -0.248624 -0.243234
v 0.198173 -0.248624 -0.222307
v 0.231359 -0.248624 -0.197545
v 0.193666 0.379893 -0.152577
v 0.165754 0.379893 -0.173406
v 0.135699 0.379893 -0.191004
v 0.272493 -0.150298 -0.179641
v 0.273007 -0.192334 -0.180129
v 0.269429 -0.223363 -0.176722
v 0.288367 -0.248624 -0.137680
v 0.311481 -0.248624 -0.103325
v 0.330637 -0.248624 -0.066613
v 0.277168 0.379893 -0.042455
v 0.261058 0.379893 -0.073333
v 0.241615 0.379893 -0.102229
v 0.359932 -0.150298 -0.032637
v 0.360607 -0.192334 -0.032854
v 0.355904 -0.223363 -0.031338
v 0.356027 -0.248624 0.012057
v 0.361946 -0.248624 0.053037
v 0.363277 -0.248624 0.094424
v 0.304619 0.379893 0.092990
v 0.303500 0.379893 0.058181
v 0.298523 0.379893 0.023713
v 0.374927 -0.150298 0.137746
v 0.375630 -0.192334 0.137844
v 0.370734 -0.223363 0.137173
v 0.352017 -0.248624 0.176318
v 0.339570 -0.248624 0.215811
v 0.322810 -0.248624 0.253677
v 0.270583 0.379893 0.226935
v 0.284679 0.379893 0.195089
v 0.295151 0.379893 0.161872
v 0.314511 -0.150298 0.297765
v 0.315100 -0.192334 0.298156
v 0.310983 -0.223363 0.295426
v 0.277133 -0.248624 0.322578
v 0.248783 -0.248624 0.352757
v 0.217256 -0.248624 0.379603
v 0.181805 0.379893 0.332848
v 0.208323 0.379893 0.310270
v 0.232165 0.379893 0.284886
v 0.190649 -0.150298 0.415723
v 0.191012 -0.192334 0.416331
v 0.188484 -0.223363 0.412085
v 0.146208 -0.248624 0.421860
v 0.107570 -0.248624 0.436750
v 0.067516 -0.248624 0.447256
v 0.055863 0.379893 0.389753
v 0.089549 0.379893 0.380914
v 0.122047 0.379893 0.368391
v 0.027872 -0.150298 0.468255
v 0.027935 -0.192334 0.468961
v 0.027500 -0.223363 0.464041
v -0.014829 -0.248624 0.454503
v -0.056102 -0.248624 0.451155
v -0.096749 -0.248624 0.443243
v -0.082296 0.379893 0.386377
v -0.048112 0.379893 0.393031
v -0.013398 0.379893 0.395846
v -0.141578 -0.150298 0.444961
v -0.141827 -0.192334 0.445623
v -0.140084 -0.223363 0.441002
v -0.174085 -0.248624 0.414043
v -0.209817 -0.248624 0.393119
v -0.243002 -0.248624 0.368356
v -0.205310 0.379893 0.323388
v -0.177398 0.379893 0.344217
v -0.147343 0.379893 0.361816
v -0.284137 -0.150298 0.350452
v -0.284651 -0.192334 0.350941
v -0.281073 -0.223363 0.347533
v -0.300011 -0.248624 0.308492
v -0.323128 -0.248624 0.274137
v -0.342281 -0.248624 0.237425
v -0.288812 0.379893 0.213267
v -0.272701 0.379893 0.244142
v -0.253259 0.379893 0.273040
v -0.371576 -0.150298 0.203448
v -0.372251 -0.192334 0.203666
v -0.367548 -0.223363 0.202147
v -0.367671 -0.248624 0.158755
v -0.373590 -0.248624 0.117771
v -0.374920 -0.248624 0.076388
v -0.316263 0.379893 0.077819
v -0.315144 0.379893 0.112630
v -0.310167 0.379893 0.147099
v -0.386571 -0.150298 0.033062
v -0.387273 -0.192334 0.032968
v -0.382378 -0.223363 0.033639
v -0.363661 -0.248624 -0.005510
v -0.351214 -0.248624 -0.045002
v -0.334454 -0.248624 -0.082865
v -0.282230 0.379893 -0.056126
v -0.296323 0.379893 -0.024277
v -0.306794 0.379893 0.008939
v -0.312065 -0.014890 -0.117611
v -0.300664 0.072971 -0.110055
v -0.288768 0.160832 -0.102169
v -0.164206 0.363117 -0.180876
v -0.165370 0.336444 -0.182834
v -0.168219 0.296009 -0.187622
v -0.032985 0.363117 -0.223228
v -0.033184 0.336444 -0.225494
v -0.033672 0.296009 -0.231045
v 0.103614 0.363117 -0.204448
v 0.104418 0.336444 -0.206575
v 0.106388 0.296009 -0.211792
v 0.218539 0.363117 -0.128258
v 0.220188 0.336444 -0.129828
v 0.224225 0.296009 -0.133674
v 0.289026 0.363117 -0.009753
v 0.291191 0.336444 -0.010452
v 0.296496 0.296009 -0.012164
v 0.301114 0.363117 0.127600
v 0.303371 0.336444 0.127912
v 0.308890 0.296009 0.128668
v 0.252411 0.363117 0.256599
v 0.254309 0.336444 0.257853
v 0.258955 0.296009 0.260933
v 0.152559 0.363117 0.351688
v 0.153723 0.336444 0.353642
v 0.156572 0.296009 0.358433
v 0.021341 0.363117 0.394036
v 0.021540 0.336444 0.396303
v 0.022028 0.296009 0.401857
v -0.115261 0.363117 0.375259
v -0.116065 0.336444 0.377387
v -0.118032 0.296009 0.382600
v -0.230186 0.363117 0.299070
v -0.231831 0.336444 0.300640
v -0.235869 0.296009 0.304485
v -0.300670 0.363117 0.180564
v -0.302838 0.336444 0.181264
v -0.308140 0.296009 0.182976
v -0.312761 0.363117 0.043209
v -0.315015 0.336444 0.042900
v -0.320537 0.296009 0.042140
v -0.322580 0.237951 0.004930
v -0.311560 0.237951 -0.030030
v -0.296727 0.237951 -0.063546
v -0.326129 0.237951 0.150336
v -0.331368 0.237951 0.114058
v -0.332544 0.237951 0.077422
v -0.266236 0.237951 0.282881
v -0.286697 0.237951 0.252470
v -0.303655 0.237951 0.219972
v -0.154766 0.237951 0.376312
v -0.186397 0.237951 0.357790
v -0.215771 0.237951 0.335871
v -0.013795 0.237951 0.412129
v -0.050331 0.237951 0.409166
v -0.086309 0.237951 0.402159
v 0.128755 0.237951 0.383234
v 0.094552 0.237951 0.396413
v 0.059097 0.237951 0.405715
v 0.244648 0.237951 0.295348
v 0.219554 0.237951 0.322065
v 0.191645 0.237951 0.345825
v 0.310936 0.237951 0.165882
v 0.299916 0.237951 0.200842
v 0.285080 0.237951 0.234358
v 0.314482 0.237951 0.020476
v 0.319724 0.237951 0.056753
v 0.320900 0.237951 0.093390
v 0.254593 0.237951 -0.112069
v 0.275053 0.237951 -0.081658
v 0.292008 0.237951 -0.049160
v 0.143122 0.237951 -0.205504
v 0.174753 0.237951 -0.186982
v 0.204128 0.237951 -0.165059
v 0.002151 0.237951 -0.241318
v 0.038687 0.237951 -0.238355
v 0.074665 0.237951 -0.231351
v -0.140399 0.237951 -0.212422
v -0.106195 0.237951 -0.225604
v -0.070741 0.237951 -0.234903
v -0.256292 0.237951 -0.124536
v -0.231198 0.237951 -0.151253
v -0.203289 0.237951 -0.175013
v -0.179362 0.160832 -0.206358
v -0.186659 0.072971 -0.218626
v -0.193650 -0.014890 -0.230380
v -0.035586 0.160832 -0.252760
v -0.036837 0.072971 -0.266979
v -0.038035 -0.014890 -0.280602
v 0.114088 0.160832 -0.232183
v 0.119128 0.072971 -0.245538
v 0.123961 -0.014890 -0.258333
v 0.240008 0.160832 -0.148706
v 0.250347 0.072971 -0.158550
v 0.260251 -0.014890 -0.167981
v 0.317240 0.160832 -0.018859
v 0.330826 0.072971 -0.023243
v 0.343841 -0.014890 -0.027445
v 0.330485 0.160832 0.131638
v 0.344629 0.072971 0.133582
v 0.358177 -0.014890 0.135445
v 0.277121 0.160832 0.272980
v 0.289020 0.072971 0.280867
v 0.300418 -0.014890 0.288422
v 0.167718 0.160832 0.377169
v 0.175015 0.072971 0.389437
v 0.182006 -0.014890 0.401191
v 0.023939 0.160832 0.423571
v 0.025190 0.072971 0.437790
v 0.026391 -0.014890 0.451414
v -0.125732 0.160832 0.402994
v -0.130775 0.072971 0.416350
v -0.135604 -0.014890 0.429144
v -0.251655 0.160832 0.319518
v -0.261991 0.072971 0.329362
v -0.271894 -0.014890 0.338793
v -0.328887 0.160832 0.189671
v -0.342470 0.072971 0.194055
v -0.355485 -0.014890 0.198254
v -0.342132 0.160832 0.039171
v -0.356273 0.072971 0.037229
v -0.369820 -0.014890 0.035366
v -0.322627 -0.223363 -0.124615
v -0.326744 -0.192334 -0.127344
v -0.326154 -0.150298 -0.126954
v -0.295696 -0.092006 -0.157563
v -0.266652 -0.092006 -0.188482
v -0.234353 -0.092006 -0.215981
v -0.161568 -0.092006 -0.259272
v -0.121987 -0.092006 -0.274528
v -0.080954 -0.092006 -0.285289
v 0.003406 -0.092006 -0.292716
v 0.045688 -0.092006 -0.289286
v 0.087324 -0.092006 -0.281179
v 0.166552 -0.092006 -0.251266
v 0.203157 -0.092006 -0.229831
v 0.237155 -0.092006 -0.204460
v 0.295557 -0.092006 -0.143133
v 0.319239 -0.092006 -0.107940
v 0.338861 -0.092006 -0.070329
v 0.364872 -0.092006 0.010263
v 0.370936 -0.092006 0.052246
v 0.372298 -0.092006 0.094645
v 0.360764 -0.092006 0.178541
v 0.348011 -0.092006 0.219001
v 0.330842 -0.092006 0.257790
v 0.284049 -0.092006 0.328375
v 0.255006 -0.092006 0.359294
v 0.222709 -0.092006 0.386793
v 0.149924 -0.092006 0.430084
v 0.110340 -0.092006 0.445340
v 0.069310 -0.092006 0.456101
v -0.015050 -0.092006 0.463524
v -0.057332 -0.092006 0.460095
v -0.098971 -0.092006 0.451987
v -0.178195 -0.092006 0.422077
v -0.214804 -0.092006 0.400640
v -0.248799 -0.092006 0.375272
v -0.307201 -0.092006 0.313945
v -0.330883 -0.092006 0.278749
v -0.350504 -0.092006 0.241141
v -0.376515 -0.092006 0.160548
v -0.382580 -0.092006 0.118563
v -0.383942 -0.092006 0.076167
v -0.372408 -0.092006 -0.007732
v -0.359655 -0.092006 -0.048189
v -0.342489 -0.092006 -0.086979
v -0.233773 -0.330225 -0.105661
v -0.210933 -0.330225 -0.129973
v -0.185533 -0.330225 -0.151600
v -0.128298 -0.330225 -0.185642
v -0.097171 -0.330225 -0.197639
v -0.064903 -0.330225 -0.206102
v 0.001436 -0.330225 -0.211940
v 0.034684 -0.330225 -0.209242
v 0.067428 -0.330225 -0.202868
v 0.129729 -0.330225 -0.179344
v 0.158514 -0.330225 -0.162490
v 0.185250 -0.330225 -0.142537
v 0.231176 -0.330225 -0.094314
v 0.249798 -0.330225 -0.066635
v 0.265228 -0.330225 -0.037062
v 0.285682 -0.330225 0.026314
v 0.290451 -0.330225 0.059332
v 0.291522 -0.330225 0.092671
v 0.282454 -0.330225 0.158645
v 0.272424 -0.330225 0.190462
v 0.258924 -0.330225 0.220965
v 0.222126 -0.330225 0.276470
v 0.199289 -0.330225 0.300785
v 0.173890 -0.330225 0.322408
v 0.116654 -0.330225 0.356454
v 0.085527 -0.330225 0.368448
v 0.053259 -0.330225 0.376911
v -0.013080 -0.330225 0.382752
v -0.046328 -0.330225 0.380054
v -0.079072 -0.330225 0.373680
v -0.141373 -0.330225 0.350156
v -0.170161 -0.330225 0.333299
v -0.196894 -0.330225 0.313349
v -0.242820 -0.330225 0.265122
v -0.261442 -0.330225 0.237447
v -0.276875 -0.330225 0.207871
v -0.297329 -0.330225 0.144495
v -0.302098 -0.330225 0.111480
v -0.303166 -0.330225 0.078140
v -0.294098 -0.330225 0.012164
v -0.284071 -0.330225 -0.019650
v -0.270567 -0.330225 -0.050153
v -0.186139 -0.272315 -0.217749
v -0.176137 -0.294478 -0.200936
v -0.166180 -0.314115 -0.184199
v -0.267277 -0.314115 -0.087921
v -0.283510 -0.294478 -0.098682
v -0.299816 -0.272315 -0.109491
v -0.036745 -0.272315 -0.265964
v -0.035031 -0.294478 -0.246474
v -0.033322 -0.314115 -0.227076
v 0.118769 -0.272315 -0.244586
v 0.111860 -0.294478 -0.226282
v 0.104979 -0.314115 -0.208063
v 0.249609 -0.272315 -0.157847
v 0.235441 -0.294478 -0.144356
v 0.221338 -0.314115 -0.130925
v 0.329855 -0.272315 -0.022931
v 0.311239 -0.294478 -0.016920
v 0.292704 -0.314115 -0.010941
v 0.343620 -0.272315 0.133444
v 0.324238 -0.294478 0.130780
v 0.304944 -0.314115 0.128126
v 0.288172 -0.272315 0.280303
v 0.271863 -0.294478 0.269494
v 0.255633 -0.314115 0.258733
v 0.174492 -0.272315 0.388561
v 0.164493 -0.294478 0.371748
v 0.154536 -0.314115 0.355010
v 0.025102 -0.272315 0.436775
v 0.023387 -0.294478 0.417286
v 0.021678 -0.314115 0.397888
v -0.130413 -0.272315 0.415395
v -0.123504 -0.294478 0.397094
v -0.116626 -0.314115 0.378875
v -0.261253 -0.272315 0.328659
v -0.247084 -0.294478 0.315165
v -0.232982 -0.314115 0.301737
v -0.341502 -0.272315 0.193740
v -0.322883 -0.294478 0.187732
v -0.304348 -0.314115 0.181753
v -0.355264 -0.272315 0.037368
v -0.335882 -0.294478 0.040032
v -0.316588 -0.314115 0.042682
v -0.176846 -0.376274 -0.050115
v -0.148654 -0.376022 -0.064577
v -0.132834 -0.376274 -0.092028
v -0.101108 -0.376274 -0.110897
v -0.069436 -0.376022 -0.111697
v -0.043267 -0.376274 -0.129567
v -0.006501 -0.376274 -0.132801
v 0.022385 -0.376022 -0.119779
v 0.053713 -0.376274 -0.124523
v 0.088244 -0.376274 -0.111486
v 0.108616 -0.376022 -0.087221
v 0.138901 -0.376274 -0.077904
v 0.164358 -0.376274 -0.051174
v 0.172184 -0.376022 -0.020473
v 0.195425 -0.376274 0.001062
v 0.206763 -0.376274 0.036189
v 0.200493 -0.376022 0.067247
v 0.212093 -0.376274 0.096734
v 0.207065 -0.376274 0.133302
v 0.187942 -0.376022 0.158563
v 0.185597 -0.376274 0.190162
v 0.165203 -0.376274 0.220927
v 0.137010 -0.376022 0.235388
v 0.121187 -0.376274 0.262840
v 0.089464 -0.376274 0.281708
v 0.057789 -0.376022 0.282509
v 0.031623 -0.376274 0.300375
v -0.005146 -0.376274 0.303612
v -0.034028 -0.376022 0.290591
v -0.065357 -0.376274 0.295335
v -0.099888 -0.376274 0.282298
v -0.120263 -0.376022 0.258033
v -0.150545 -0.376274 0.248716
v -0.176002 -0.376274 0.221986
v -0.183828 -0.376022 0.191281
v -0.207072 -0.376274 0.169749
v -0.218407 -0.376274 0.134623
v -0.212140 -0.376022 0.103562
v -0.223737 -0.376274 0.074077
v -0.218709 -0.376274 0.037510
v -0.199586 -0.376022 0.012249
v -0.197240 -0.376274 -0.019351
v 0.092610 -0.380942 -0.175300
v 0.090665 -0.379814 -0.170143
v 0.084935 -0.378112 -0.154966
v -0.030240 -0.357355 -0.192047
v -0.030460 -0.350821 -0.194537
v -0.030968 -0.342181 -0.200309
v -0.207623 -0.380942 0.277586
v -0.203633 -0.379814 0.273784
v -0.191885 -0.378112 0.262597
v -0.104203 -0.357355 0.345976
v -0.105086 -0.350821 0.348315
v -0.107135 -0.342181 0.353737
v 0.195976 -0.380942 -0.106774
v 0.191989 -0.379814 -0.102972
v 0.180238 -0.378112 -0.091786
v -0.271021 -0.380942 0.170994
v -0.265776 -0.379814 0.169302
v -0.250337 -0.378112 0.164318
v 0.259377 -0.380942 -0.000183
v 0.254132 -0.379814 0.001510
v 0.238693 -0.378112 0.006490
v -0.281893 -0.380942 0.047455
v -0.276437 -0.379814 0.048205
v -0.260364 -0.378112 0.050414
v 0.270249 -0.380942 0.123357
v 0.264790 -0.379814 0.122607
v 0.248720 -0.378112 0.120397
v -0.238088 -0.380942 -0.068571
v -0.233496 -0.379814 -0.065526
v -0.219973 -0.378112 -0.056564
v 0.226441 -0.380942 0.239382
v 0.221852 -0.379814 0.236337
v 0.208329 -0.378112 0.227373
v 0.136632 -0.380942 0.324908
v 0.133817 -0.379814 0.320173
v 0.125524 -0.378112 0.306232
v -0.148279 -0.380942 -0.154099
v -0.145461 -0.379814 -0.149362
v -0.137168 -0.378112 -0.135420
v 0.018608 -0.380942 0.363001
v 0.018126 -0.379814 0.357513
v 0.016704 -0.378112 0.341352
v 0.092191 -0.368624 -0.174191
v 0.092184 -0.373885 -0.174175
v 0.092298 -0.378102 -0.174471
v -0.028348 -0.378112 -0.170541
v -0.029770 -0.379814 -0.186701
v -0.030252 -0.380942 -0.192189
v -0.206766 -0.368624 0.276769
v -0.206750 -0.373885 0.276753
v -0.206980 -0.378102 0.276974
v -0.096578 -0.378112 0.325778
v -0.102309 -0.379814 0.340955
v -0.104254 -0.380942 0.346109
v 0.195122 -0.368624 -0.105957
v 0.195106 -0.373885 -0.105945
v 0.195336 -0.378102 -0.106162
v -0.269896 -0.368624 0.170632
v -0.269877 -0.373885 0.170626
v -0.270180 -0.378102 0.170723
v 0.258249 -0.368624 0.000180
v 0.258233 -0.373885 0.000186
v 0.258536 -0.378102 0.000088
v -0.280720 -0.368624 0.047615
v -0.280701 -0.373885 0.047619
v -0.281017 -0.378102 0.047574
v 0.269076 -0.368624 0.123196
v 0.269058 -0.373885 0.123193
v 0.269373 -0.378102 0.123237
v -0.237102 -0.368624 -0.067918
v -0.237086 -0.373885 -0.067905
v -0.237351 -0.378102 -0.068082
v 0.225458 -0.368624 0.238727
v 0.225442 -0.373885 0.238717
v 0.225707 -0.378102 0.238894
v 0.136030 -0.368624 0.323893
v 0.136017 -0.373885 0.323877
v 0.136181 -0.378102 0.324148
v -0.147674 -0.368624 -0.153081
v -0.147664 -0.373885 -0.153065
v -0.147825 -0.378102 -0.153340
v 0.018504 -0.368624 0.361822
v 0.018504 -0.373885 0.361803
v 0.018533 -0.378102 0.362118
v -0.074407 -0.380593 0.355316
v -0.043749 -0.380593 0.361286
v -0.012616 -0.380593 0.363811
v -0.061139 -0.380593 -0.187533
v -0.091352 -0.380593 -0.179609
v -0.120496 -0.380593 -0.168378
v 0.049496 -0.380593 0.358345
v 0.079708 -0.380593 0.350421
v 0.108853 -0.380593 0.339190
v -0.174085 -0.380593 -0.136501
v -0.197868 -0.380593 -0.116255
v -0.219251 -0.380593 -0.093491
v 0.162441 -0.380593 0.307313
v 0.186224 -0.380593 0.287067
v 0.207608 -0.380593 0.264299
v 0.242060 -0.380593 0.212331
v 0.254703 -0.380593 0.183770
v 0.264093 -0.380593 0.153980
v -0.253704 -0.380593 -0.041519
v -0.266347 -0.380593 -0.012958
v -0.275737 -0.380593 0.016829
v 0.272585 -0.380593 0.092208
v 0.271579 -0.380593 0.060990
v 0.267116 -0.380593 0.030077
v -0.284229 -0.380593 0.078604
v -0.283226 -0.380593 0.109819
v -0.278760 -0.380593 0.140731
v 0.247964 -0.380593 -0.029261
v 0.233518 -0.380593 -0.056952
v 0.216080 -0.380593 -0.082865
v -0.259608 -0.380593 0.200072
v -0.245162 -0.380593 0.227764
v -0.227724 -0.380593 0.253677
v 0.173080 -0.380593 -0.128019
v 0.148049 -0.380593 -0.146698
v 0.121095 -0.380593 -0.162481
v -0.184723 -0.380593 0.298831
v -0.159693 -0.380593 0.317510
v -0.132739 -0.380593 0.333292
v 0.062763 -0.380593 -0.184507
v 0.032102 -0.380593 -0.190474
v 0.000972 -0.380593 -0.192999
v -0.030177 -0.378102 -0.191310
v -0.030148 -0.373885 -0.190991
v -0.030148 -0.368624 -0.191010
v -0.103942 -0.378102 0.345283
v -0.103828 -0.373885 0.344987
v -0.103838 -0.368624 0.345002
v 0.095488 -0.342181 -0.182925
v 0.093442 -0.350821 -0.177507
v 0.092559 -0.357355 -0.175168
v -0.213524 -0.342181 0.283206
v -0.209329 -0.350821 0.279212
v -0.207519 -0.357355 0.277488
v 0.201880 -0.342181 -0.112394
v 0.197685 -0.350821 -0.108400
v 0.195875 -0.357355 -0.106676
v -0.278779 -0.342181 0.173497
v -0.273266 -0.350821 0.171719
v -0.270886 -0.357355 0.170950
v 0.267135 -0.342181 -0.002689
v 0.261622 -0.350821 -0.000908
v 0.259242 -0.357355 -0.000142
v -0.289968 -0.342181 0.046342
v -0.284232 -0.350821 0.047133
v -0.281754 -0.357355 0.047474
v 0.278325 -0.342181 0.124467
v 0.272585 -0.350821 0.123678
v 0.270107 -0.357355 0.123338
v -0.244881 -0.342181 -0.073075
v -0.240052 -0.350821 -0.069875
v -0.237968 -0.357355 -0.068492
v 0.233237 -0.342181 0.243887
v 0.228408 -0.350821 0.240684
v 0.226325 -0.357355 0.239303
v 0.140802 -0.342181 0.331915
v 0.137839 -0.350821 0.326938
v 0.136559 -0.357355 0.324788
v -0.152446 -0.342181 -0.161103
v -0.149483 -0.350821 -0.156126
v -0.148206 -0.357355 -0.153976
v 0.019324 -0.342181 0.371121
v 0.018816 -0.350821 0.365349
v 0.018596 -0.357355 0.362859
v 0.062580 -0.362991 -0.183795
v 0.032005 -0.362991 -0.189746
v 0.000954 -0.362991 -0.192265
v -0.184251 -0.362991 0.298266
v -0.159286 -0.362991 0.316898
v -0.132405 -0.362991 0.332640
v 0.172607 -0.362991 -0.127455
v 0.147642 -0.362991 -0.146087
v 0.120761 -0.362991 -0.161828
v -0.258939 -0.362991 0.199770
v -0.244528 -0.362991 0.227388
v -0.227141 -0.362991 0.253232
v 0.247296 -0.362991 -0.028958
v 0.232884 -0.362991 -0.056577
v 0.215494 -0.362991 -0.082421
v -0.283494 -0.362991 0.078619
v -0.282492 -0.362991 0.109756
v -0.278041 -0.362991 0.140586
v 0.271850 -0.362991 0.092189
v 0.270848 -0.362991 0.061056
v 0.266394 -0.362991 0.030225
v -0.253051 -0.362991 -0.041185
v -0.265660 -0.362991 -0.012700
v -0.275024 -0.362991 0.017012
v 0.241407 -0.362991 0.211997
v 0.254016 -0.362991 0.183511
v 0.263381 -0.362991 0.153800
v 0.161997 -0.362991 0.306727
v 0.185716 -0.362991 0.286534
v 0.207043 -0.362991 0.263830
v -0.173644 -0.362991 -0.135918
v -0.197360 -0.362991 -0.115723
v -0.218690 -0.362991 -0.093018
v 0.049351 -0.362991 0.357623
v 0.079481 -0.362991 0.349721
v 0.108550 -0.362991 0.338519
v -0.060994 -0.362991 -0.186815
v -0.091125 -0.362991 -0.178909
v -0.120194 -0.362991 -0.167707
v -0.074224 -0.362991 0.354604
v -0.043649 -0.362991 0.360558
v -0.012597 -0.362991 0.363076
v -0.276613 0.391552 -0.094112
v -0.271683 0.393901 -0.090843
v -0.267437 0.389973 -0.088028
v -0.171907 0.391552 -0.193825
v -0.168884 0.393901 -0.188744
v -0.166281 0.389973 -0.184366
v -0.034306 0.391552 -0.238235
v -0.033789 0.393901 -0.232344
v -0.033341 0.389973 -0.227269
v 0.108938 0.391552 -0.218541
v 0.106848 0.393901 -0.213009
v 0.105048 0.389973 -0.208243
v 0.229448 0.391552 -0.138651
v 0.225168 0.393901 -0.134572
v 0.221480 0.389973 -0.131058
v 0.303365 0.391552 -0.014380
v 0.297738 0.393901 -0.012564
v 0.292890 0.389973 -0.011001
v 0.316039 0.391552 0.129652
v 0.310183 0.393901 0.128848
v 0.305136 0.389973 0.128154
v 0.264969 0.391552 0.264920
v 0.260039 0.393901 0.261655
v 0.255794 0.389973 0.258840
v 0.160263 0.391552 0.364637
v 0.157240 0.393901 0.359552
v 0.154637 0.389973 0.355174
v 0.022662 0.391552 0.409043
v 0.022142 0.393901 0.403155
v 0.021697 0.389973 0.398080
v -0.120582 0.391552 0.389352
v -0.118492 0.393901 0.383820
v -0.116692 0.389973 0.379054
v -0.241095 0.391552 0.309459
v -0.236812 0.393901 0.305384
v -0.233124 0.389973 0.301869
v -0.315009 0.391552 0.185191
v -0.309382 0.393901 0.183376
v -0.304534 0.389973 0.181809
v -0.327686 0.391552 0.041157
v -0.321827 0.393901 0.041964
v -0.316780 0.389973 0.042657
v 0.243333 -0.085699 -0.438944
v 0.244525 -0.094468 -0.451259
v 0.255702 -0.103237 -0.456958
v 0.302924 -0.115017 -0.443253
v 0.332941 -0.116520 -0.425601
v 0.360887 -0.115017 -0.404826
v 0.380121 -0.085699 -0.348262
v 0.391006 -0.094468 -0.354153
v 0.391901 -0.103237 -0.366667
v 0.274347 -0.073920 -0.400785
v 0.302589 -0.072416 -0.379814
v 0.332900 -0.073920 -0.361967
v 0.216537 -0.123972 -0.366367
v 0.229578 -0.110957 -0.385980
v 0.242271 -0.095489 -0.405037
v 0.197139 -0.218616 -0.336630
v 0.184229 -0.229554 -0.321642
v 0.167989 -0.240199 -0.309800
v 0.332474 -0.185245 -0.309626
v 0.350016 -0.161932 -0.336107
v 0.367144 -0.136407 -0.361970
v 0.301874 -0.138976 -0.261816
v 0.295314 -0.137901 -0.247307
v 0.293067 -0.127770 -0.230664
v 0.168919 -0.127770 -0.312968
v 0.183371 -0.137901 -0.321516
v 0.194180 -0.138976 -0.333207
v 0.261017 -0.136407 -0.432328
v 0.243860 -0.161932 -0.406481
v 0.226303 -0.185245 -0.380013
v 0.290511 -0.240199 -0.228574
v 0.295097 -0.229554 -0.248145
v 0.303872 -0.218616 -0.265872
v 0.349310 -0.095489 -0.334077
v 0.336698 -0.110957 -0.314969
v 0.323708 -0.123972 -0.295319
v 0.286684 -0.123713 -0.292123
v 0.257095 -0.120391 -0.311193
v 0.228011 -0.123713 -0.331017
v 0.235191 -0.214459 -0.341113
v 0.264440 -0.217781 -0.322270
v 0.293184 -0.214459 -0.302670
v 0.330388 -0.188454 -0.273746
v 0.334098 -0.169084 -0.268117
v 0.327809 -0.149718 -0.269116
v 0.190807 -0.149718 -0.359940
v 0.187437 -0.169084 -0.365346
v 0.194066 -0.188454 -0.364120
v 0.267245 0.074578 -0.474906
v 0.270303 0.075023 -0.490055
v 0.283340 0.075464 -0.498585
v 0.333054 0.076060 -0.488690
v 0.363387 0.076136 -0.471527
v 0.391009 0.076060 -0.450273
v 0.403935 0.074578 -0.384290
v 0.416698 0.075023 -0.393002
v 0.419481 0.075464 -0.408331
v 0.295718 0.073983 -0.432968
v 0.323614 0.073907 -0.411530
v 0.354221 0.073983 -0.394184
v 0.410123 0.004555 -0.426865
v 0.411551 0.026853 -0.429015
v 0.411910 0.050355 -0.429557
v 0.377972 -0.023584 -0.377500
v 0.374104 -0.042178 -0.371650
v 0.368380 -0.060542 -0.362988
v 0.275548 0.013444 -0.455054
v 0.276572 0.032328 -0.456596
v 0.276638 0.052350 -0.456700
v 0.298608 -0.039398 -0.488974
v 0.293852 -0.062109 -0.481803
v 0.286548 -0.085718 -0.470793
v 0.254287 0.174727 -0.455357
v 0.256704 0.179852 -0.469545
v 0.269108 0.184977 -0.477119
v 0.317968 0.191861 -0.465935
v 0.348194 0.192741 -0.448608
v 0.375923 0.191861 -0.427518
v 0.390977 0.174727 -0.364738
v 0.403103 0.179852 -0.372495
v 0.405250 0.184977 -0.386865
v 0.283614 0.167842 -0.414704
v 0.311617 0.166966 -0.393431
v 0.342113 0.167842 -0.375921
v 0.302637 0.103682 -0.495048
v 0.299198 0.132826 -0.489863
v 0.294933 0.161822 -0.483433
v 0.401007 0.161822 -0.413113
v 0.405272 0.132826 -0.419543
v 0.408708 0.103682 -0.424728
v 0.373666 0.147899 -0.371004
v 0.377206 0.123319 -0.376347
v 0.380273 0.098251 -0.380968
v 0.273401 0.098251 -0.451817
v 0.270337 0.123319 -0.447193
v 0.266797 0.147899 -0.441853
v 0.234407 0.237816 -0.425371
v 0.234167 0.248612 -0.435549
v 0.243910 0.259407 -0.439108
v 0.289199 0.273904 -0.422537
v 0.318968 0.275757 -0.404520
v 0.347151 0.273904 -0.384117
v 0.371097 0.237816 -0.334755
v 0.380566 0.248612 -0.338496
v 0.380052 0.259407 -0.348854
v 0.267308 0.223316 -0.390109
v 0.295768 0.221466 -0.369526
v 0.325808 0.223316 -0.351325
v 0.391144 0.213816 -0.398232
v 0.385272 0.235266 -0.389374
v 0.378035 0.253478 -0.378459
v 0.358271 0.218815 -0.347783
v 0.362816 0.205872 -0.354638
v 0.366555 0.189828 -0.360277
v 0.259683 0.189828 -0.431124
v 0.255948 0.205872 -0.425488
v 0.251403 0.218815 -0.418632
v 0.271961 0.253478 -0.448779
v 0.279198 0.235266 -0.459694
v 0.285070 0.213816 -0.468552
v 0.192002 0.256375 -0.358711
v 0.187683 0.270298 -0.362493
v 0.193158 0.284221 -0.359779
v 0.232099 0.302916 -0.335196
v 0.260591 0.305302 -0.316463
v 0.288938 0.302916 -0.297516
v 0.326211 0.256375 -0.269740
v 0.331377 0.270298 -0.267231
v 0.326744 0.284221 -0.271221
v 0.229808 0.237683 -0.332416
v 0.258467 0.235294 -0.313261
v 0.287270 0.237683 -0.294323
v 0.344654 0.236252 -0.327275
v 0.335147 0.241207 -0.313160
v 0.323967 0.243987 -0.296911
v 0.217905 0.243987 -0.367225
v 0.228515 0.241207 -0.383849
v 0.237814 0.236252 -0.398102
v 0.251236 0.279839 -0.417478
v 0.237849 0.288095 -0.397043
v 0.223296 0.293330 -0.374443
v 0.328515 0.293330 -0.304690
v 0.343667 0.288095 -0.326894
v 0.357275 0.279839 -0.347180
v 0.147983 0.246295 -0.280722
v 0.142356 0.261160 -0.281450
v 0.145735 0.276022 -0.276214
v 0.179135 0.295984 -0.250043
v 0.204894 0.298531 -0.232451
v 0.231128 0.295984 -0.215571
v 0.271519 0.246295 -0.198824
v 0.274381 0.261160 -0.193929
v 0.268241 0.276022 -0.194998
v 0.185092 0.226336 -0.260148
v 0.211844 0.223789 -0.242928
v 0.238117 0.226336 -0.224996
v 0.295702 0.295685 -0.258462
v 0.279626 0.293863 -0.236700
v 0.265190 0.291133 -0.217548
v 0.270032 0.238342 -0.223420
v 0.283113 0.241771 -0.240703
v 0.297262 0.244019 -0.259716
v 0.194044 0.244019 -0.328145
v 0.182041 0.241771 -0.307707
v 0.171214 0.238342 -0.288930
v 0.167690 0.291133 -0.282184
v 0.179708 0.293863 -0.302938
v 0.193496 0.295685 -0.326216
v -0.340742 -0.038818 -0.136624
v -0.331459 0.035505 -0.130471
v -0.321587 0.108697 -0.123928
v -0.184802 0.280857 -0.215505
v -0.186965 0.254664 -0.219143
v -0.189915 0.220088 -0.224104
v -0.036430 0.279461 -0.263590
v -0.036761 0.252624 -0.267912
v -0.037247 0.217702 -0.273718
v 0.105338 0.274522 -0.255682
v 0.102892 0.248391 -0.261913
v 0.108657 0.217390 -0.264794
v 0.265061 0.274522 -0.149797
v 0.271753 0.248391 -0.149970
v 0.272159 0.217390 -0.156400
v 0.327548 0.279461 -0.022295
v 0.331658 0.252624 -0.023675
v 0.337193 0.217702 -0.025488
v 0.341029 0.280857 0.133087
v 0.345225 0.254664 0.133664
v 0.350942 0.220088 0.134449
v 0.285994 0.280857 0.278859
v 0.289521 0.254664 0.281198
v 0.294331 0.220088 0.284388
v 0.173158 0.280857 0.386314
v 0.175321 0.254664 0.389954
v 0.178271 0.220088 0.394913
v 0.024872 0.280857 0.434172
v 0.025243 0.254664 0.438389
v 0.025751 0.220088 0.444139
v -0.129493 0.280857 0.412952
v -0.130987 0.254664 0.416914
v -0.133026 0.220088 0.422310
v -0.259362 0.280857 0.326856
v -0.262426 0.254664 0.329775
v -0.266605 0.220088 0.333756
v -0.339015 0.280857 0.192939
v -0.343043 0.254664 0.194238
v -0.348534 0.220088 0.196013
v -0.352676 0.280857 0.037724
v -0.356868 0.254664 0.037147
v -0.362586 0.220088 0.036359
v -0.287973 0.172306 -0.151092
v -0.259702 0.172306 -0.181185
v -0.228266 0.172306 -0.207953
v -0.157417 0.172271 -0.250096
v -0.118876 0.172038 -0.264983
v -0.078895 0.171398 -0.275565
v 0.003374 0.168353 -0.283392
v 0.044389 0.167067 -0.280996
v 0.084509 0.167757 -0.274872
v 0.166675 0.156589 -0.247704
v 0.201562 0.152129 -0.227420
v 0.233830 0.156589 -0.203184
v 0.290845 0.167757 -0.138084
v 0.312109 0.167067 -0.103515
v 0.330287 0.168353 -0.066670
v 0.355113 0.171398 0.012154
v 0.360935 0.172038 0.053097
v 0.362230 0.172271 0.094396
v 0.350999 0.172306 0.176060
v 0.338586 0.172306 0.215442
v 0.321874 0.172306 0.253198
v 0.276329 0.172306 0.321904
v 0.248058 0.172306 0.351997
v 0.216619 0.172306 0.378764
v 0.145776 0.172306 0.420901
v 0.107248 0.172306 0.435751
v 0.067308 0.172306 0.446225
v -0.014804 0.172306 0.453453
v -0.055961 0.172306 0.450115
v -0.096487 0.172306 0.442225
v -0.173606 0.172306 0.413110
v -0.209237 0.172306 0.392243
v -0.242328 0.172306 0.367549
v -0.299176 0.172306 0.307858
v -0.322224 0.172306 0.273598
v -0.341325 0.172306 0.236993
v -0.366640 0.172306 0.158547
v -0.372544 0.172306 0.117680
v -0.373871 0.172306 0.076413
v -0.362643 0.172306 -0.005251
v -0.350230 0.172306 -0.044630
v -0.333521 0.172306 -0.082386
v 0.252036 0.228444 -0.199619
v 0.249243 0.219533 -0.192274
v 0.252017 0.204098 -0.184816
v 0.245436 0.286392 -0.191552
v 0.241483 0.286471 -0.183064
v 0.242041 0.289976 -0.173667
v 0.156298 0.228444 -0.263086
v 0.150621 0.219533 -0.257655
v 0.142675 0.204098 -0.257305
v 0.151437 0.286392 -0.253866
v 0.145158 0.286471 -0.246922
v 0.136288 0.289976 -0.243773
v 0.392632 -0.085718 -0.400467
v 0.399929 -0.062109 -0.411480
v 0.404682 -0.039398 -0.418654
v 0.383510 0.052350 -0.385850
v 0.383441 0.032328 -0.385749
v 0.382416 0.013444 -0.384205
v 0.261474 -0.060542 -0.433863
v 0.267223 -0.042178 -0.442506
v 0.271100 -0.023584 -0.448347
v 0.305836 0.050355 -0.499877
v 0.305477 0.026853 -0.499335
v 0.304052 0.004555 -0.497182
v 0.329707 -0.019026 -0.483638
v 0.359976 -0.019603 -0.466383
v 0.387658 -0.019026 -0.445220
v 0.352515 -0.003284 -0.391612
v 0.321968 -0.002708 -0.409050
v 0.294013 -0.003284 -0.430396
v 0.265070 -0.007795 -0.471622
v 0.267775 -0.011155 -0.486241
v 0.280462 -0.014515 -0.494244
v 0.416604 -0.014515 -0.403991
v 0.414173 -0.011155 -0.389188
v 0.401760 -0.007795 -0.381006
v -0.268916 0.326282 -0.135117
v -0.266161 0.348394 -0.132807
v -0.263002 0.367887 -0.130159
v -0.242555 0.326282 -0.163180
v -0.240074 0.348394 -0.160574
v -0.237234 0.367887 -0.157592
v -0.213240 0.326282 -0.188139
v -0.211069 0.348394 -0.185273
v -0.208578 0.367887 -0.181989
v -0.147179 0.326279 -0.227433
v -0.145697 0.348394 -0.224154
v -0.144002 0.367887 -0.220397
v -0.111251 0.326244 -0.241283
v -0.110148 0.348385 -0.237857
v -0.108884 0.367887 -0.233932
v -0.074006 0.326150 -0.251067
v -0.073297 0.348356 -0.247527
v -0.072481 0.367880 -0.243483
v 0.002599 0.325686 -0.257926
v 0.002482 0.348221 -0.254232
v 0.002366 0.367864 -0.250074
v 0.041042 0.325374 -0.255177
v 0.040496 0.348126 -0.251259
v 0.039885 0.367852 -0.247045
v 0.079024 0.325195 -0.248564
v 0.077972 0.348088 -0.244195
v 0.076837 0.367849 -0.239880
v 0.151210 0.328426 -0.221280
v 0.149130 0.348958 -0.217324
v 0.147128 0.367956 -0.213340
v 0.184301 0.329740 -0.201384
v 0.182006 0.349343 -0.197923
v 0.179604 0.368006 -0.194304
v 0.215513 0.328426 -0.178654
v 0.212676 0.348958 -0.175196
v 0.209786 0.367956 -0.171801
v 0.268752 0.325195 -0.122790
v 0.265136 0.348088 -0.120117
v 0.261603 0.367849 -0.117393
v 0.289631 0.325374 -0.090380
v 0.286236 0.348126 -0.088350
v 0.282593 0.367852 -0.086147
v 0.307132 0.325686 -0.056038
v 0.303775 0.348221 -0.054493
v 0.299989 0.367864 -0.052769
v 0.330643 0.326150 0.017188
v 0.327106 0.348356 0.017913
v 0.323062 0.367880 0.018736
v 0.336137 0.326244 0.055307
v 0.332550 0.348385 0.055625
v 0.328443 0.367887 0.055987
v 0.337366 0.326279 0.093790
v 0.333770 0.348394 0.093702
v 0.329650 0.367887 0.093604
v 0.326898 0.326282 0.169939
v 0.323412 0.348394 0.169053
v 0.319418 0.367887 0.168038
v 0.315324 0.326282 0.206657
v 0.311961 0.348394 0.205387
v 0.308106 0.367887 0.203934
v 0.299743 0.326282 0.241866
v 0.296541 0.348394 0.240227
v 0.292872 0.367887 0.238348
v 0.257272 0.326282 0.305929
v 0.254514 0.348394 0.303619
v 0.251359 0.367887 0.300971
v 0.230911 0.326282 0.333992
v 0.228430 0.348394 0.331385
v 0.225590 0.367887 0.328403
v 0.201597 0.326282 0.358950
v 0.199422 0.348394 0.356085
v 0.196935 0.367887 0.352801
v 0.135535 0.326282 0.398241
v 0.134054 0.348394 0.394963
v 0.132358 0.367887 0.391209
v 0.099611 0.326282 0.412088
v 0.098504 0.348394 0.408665
v 0.097240 0.367887 0.404744
v 0.062369 0.326282 0.421857
v 0.061653 0.348394 0.418329
v 0.060837 0.367887 0.414292
v -0.014199 0.326282 0.428596
v -0.014110 0.348394 0.424999
v -0.014009 0.367887 0.420879
v -0.052572 0.326282 0.425481
v -0.052084 0.348394 0.421920
v -0.051522 0.367887 0.417838
v -0.090366 0.326282 0.418125
v -0.089480 0.348394 0.414638
v -0.088465 0.367887 0.410645
v -0.162274 0.326282 0.390976
v -0.160632 0.348394 0.387773
v -0.158757 0.367887 0.384104
v -0.195497 0.326282 0.371518
v -0.193508 0.348394 0.368520
v -0.191232 0.367887 0.365087
v -0.226353 0.326282 0.348492
v -0.224043 0.348394 0.345737
v -0.221395 0.367887 0.342578
v -0.279362 0.326282 0.292832
v -0.276493 0.348394 0.290657
v -0.273212 0.367887 0.288170
v -0.300853 0.326282 0.260889
v -0.297760 0.348394 0.259048
v -0.294221 0.367887 0.256942
v -0.318662 0.326282 0.226755
v -0.315384 0.348394 0.225273
v -0.311630 0.367887 0.223578
v -0.354832 0.220088 -0.003266
v -0.349240 0.254664 -0.001844
v -0.345136 0.280857 -0.000801
v -0.342690 0.220088 -0.041784
v -0.337294 0.254664 -0.039745
v -0.333332 0.280857 -0.038251
v -0.326344 0.220088 -0.078714
v -0.321209 0.254664 -0.076085
v -0.317439 0.280857 -0.074153
v -0.342271 0.326282 0.153608
v -0.338744 0.348394 0.152892
v -0.334706 0.367887 0.152072
v -0.347775 0.326282 0.115502
v -0.344191 0.348394 0.115187
v -0.340087 0.367887 0.114824
v -0.349010 0.326282 0.077018
v -0.345414 0.348394 0.077106
v -0.341297 0.367887 0.077207
v -0.338542 0.326282 0.000873
v -0.335056 0.348394 0.001759
v -0.331062 0.367887 0.002774
v -0.326968 0.326282 -0.035849
v -0.323604 0.348394 -0.034578
v -0.319749 0.367887 -0.033122
v -0.311387 0.326282 -0.071054
v -0.308184 0.348394 -0.069415
v -0.304515 0.367887 -0.067537
v 0.001619 -0.387530 -0.221012
v 0.035901 -0.387530 -0.218093
v 0.069701 -0.387530 -0.211653
v 0.001143 -0.390014 -0.212668
v 0.034627 -0.390033 -0.208838
v 0.067904 -0.390014 -0.203489
v -0.000556 -0.391650 -0.190739
v 0.031226 -0.391713 -0.184101
v 0.063623 -0.391650 -0.181916
v -0.358741 0.220088 0.156946
v -0.353086 0.254664 0.155798
v -0.348938 0.280857 0.154957
v -0.364515 0.220088 0.116974
v -0.358766 0.254664 0.116470
v -0.354552 0.280857 0.116098
v -0.365811 0.220088 0.076608
v -0.360043 0.254664 0.076750
v -0.355809 0.280857 0.076854
v -0.292752 0.220088 0.302985
v -0.288153 0.254664 0.299499
v -0.284780 0.280857 0.296942
v -0.315296 0.220088 0.269478
v -0.310337 0.254664 0.266528
v -0.306700 0.280857 0.264366
v -0.333978 0.220088 0.233674
v -0.328720 0.254664 0.231297
v -0.324862 0.280857 0.229554
v -0.169931 0.220088 0.405932
v -0.167302 0.254664 0.400797
v -0.165373 0.280857 0.397028
v -0.204783 0.220088 0.385526
v -0.201593 0.254664 0.380716
v -0.199255 0.280857 0.377188
v -0.237149 0.220088 0.361371
v -0.233442 0.254664 0.356949
v -0.230722 0.280857 0.353705
v -0.014608 0.220088 0.445396
v -0.014467 0.254664 0.439628
v -0.014362 0.280857 0.435395
v -0.054861 0.220088 0.442131
v -0.054076 0.254664 0.436413
v -0.053499 0.280857 0.432221
v -0.094504 0.220088 0.434411
v -0.093083 0.254664 0.428820
v -0.092039 0.280857 0.424716
v 0.142457 0.220088 0.413557
v 0.140080 0.254664 0.408299
v 0.138337 0.280857 0.404441
v 0.104771 0.220088 0.428079
v 0.102999 0.254664 0.422591
v 0.101701 0.280857 0.418559
v 0.065707 0.220088 0.438326
v 0.064559 0.254664 0.432671
v 0.063721 0.280857 0.428523
v 0.270151 0.220088 0.316725
v 0.265729 0.254664 0.313018
v 0.262485 0.280857 0.310298
v 0.242501 0.220088 0.346159
v 0.238520 0.254664 0.341983
v 0.235601 0.280857 0.338916
v 0.211749 0.220088 0.372340
v 0.208263 0.254664 0.367745
v 0.205707 0.280857 0.364369
v 0.343185 0.220088 0.174077
v 0.337593 0.254664 0.172656
v 0.333493 0.280857 0.171612
v 0.331046 0.220088 0.212593
v 0.325647 0.254664 0.210556
v 0.321688 0.280857 0.209059
v 0.314700 0.220088 0.249526
v 0.309565 0.254664 0.246894
v 0.305795 0.280857 0.244965
v 0.347223 0.219083 0.013743
v 0.341549 0.253803 0.014909
v 0.337366 0.280268 0.015783
v 0.352909 0.219792 0.053800
v 0.347157 0.254408 0.054310
v 0.342927 0.280681 0.054692
v 0.354170 0.220050 0.094197
v 0.348402 0.254632 0.094058
v 0.344169 0.280835 0.093954
v 0.288055 0.213768 -0.130925
v 0.285139 0.247997 -0.126058
v 0.279869 0.275748 -0.124621
v 0.306167 0.213916 -0.098894
v 0.301619 0.249050 -0.095461
v 0.297281 0.276876 -0.093478
v 0.323110 0.215663 -0.063332
v 0.317836 0.250840 -0.060832
v 0.313767 0.278222 -0.058991
v 0.003094 0.215663 -0.275483
v 0.002845 0.250840 -0.269652
v 0.002734 0.278222 -0.265185
v 0.042448 0.213916 -0.273724
v 0.041054 0.249050 -0.268199
v 0.040919 0.276876 -0.263429
v 0.079002 0.213768 -0.269513
v 0.075655 0.247997 -0.264933
v 0.076383 0.275748 -0.259521
v -0.154098 0.220050 -0.242752
v -0.151721 0.254632 -0.237494
v -0.149981 0.280835 -0.233633
v -0.116399 0.219792 -0.257318
v -0.114627 0.254408 -0.251820
v -0.113332 0.280681 -0.247779
v -0.077288 0.219083 -0.267678
v -0.076153 0.253803 -0.262002
v -0.075327 0.280268 -0.257806
v -0.281795 0.220088 -0.145913
v -0.277373 0.254664 -0.142206
v -0.274129 0.280857 -0.139486
v -0.254145 0.220088 -0.175348
v -0.250167 0.254664 -0.171171
v -0.247245 0.280857 -0.168104
v -0.223393 0.220088 -0.201529
v -0.219907 0.254664 -0.196933
v -0.217351 0.280857 -0.193560
v -0.318886 -0.232498 -0.177002
v -0.323280 -0.200082 -0.180684
v -0.323658 -0.159048 -0.181002
v -0.287516 -0.232498 -0.210392
v -0.291472 -0.200082 -0.214544
v -0.291812 -0.159048 -0.214903
v -0.252635 -0.232498 -0.240091
v -0.256099 -0.200082 -0.244662
v -0.256399 -0.159048 -0.245056
v -0.174028 -0.232473 -0.286843
v -0.176392 -0.200047 -0.292066
v -0.176594 -0.159007 -0.292517
v -0.131292 -0.232303 -0.303291
v -0.133058 -0.199798 -0.308734
v -0.133212 -0.158708 -0.309195
v -0.087006 -0.231846 -0.314840
v -0.088162 -0.199121 -0.320410
v -0.088273 -0.157904 -0.320864
v 0.003850 -0.229545 -0.322783
v 0.003816 -0.195748 -0.328315
v 0.003853 -0.153929 -0.328624
v 0.048626 -0.227836 -0.320920
v 0.048575 -0.193333 -0.326443
v 0.049171 -0.151370 -0.326336
v 0.091009 -0.225932 -0.317835
v 0.089827 -0.191017 -0.323578
v 0.091932 -0.149642 -0.322481
v 0.209124 -0.171363 -0.386843
v 0.201420 -0.154607 -0.386449
v 0.203715 -0.137853 -0.379426
v 0.225663 -0.150383 -0.411754
v 0.216723 -0.136444 -0.409485
v 0.217786 -0.122506 -0.400589
v 0.241811 -0.127136 -0.436060
v 0.231658 -0.115946 -0.431931
v 0.231497 -0.104760 -0.421179
v 0.327888 -0.225932 -0.160801
v 0.333638 -0.191017 -0.161945
v 0.331806 -0.149642 -0.163461
v 0.347232 -0.227836 -0.122963
v 0.352339 -0.193333 -0.125069
v 0.352008 -0.151370 -0.125573
v 0.366385 -0.229545 -0.082446
v 0.371491 -0.195748 -0.084571
v 0.371762 -0.153929 -0.084725
v 0.394444 -0.231846 0.004331
v 0.400024 -0.199121 0.003228
v 0.400487 -0.157904 0.003152
v 0.401051 -0.232303 0.049617
v 0.406753 -0.199798 0.049125
v 0.407236 -0.158708 0.049091
v 0.402545 -0.232473 0.095388
v 0.408276 -0.200047 0.095527
v 0.408768 -0.159007 0.095543
v 0.390091 -0.232498 0.185992
v 0.395649 -0.200082 0.187404
v 0.396128 -0.159048 0.187527
v 0.376320 -0.232498 0.229686
v 0.381682 -0.200082 0.231713
v 0.382145 -0.159048 0.231887
v 0.357776 -0.232498 0.271581
v 0.362879 -0.200082 0.274194
v 0.363321 -0.159048 0.274421
v 0.307239 -0.232498 0.347811
v 0.311636 -0.200082 0.351496
v 0.312014 -0.159048 0.351814
v 0.275872 -0.232498 0.381204
v 0.279828 -0.200082 0.385355
v 0.280169 -0.159048 0.385715
v 0.240991 -0.232498 0.410903
v 0.244455 -0.200082 0.415474
v 0.244752 -0.159048 0.415864
v 0.162385 -0.232498 0.457658
v 0.164745 -0.200082 0.462884
v 0.164947 -0.159048 0.463335
v 0.119636 -0.232498 0.474134
v 0.121395 -0.200082 0.479590
v 0.121546 -0.159048 0.480060
v 0.075321 -0.232498 0.485756
v 0.076459 -0.200082 0.491376
v 0.076556 -0.159048 0.491861
v -0.015787 -0.232498 0.493775
v -0.015929 -0.200082 0.499508
v -0.015942 -0.159048 0.500000
v -0.061452 -0.232498 0.490071
v -0.062233 -0.200082 0.495751
v -0.062299 -0.159048 0.496240
v -0.106422 -0.232498 0.481314
v -0.107835 -0.200082 0.486875
v -0.107954 -0.159048 0.487351
v -0.191986 -0.232498 0.449009
v -0.194599 -0.200082 0.454115
v -0.194826 -0.159048 0.454553
v -0.231519 -0.232498 0.425860
v -0.234690 -0.200082 0.430638
v -0.234961 -0.159048 0.431051
v -0.268238 -0.232498 0.398459
v -0.271923 -0.200082 0.402856
v -0.272238 -0.159048 0.403234
v -0.331311 -0.232498 0.332227
v -0.335882 -0.200082 0.335691
v -0.336276 -0.159048 0.335991
v -0.356887 -0.232498 0.294216
v -0.361814 -0.200082 0.297147
v -0.362240 -0.159048 0.297400
v -0.378079 -0.232498 0.253598
v -0.383305 -0.200082 0.255962
v -0.383756 -0.159048 0.256164
v -0.406170 -0.232498 0.166559
v -0.411790 -0.200082 0.167697
v -0.412276 -0.159048 0.167798
v -0.412720 -0.232498 0.121217
v -0.418432 -0.200082 0.121718
v -0.418924 -0.159048 0.121762
v -0.414192 -0.232498 0.075426
v -0.419923 -0.200082 0.075288
v -0.420418 -0.159048 0.075275
v -0.401735 -0.232498 -0.015180
v -0.407292 -0.200082 -0.016593
v -0.407771 -0.159048 -0.016716
v -0.387964 -0.232498 -0.058878
v -0.393329 -0.200082 -0.060901
v -0.393789 -0.159048 -0.061075
v -0.369420 -0.232498 -0.100769
v -0.374523 -0.200082 -0.103382
v -0.374965 -0.159048 -0.103609
v -0.212002 -0.327017 -0.186506
v -0.241143 -0.327017 -0.161696
v -0.267346 -0.327017 -0.133803
v -0.223721 -0.307745 -0.201961
v -0.254517 -0.307745 -0.175742
v -0.282211 -0.307745 -0.146260
v -0.235611 -0.285034 -0.217642
v -0.268090 -0.285034 -0.189992
v -0.297291 -0.285034 -0.158903
v -0.073606 -0.327010 -0.249037
v -0.110624 -0.327017 -0.239329
v -0.146337 -0.327017 -0.225563
v -0.077461 -0.307701 -0.268038
v -0.116582 -0.307732 -0.257784
v -0.154325 -0.307742 -0.243240
v -0.081376 -0.284889 -0.287310
v -0.122627 -0.284990 -0.276504
v -0.162426 -0.285028 -0.261173
v 0.078268 -0.326976 -0.245434
v 0.040667 -0.326979 -0.252675
v 0.002504 -0.326991 -0.255735
v 0.083400 -0.307420 -0.264987
v 0.043418 -0.307452 -0.272123
v 0.002983 -0.307549 -0.275133
v 0.088954 -0.283842 -0.285951
v 0.046268 -0.284032 -0.292154
v 0.003463 -0.284375 -0.294812
v 0.213505 -0.327102 -0.176252
v 0.182810 -0.327155 -0.199133
v 0.149779 -0.327102 -0.218500
v 0.226760 -0.308426 -0.192098
v 0.194148 -0.308864 -0.216236
v 0.159214 -0.308426 -0.236879
v 0.241363 -0.287571 -0.209904
v 0.206649 -0.289084 -0.235095
v 0.169928 -0.287571 -0.257261
v 0.305152 -0.326991 -0.055102
v 0.287472 -0.326979 -0.089059
v 0.266164 -0.326976 -0.120873
v 0.322832 -0.307549 -0.063095
v 0.304314 -0.307452 -0.099165
v 0.282173 -0.307420 -0.133210
v 0.340771 -0.284375 -0.071196
v 0.321653 -0.284032 -0.109592
v 0.299321 -0.283842 -0.146490
v 0.335318 -0.327017 0.093740
v 0.334088 -0.327017 0.055489
v 0.328616 -0.327010 0.017611
v 0.354709 -0.307742 0.094216
v 0.353407 -0.307732 0.053790
v 0.347623 -0.307701 0.013762
v 0.374381 -0.285028 0.094695
v 0.373007 -0.284990 0.052069
v 0.366895 -0.284889 0.009866
v 0.297918 -0.327017 0.240930
v 0.313407 -0.327017 0.205935
v 0.324913 -0.327017 0.169434
v 0.315182 -0.307745 0.249771
v 0.331554 -0.307745 0.212785
v 0.343712 -0.307745 0.174210
v 0.332698 -0.285034 0.258739
v 0.349962 -0.285034 0.219735
v 0.362785 -0.285034 0.179054
v 0.200358 -0.327017 0.357318
v 0.229499 -0.327017 0.332507
v 0.255702 -0.327017 0.304612
v 0.212077 -0.307745 0.372772
v 0.242873 -0.307745 0.346553
v 0.270567 -0.307745 0.317072
v 0.223967 -0.285034 0.388454
v 0.256443 -0.285034 0.360801
v 0.285647 -0.285034 0.329712
v 0.061962 -0.327017 0.419849
v 0.098980 -0.327017 0.410137
v 0.134693 -0.327017 0.396375
v 0.065814 -0.307745 0.438856
v 0.104938 -0.307745 0.428596
v 0.142678 -0.307745 0.414049
v 0.069723 -0.285034 0.458143
v 0.110980 -0.285034 0.447322
v 0.150782 -0.285034 0.431984
v -0.089861 -0.327017 0.416139
v -0.052295 -0.327017 0.423452
v -0.014148 -0.327017 0.426547
v -0.094637 -0.307745 0.434938
v -0.054936 -0.307745 0.442667
v -0.014621 -0.307745 0.445935
v -0.099481 -0.285034 0.454008
v -0.057615 -0.285034 0.462159
v -0.015100 -0.285034 0.465608
v -0.225039 -0.327017 0.346922
v -0.194366 -0.327017 0.369812
v -0.161338 -0.327017 0.389151
v -0.237496 -0.307745 0.361787
v -0.205083 -0.307745 0.385976
v -0.170180 -0.307745 0.406414
v -0.250139 -0.285034 0.376867
v -0.215954 -0.285034 0.402377
v -0.179147 -0.285034 0.423931
v -0.316796 -0.327017 0.225910
v -0.299094 -0.327017 0.259839
v -0.277729 -0.327017 0.291593
v -0.334473 -0.307745 0.233898
v -0.315762 -0.307745 0.269756
v -0.293184 -0.307745 0.303313
v -0.352405 -0.285034 0.241998
v -0.332673 -0.285034 0.279814
v -0.308862 -0.285034 0.315203
v -0.346965 -0.327017 0.077069
v -0.345735 -0.327017 0.115322
v -0.340263 -0.327017 0.153201
v -0.366353 -0.307745 0.076596
v -0.365054 -0.307745 0.117021
v -0.359273 -0.307745 0.157053
v -0.386025 -0.285034 0.076113
v -0.384657 -0.285034 0.118745
v -0.378558 -0.285034 0.160961
v -0.309562 -0.327017 -0.070121
v -0.325051 -0.327017 -0.035124
v -0.336556 -0.327017 0.001377
v -0.326826 -0.307745 -0.078960
v -0.343198 -0.307745 -0.041973
v -0.355355 -0.307745 -0.003398
v -0.344342 -0.285034 -0.087928
v -0.361606 -0.285034 -0.048924
v -0.374429 -0.285034 -0.008243
v -0.005823 -0.393901 0.085406
v -0.160096 -0.393210 -0.016867
v -0.109382 -0.393425 -0.023338
v -0.100443 -0.393210 -0.073677
v -0.051945 -0.393425 -0.057504
v -0.022050 -0.393210 -0.098976
v 0.014630 -0.393425 -0.063363
v 0.059557 -0.393210 -0.087757
v 0.077152 -0.393425 -0.039757
v 0.128216 -0.393210 -0.042241
v 0.123239 -0.393425 0.008640
v 0.170325 -0.393210 0.028555
v 0.143765 -0.393425 0.072240
v 0.177549 -0.393210 0.110613
v 0.134665 -0.393425 0.138449
v 0.148452 -0.393210 0.187678
v 0.097738 -0.393425 0.194150
v 0.088799 -0.393210 0.244485
v 0.040301 -0.393425 0.228312
v 0.010407 -0.393210 0.269787
v -0.026274 -0.393425 0.234172
v -0.071201 -0.393210 0.258569
v -0.088796 -0.393425 0.210566
v -0.139860 -0.393210 0.213053
v -0.134886 -0.393425 0.162172
v -0.181972 -0.393210 0.142254
v -0.155409 -0.393425 0.098572
v -0.189193 -0.393210 0.060199
v -0.146309 -0.393425 0.032362
v -0.145474 -0.387530 0.358251
v -0.175097 -0.387530 0.340747
v -0.202753 -0.387530 0.320281
v -0.141426 -0.390014 0.350938
v -0.169934 -0.390033 0.332961
v -0.197593 -0.390014 0.313702
v -0.130381 -0.391650 0.331918
v -0.156137 -0.391713 0.312148
v -0.184377 -0.391650 0.296123
v 0.133830 -0.387530 -0.187439
v 0.163453 -0.387530 -0.169935
v 0.191110 -0.387530 -0.149469
v 0.129783 -0.390014 -0.180126
v 0.158290 -0.390033 -0.162150
v 0.185950 -0.390014 -0.142890
v 0.118738 -0.391650 -0.161106
v 0.144493 -0.391713 -0.141336
v 0.172733 -0.391650 -0.125311
v -0.250028 -0.387530 0.270638
v -0.269121 -0.387530 0.242014
v -0.285158 -0.387530 0.211574
v -0.243207 -0.390014 0.265806
v -0.261092 -0.390033 0.237239
v -0.277656 -0.390014 0.207887
v -0.225004 -0.391650 0.253463
v -0.239630 -0.391713 0.224473
v -0.258123 -0.391650 0.197784
v 0.238385 -0.387530 -0.099827
v 0.257477 -0.387530 -0.071203
v 0.273515 -0.387530 -0.040763
v 0.231563 -0.390014 -0.094994
v 0.249448 -0.390033 -0.066427
v 0.266013 -0.390014 -0.037078
v 0.213360 -0.391650 -0.082651
v 0.227986 -0.391713 -0.053664
v 0.246476 -0.391650 -0.026972
v -0.306214 -0.387530 0.146336
v -0.310996 -0.387530 0.112265
v -0.312238 -0.387530 0.077879
v -0.297972 -0.390014 0.144942
v -0.301691 -0.390033 0.111445
v -0.303879 -0.390014 0.077812
v -0.276216 -0.391650 0.141721
v -0.276815 -0.391713 0.109255
v -0.281896 -0.391650 0.077185
v 0.294571 -0.387530 0.024473
v 0.299352 -0.387530 0.058547
v 0.300594 -0.387530 0.092933
v 0.286328 -0.390014 0.025869
v 0.290047 -0.390033 0.059366
v 0.292235 -0.390014 0.092996
v 0.264572 -0.391650 0.029091
v 0.265171 -0.391713 0.061554
v 0.270249 -0.391650 0.093626
v -0.302901 -0.387530 0.009967
v -0.292427 -0.387530 -0.022805
v -0.278627 -0.387530 -0.054323
v -0.294873 -0.390014 0.012287
v -0.283690 -0.390033 -0.019505
v -0.271069 -0.390014 -0.050758
v -0.273871 -0.391650 0.018824
v -0.260326 -0.391713 -0.010686
v -0.250990 -0.391650 -0.041784
v 0.291258 -0.387530 0.160842
v 0.280783 -0.387530 0.193617
v 0.266983 -0.387530 0.225135
v 0.283226 -0.390014 0.158525
v 0.272046 -0.390033 0.190317
v 0.259425 -0.390014 0.221567
v 0.262227 -0.391650 0.151987
v 0.248682 -0.391713 0.181497
v 0.239343 -0.391650 0.212596
v 0.229108 -0.387530 0.282270
v 0.205448 -0.387530 0.307253
v 0.179340 -0.387530 0.329664
v 0.222876 -0.390014 0.276697
v 0.199009 -0.390033 0.300489
v 0.174079 -0.390014 0.323171
v 0.206794 -0.391650 0.261696
v 0.181786 -0.391713 0.282408
v 0.159879 -0.391650 0.306374
v -0.240752 -0.387530 -0.111461
v -0.217092 -0.387530 -0.136441
v -0.190987 -0.387530 -0.158853
v -0.234523 -0.390014 -0.105885
v -0.210652 -0.390033 -0.129680
v -0.185723 -0.390014 -0.152359
v -0.218438 -0.391650 -0.090884
v -0.193433 -0.391713 -0.111597
v -0.171526 -0.391650 -0.135562
v 0.120424 -0.387530 0.364706
v 0.088270 -0.387530 0.376952
v 0.055024 -0.387530 0.385816
v 0.117231 -0.390014 0.356983
v 0.085401 -0.390033 0.368060
v 0.053102 -0.390014 0.377680
v 0.109247 -0.391650 0.336489
v 0.077732 -0.391713 0.344299
v 0.047595 -0.391650 0.356385
v -0.132068 -0.387530 -0.193898
v -0.099913 -0.387530 -0.206140
v -0.066668 -0.387530 -0.215004
v -0.128875 -0.390014 -0.186172
v -0.097045 -0.390033 -0.197251
v -0.064745 -0.390014 -0.206868
v -0.120894 -0.391650 -0.165677
v -0.089376 -0.391713 -0.173488
v -0.059242 -0.391650 -0.185576
v -0.013262 -0.387530 0.391823
v -0.047545 -0.387530 0.388905
v -0.081344 -0.387530 0.382465
v -0.012786 -0.390014 0.383477
v -0.046271 -0.390033 0.379650
v -0.079548 -0.390014 0.374301
v -0.011087 -0.391650 0.361551
v -0.042873 -0.391713 0.354913
v -0.075267 -0.391650 0.352728
v -0.013329 -0.369661 0.393015
v -0.047727 -0.369661 0.390225
v -0.081600 -0.369661 0.383631
v -0.013329 -0.374613 0.393015
v -0.047727 -0.374613 0.390225
v -0.081600 -0.374613 0.383631
v -0.013329 -0.379603 0.393015
v -0.047727 -0.379603 0.390225
v -0.081600 -0.379603 0.383631
v -0.132525 -0.369661 -0.195001
v -0.100323 -0.369661 -0.207411
v -0.066942 -0.369661 -0.216164
v -0.132525 -0.374613 -0.195001
v -0.100323 -0.374613 -0.207411
v -0.066942 -0.374613 -0.216164
v -0.132525 -0.379603 -0.195001
v -0.100323 -0.379603 -0.207411
v -0.066942 -0.379603 -0.216164
v 0.120881 -0.369661 0.365809
v 0.088679 -0.369661 0.378222
v 0.055299 -0.369661 0.386976
v 0.120881 -0.374613 0.365809
v 0.088679 -0.374613 0.378222
v 0.055299 -0.374613 0.386976
v 0.120881 -0.379603 0.365809
v 0.088679 -0.379603 0.378222
v 0.055299 -0.379603 0.386976
v -0.241641 -0.369661 -0.112255
v -0.218013 -0.369661 -0.137409
v -0.191737 -0.369661 -0.159783
v -0.241641 -0.374613 -0.112255
v -0.218013 -0.374613 -0.137409
v -0.191737 -0.374613 -0.159783
v -0.241641 -0.379603 -0.112255
v -0.218013 -0.379603 -0.137409
v -0.191737 -0.379603 -0.159783
v 0.229997 -0.369661 0.283067
v 0.206369 -0.369661 0.308221
v 0.180093 -0.369661 0.330591
v 0.229997 -0.374613 0.283067
v 0.206369 -0.374613 0.308221
v 0.180093 -0.374613 0.330591
v 0.229997 -0.379603 0.283067
v 0.206369 -0.379603 0.308221
v 0.180093 -0.379603 0.330591
v 0.292405 -0.369661 0.161176
v 0.282032 -0.369661 0.194087
v 0.268065 -0.369661 0.225645
v 0.292405 -0.374613 0.161176
v 0.282032 -0.374613 0.194087
v 0.268065 -0.374613 0.225645
v 0.292405 -0.379603 0.161176
v 0.282032 -0.379603 0.194087
v 0.268065 -0.379603 0.225645
v -0.304049 -0.369661 0.009636
v -0.293675 -0.369661 -0.023278
v -0.279708 -0.369661 -0.054834
v -0.304049 -0.374613 0.009636
v -0.293675 -0.374613 -0.023278
v -0.279708 -0.374613 -0.054834
v -0.304049 -0.379603 0.009636
v -0.293675 -0.379603 -0.023278
v -0.279708 -0.379603 -0.054834
v 0.295746 -0.369661 0.024274
v 0.300679 -0.369661 0.058430
v 0.301789 -0.369661 0.092924
v 0.295746 -0.374613 0.024274
v 0.300679 -0.374613 0.058430
v 0.301789 -0.374613 0.092924
v 0.295746 -0.379603 0.024274
v 0.300679 -0.379603 0.058430
v 0.301789 -0.379603 0.092924
v -0.307390 -0.369661 0.146537
v -0.312326 -0.369661 0.112381
v -0.313433 -0.369661 0.077888
v -0.307390 -0.374613 0.146537
v -0.312326 -0.374613 0.112381
v -0.313433 -0.374613 0.077888
v -0.307390 -0.379603 0.146537
v -0.312326 -0.379603 0.112381
v -0.313433 -0.379603 0.077888
v 0.239359 -0.369661 -0.100517
v 0.258624 -0.369661 -0.071887
v 0.274586 -0.369661 -0.041289
v 0.239359 -0.374613 -0.100517
v 0.258624 -0.374613 -0.071887
v 0.274586 -0.374613 -0.041289
v 0.239359 -0.379603 -0.100517
v 0.258624 -0.379603 -0.071887
v 0.274586 -0.379603 -0.041289
v -0.251002 -0.369661 0.271329
v -0.270268 -0.369661 0.242695
v -0.286230 -0.369661 0.212101
v -0.251002 -0.374613 0.271329
v -0.270268 -0.374613 0.242695
v -0.286230 -0.374613 0.212101
v -0.251002 -0.379603 0.271329
v -0.270268 -0.379603 0.242695
v -0.286230 -0.379603 0.212101
v 0.134410 -0.369661 -0.188485
v 0.164188 -0.369661 -0.171048
v 0.191847 -0.369661 -0.150408
v 0.134410 -0.374613 -0.188485
v 0.164188 -0.374613 -0.171048
v 0.191847 -0.374613 -0.150408
v 0.134410 -0.379603 -0.188485
v 0.164188 -0.379603 -0.171048
v 0.191847 -0.379603 -0.150408
v -0.146054 -0.369661 0.359297
v -0.175835 -0.369661 0.341857
v -0.203491 -0.369661 0.321220
v -0.146054 -0.374613 0.359297
v -0.175835 -0.374613 0.341857
v -0.203491 -0.374613 0.321220
v -0.146054 -0.379603 0.359297
v -0.175835 -0.379603 0.341857
v -0.203491 -0.379603 0.321220
v 0.001685 -0.369661 -0.222206
v 0.036084 -0.369661 -0.219414
v 0.069956 -0.369661 -0.212820
v 0.001685 -0.374613 -0.222206
v 0.036084 -0.374613 -0.219414
v 0.069956 -0.374613 -0.212820
v 0.001685 -0.379603 -0.222206
v 0.036084 -0.379603 -0.219414
v 0.069956 -0.379603 -0.212820
v 0.001868 -0.351726 -0.229620
v 0.037092 -0.351726 -0.226764
v 0.071784 -0.351726 -0.220009
v 0.001738 -0.357825 -0.224403
v 0.036380 -0.357825 -0.221592
v 0.070498 -0.357825 -0.214950
v 0.001691 -0.361809 -0.222481
v 0.036118 -0.361809 -0.219688
v 0.070022 -0.361809 -0.213087
v -0.149433 -0.351726 0.365898
v -0.179932 -0.351726 0.348041
v -0.208257 -0.351726 0.326903
v -0.147056 -0.357825 0.361251
v -0.177048 -0.357825 0.343688
v -0.204903 -0.357825 0.322903
v -0.146180 -0.361809 0.359540
v -0.175986 -0.361809 0.342087
v -0.203667 -0.361809 0.321428
v 0.137789 -0.351726 -0.195089
v 0.168288 -0.351726 -0.177229
v 0.196613 -0.351726 -0.156091
v 0.135412 -0.357825 -0.190443
v 0.165404 -0.357825 -0.172879
v 0.193259 -0.357825 -0.152091
v 0.134533 -0.361809 -0.188728
v 0.164342 -0.361809 -0.171275
v 0.192024 -0.361809 -0.150619
v -0.256913 -0.351726 0.275811
v -0.276641 -0.351726 0.246487
v -0.292991 -0.351726 0.215155
v -0.252755 -0.357825 0.272656
v -0.272156 -0.357825 0.243820
v -0.288235 -0.357825 0.213006
v -0.251223 -0.361809 0.271496
v -0.270504 -0.361809 0.242837
v -0.286482 -0.361809 0.212214
v 0.245269 -0.351726 -0.104999
v 0.264998 -0.351726 -0.075675
v 0.281348 -0.351726 -0.044344
v 0.241111 -0.357825 -0.101844
v 0.260512 -0.357825 -0.073009
v 0.276591 -0.357825 -0.042194
v 0.239576 -0.361809 -0.100684
v 0.258861 -0.361809 -0.072025
v 0.274838 -0.361809 -0.041403
v -0.314662 -0.351726 0.148009
v -0.319715 -0.351726 0.113031
v -0.320849 -0.351726 0.077708
v -0.309546 -0.357825 0.146972
v -0.314514 -0.357825 0.112574
v -0.315630 -0.357825 0.077835
v -0.307661 -0.361809 0.146591
v -0.312597 -0.361809 0.112403
v -0.313707 -0.361809 0.077882
v 0.303018 -0.351726 0.022802
v 0.308068 -0.351726 0.057781
v 0.309203 -0.351726 0.093103
v 0.297902 -0.357825 0.023839
v 0.302870 -0.357825 0.058238
v 0.303986 -0.357825 0.092977
v 0.296017 -0.361809 0.024221
v 0.300954 -0.361809 0.058405
v 0.302063 -0.361809 0.092930
v -0.311239 -0.351726 0.007811
v -0.300616 -0.351726 -0.025898
v -0.286312 -0.351726 -0.058216
v -0.306180 -0.357825 0.009094
v -0.295730 -0.357825 -0.024054
v -0.281666 -0.357825 -0.055836
v -0.304317 -0.361809 0.009570
v -0.293934 -0.361809 -0.023373
v -0.279954 -0.361809 -0.054960
v 0.299595 -0.351726 0.163001
v 0.288969 -0.351726 0.196709
v 0.274665 -0.351726 0.229024
v 0.294536 -0.357825 0.161715
v 0.284087 -0.357825 0.194865
v 0.270019 -0.357825 0.226648
v 0.292673 -0.361809 0.161242
v 0.282287 -0.361809 0.194184
v 0.268307 -0.361809 0.225771
v 0.235683 -0.351726 0.287833
v 0.211485 -0.351726 0.313592
v 0.184575 -0.351726 0.336501
v 0.231680 -0.357825 0.284479
v 0.207885 -0.357825 0.309812
v 0.181420 -0.357825 0.332344
v 0.230208 -0.361809 0.283243
v 0.206558 -0.361809 0.308419
v 0.180260 -0.361809 0.330812
v -0.247327 -0.351726 -0.117021
v -0.223128 -0.351726 -0.142780
v -0.196219 -0.351726 -0.165693
v -0.243327 -0.357825 -0.113667
v -0.219529 -0.357825 -0.139001
v -0.193067 -0.357825 -0.161532
v -0.241852 -0.361809 -0.112432
v -0.218202 -0.361809 -0.137608
v -0.191904 -0.361809 -0.160000
v 0.123935 -0.351726 0.372571
v 0.090958 -0.351726 0.385280
v 0.056774 -0.351726 0.394247
v 0.121786 -0.357825 0.367814
v 0.089354 -0.357825 0.380312
v 0.055737 -0.357825 0.389132
v 0.120994 -0.361809 0.366061
v 0.088764 -0.361809 0.378484
v 0.055355 -0.361809 0.387247
v -0.135579 -0.351726 -0.201759
v -0.102602 -0.351726 -0.214468
v -0.068418 -0.351726 -0.223436
v -0.133429 -0.357825 -0.197002
v -0.101001 -0.357825 -0.209500
v -0.067381 -0.357825 -0.218320
v -0.132638 -0.361809 -0.195250
v -0.100408 -0.361809 -0.207672
v -0.066999 -0.361809 -0.216435
v -0.013511 -0.351726 0.400432
v -0.048736 -0.351726 0.397573
v -0.083428 -0.351726 0.390821
v -0.013382 -0.357825 0.395212
v -0.048027 -0.357825 0.392403
v -0.082142 -0.357825 0.385762
v -0.013335 -0.361809 0.393292
v -0.047765 -0.361809 0.390500
v -0.081669 -0.361809 0.383896
v -0.249269 0.296009 -0.118648
v -0.224878 0.296009 -0.144615
v -0.197751 0.296009 -0.167710
v -0.244998 0.336444 -0.115070
v -0.221032 0.336444 -0.140580
v -0.194381 0.336444 -0.163269
v -0.243251 0.363117 -0.113608
v -0.219463 0.363117 -0.138931
v -0.193007 0.363117 -0.161456
v -0.136623 0.296009 -0.204069
v -0.103381 0.296009 -0.216879
v -0.068922 0.296009 -0.225920
v -0.134328 0.336444 -0.198988
v -0.101669 0.336444 -0.211578
v -0.067812 0.336444 -0.220457
v -0.133392 0.363117 -0.196917
v -0.100969 0.363117 -0.209412
v -0.067362 0.363117 -0.218225
v 0.001928 0.296009 -0.232154
v 0.037436 0.296009 -0.229273
v 0.072408 0.296009 -0.222465
v 0.001792 0.336444 -0.226582
v 0.036679 0.336444 -0.223751
v 0.071034 0.336444 -0.217062
v 0.001735 0.363117 -0.224309
v 0.036367 0.363117 -0.221497
v 0.070473 0.363117 -0.214859
v 0.138946 0.296009 -0.197343
v 0.169688 0.296009 -0.179341
v 0.198240 0.296009 -0.158033
v 0.136405 0.336444 -0.192381
v 0.166608 0.336444 -0.174695
v 0.194659 0.336444 -0.153762
v 0.135368 0.363117 -0.190358
v 0.165351 0.363117 -0.172801
v 0.193196 0.363117 -0.152019
v 0.247289 0.296009 -0.106531
v 0.267176 0.296009 -0.076971
v 0.283655 0.296009 -0.045387
v 0.242848 0.336444 -0.103162
v 0.262385 0.336444 -0.074125
v 0.278577 0.336444 -0.043092
v 0.241035 0.363117 -0.101787
v 0.260430 0.363117 -0.072961
v 0.276503 0.363117 -0.042156
v 0.305499 0.296009 0.022298
v 0.310593 0.296009 0.057557
v 0.311737 0.296009 0.093166
v 0.300036 0.336444 0.023404
v 0.305042 0.336444 0.058046
v 0.306164 0.336444 0.093028
v 0.297808 0.363117 0.023858
v 0.302775 0.363117 0.058244
v 0.303891 0.363117 0.092974
v 0.302050 0.296009 0.163625
v 0.291340 0.296009 0.197604
v 0.276922 0.296009 0.230181
v 0.296648 0.336444 0.162254
v 0.286126 0.336444 0.195634
v 0.271961 0.336444 0.227641
v 0.294444 0.363117 0.161693
v 0.283998 0.363117 0.194831
v 0.269937 0.363117 0.226604
v 0.237625 0.296009 0.289459
v 0.213231 0.296009 0.315426
v 0.186107 0.296009 0.338522
v 0.233354 0.336444 0.285879
v 0.209388 0.336444 0.311392
v 0.182738 0.336444 0.334080
v 0.231608 0.363117 0.284419
v 0.207819 0.363117 0.309743
v 0.181363 0.363117 0.332268
v 0.124979 0.296009 0.374878
v 0.091737 0.296009 0.387691
v 0.057275 0.296009 0.396731
v 0.122684 0.336444 0.369800
v 0.090025 0.336444 0.382386
v 0.056169 0.336444 0.391266
v 0.121748 0.363117 0.367726
v 0.089325 0.363117 0.380221
v 0.055718 0.363117 0.389037
v -0.013571 0.296009 0.402966
v -0.049083 0.296009 0.400085
v -0.084052 0.296009 0.393277
v -0.013436 0.336444 0.397393
v -0.048323 0.336444 0.394563
v -0.082678 0.336444 0.387874
v -0.013382 0.363117 0.395117
v -0.048014 0.363117 0.392309
v -0.082117 0.363117 0.385667
v -0.150589 0.296009 0.368154
v -0.181332 0.296009 0.350153
v -0.209883 0.296009 0.328845
v -0.148049 0.336444 0.363193
v -0.178252 0.336444 0.345507
v -0.206303 0.336444 0.324574
v -0.147012 0.363117 0.361166
v -0.176994 0.363117 0.343609
v -0.204843 0.363117 0.322831
v -0.258933 0.296009 0.277343
v -0.278820 0.296009 0.247783
v -0.295299 0.296009 0.216199
v -0.254492 0.336444 0.273973
v -0.274032 0.336444 0.244933
v -0.290221 0.336444 0.213904
v -0.252679 0.363117 0.272599
v -0.272074 0.363117 0.243770
v -0.288147 0.363117 0.212965
v -0.361909 -0.014890 -0.005062
v -0.349524 -0.014890 -0.044362
v -0.332846 -0.014890 -0.082043
v -0.348657 0.072971 -0.001696
v -0.336730 0.072971 -0.039533
v -0.320673 0.072971 -0.075811
v -0.334820 0.160832 0.001819
v -0.323377 0.160832 -0.034490
v -0.307967 0.160832 -0.069305
v -0.317146 0.296009 0.148514
v -0.322236 0.296009 0.113255
v -0.323381 0.296009 0.077645
v -0.311683 0.336444 0.147407
v -0.316686 0.336444 0.112766
v -0.317811 0.336444 0.077781
v -0.309452 0.363117 0.146954
v -0.314419 0.363117 0.112564
v -0.315535 0.363117 0.077838
v -0.313694 0.296009 0.007187
v -0.302987 0.296009 -0.026793
v -0.288566 0.296009 -0.059370
v -0.308295 0.336444 0.008558
v -0.297770 0.336444 -0.024823
v -0.283604 0.336444 -0.056829
v -0.306088 0.363117 0.009119
v -0.295642 0.363117 -0.024019
v -0.281581 0.363117 -0.055792
v 0.000938 -0.380939 -0.193034
v 0.000537 -0.379776 -0.186638
v -0.000991 -0.377973 -0.167597
v 0.032090 -0.380933 -0.190383
v 0.031097 -0.379738 -0.183152
v 0.028128 -0.377853 -0.161545
v 0.062804 -0.380939 -0.184530
v 0.061464 -0.379776 -0.178263
v 0.057798 -0.377973 -0.159515
v -0.365899 -0.014890 0.158396
v -0.371790 -0.014890 0.117614
v -0.373114 -0.014890 0.076432
v -0.352496 0.072971 0.155678
v -0.358167 0.072971 0.116416
v -0.359441 0.072971 0.076766
v -0.338507 0.160832 0.152845
v -0.343948 0.160832 0.115165
v -0.345171 0.160832 0.077113
v -0.298571 -0.014890 0.307398
v -0.321571 -0.014890 0.273214
v -0.340635 -0.014890 0.236681
v -0.287674 0.072971 0.299136
v -0.309820 0.072971 0.266222
v -0.328172 0.072971 0.231051
v -0.276301 0.160832 0.290512
v -0.297552 0.160832 0.258925
v -0.315163 0.160832 0.225173
v -0.173259 -0.014890 0.412435
v -0.208818 -0.014890 0.391612
v -0.241842 -0.014890 0.366969
v -0.167028 0.072971 0.400262
v -0.201262 0.072971 0.380214
v -0.233058 0.072971 0.356489
v -0.160522 0.160832 0.387556
v -0.193376 0.160832 0.368318
v -0.223885 0.160832 0.345551
v -0.014785 -0.014890 0.452697
v -0.055857 -0.014890 0.449365
v -0.096301 -0.014890 0.441491
v -0.014451 0.072971 0.439026
v -0.053994 0.072971 0.435817
v -0.092935 0.072971 0.428236
v -0.014104 0.160832 0.424757
v -0.052049 0.160832 0.421677
v -0.089420 0.160832 0.414402
v 0.145464 -0.014890 0.420211
v 0.107015 -0.014890 0.435029
v 0.067157 -0.014890 0.445485
v 0.139831 0.072971 0.407751
v 0.102813 0.072971 0.422017
v 0.064443 0.072971 0.432082
v 0.133956 0.160832 0.394742
v 0.098432 0.160832 0.408432
v 0.061606 0.160832 0.418093
v 0.275749 -0.014890 0.321415
v 0.247538 -0.014890 0.351448
v 0.216162 -0.014890 0.378159
v 0.265269 0.072971 0.312630
v 0.238107 0.072971 0.341545
v 0.207901 0.072971 0.367262
v 0.254328 0.160832 0.303461
v 0.228263 0.160832 0.331209
v 0.199277 0.160832 0.355890
v 0.350265 -0.014890 0.175874
v 0.337877 -0.014890 0.215174
v 0.321203 -0.014890 0.252854
v 0.337010 0.072971 0.172507
v 0.325086 0.072971 0.210342
v 0.309029 0.072971 0.246619
v 0.323176 0.160832 0.168993
v 0.311730 0.160832 0.205302
v 0.296323 0.160832 0.240113
v 0.354255 -0.014890 0.012416
v 0.360147 -0.014890 0.053198
v 0.361467 -0.014890 0.094380
v 0.340853 0.072971 0.015130
v 0.346523 0.072971 0.054396
v 0.347797 0.072971 0.094046
v 0.326864 0.160832 0.017967
v 0.332304 0.160832 0.055647
v 0.333527 0.160832 0.093699
v 0.286927 -0.014890 -0.136589
v 0.309928 -0.014890 -0.102402
v 0.328988 -0.014890 -0.065869
v 0.276030 0.072971 -0.128325
v 0.298177 0.072971 -0.095411
v 0.316528 0.072971 -0.060240
v 0.264657 0.160832 -0.119701
v 0.285909 0.160832 -0.088113
v 0.303519 0.160832 -0.054361
v 0.161615 -0.014890 -0.241623
v 0.197174 -0.014890 -0.220801
v 0.230195 -0.014890 -0.196158
v 0.155384 0.072971 -0.229450
v 0.189619 0.072971 -0.209403
v 0.221411 0.072971 -0.185677
v 0.148878 0.160832 -0.216744
v 0.181729 0.160832 -0.197507
v 0.212241 0.160832 -0.174739
v 0.003141 -0.014890 -0.281885
v 0.044213 -0.014890 -0.278553
v 0.084657 -0.014890 -0.270679
v 0.002807 0.072971 -0.268214
v 0.042350 0.072971 -0.265006
v 0.081291 0.072971 -0.257425
v 0.002460 0.160832 -0.253945
v 0.040405 0.160832 -0.250865
v 0.077773 0.160832 -0.243590
v -0.157108 -0.014890 -0.249403
v -0.118659 -0.014890 -0.264221
v -0.078801 -0.014890 -0.274673
v -0.151475 0.072971 -0.236939
v -0.114460 0.072971 -0.251206
v -0.076087 0.072971 -0.261270
v -0.145600 0.160832 -0.223931
v -0.110076 0.160832 -0.237623
v -0.073250 0.160832 -0.247281
v -0.287393 -0.014890 -0.150604
v -0.259182 -0.014890 -0.180637
v -0.227806 -0.014890 -0.207351
v -0.276913 0.072971 -0.141819
v -0.249751 0.072971 -0.170736
v -0.219545 0.072971 -0.196454
v -0.265972 0.160832 -0.132649
v -0.239907 0.160832 -0.160400
v -0.210920 0.160832 -0.185078
v -0.297108 -0.223363 -0.158749
v -0.267923 -0.223363 -0.189816
v -0.235466 -0.223363 -0.217450
v -0.300894 -0.192334 -0.161920
v -0.271327 -0.192334 -0.193393
v -0.238451 -0.192334 -0.221384
v -0.300348 -0.150298 -0.161466
v -0.270838 -0.150298 -0.192879
v -0.238022 -0.150298 -0.220823
v -0.162328 -0.223363 -0.260952
v -0.122552 -0.223363 -0.276281
v -0.081319 -0.223363 -0.287095
v -0.164361 -0.192334 -0.265453
v -0.124068 -0.192334 -0.280980
v -0.082299 -0.192334 -0.291937
v -0.164068 -0.150298 -0.264807
v -0.123850 -0.150298 -0.280309
v -0.082161 -0.150298 -0.291243
v 0.003450 -0.223363 -0.294556
v 0.045937 -0.223363 -0.291111
v 0.087778 -0.223363 -0.282963
v 0.003573 -0.192334 -0.299496
v 0.046612 -0.192334 -0.296003
v 0.088994 -0.192334 -0.287751
v 0.003554 -0.150298 -0.298786
v 0.046514 -0.150298 -0.295303
v 0.088821 -0.150298 -0.287064
v 0.167393 -0.223363 -0.252905
v 0.204175 -0.223363 -0.231366
v 0.238340 -0.223363 -0.205872
v 0.169644 -0.192334 -0.257302
v 0.206905 -0.192334 -0.235483
v 0.241511 -0.192334 -0.209658
v 0.169319 -0.150298 -0.256671
v 0.206514 -0.150298 -0.234890
v 0.241058 -0.150298 -0.209116
v 0.297026 -0.223363 -0.144246
v 0.320821 -0.223363 -0.108879
v 0.340541 -0.223363 -0.071089
v 0.300960 -0.192334 -0.147231
v 0.325067 -0.192334 -0.111404
v 0.345042 -0.192334 -0.073122
v 0.300399 -0.150298 -0.146802
v 0.324459 -0.150298 -0.111045
v 0.344396 -0.150298 -0.072832
v 0.366678 -0.223363 0.009898
v 0.372771 -0.223363 0.052085
v 0.374139 -0.223363 0.094689
v 0.371516 -0.192334 0.008914
v 0.377691 -0.192334 0.051653
v 0.379078 -0.192334 0.094812
v 0.370823 -0.150298 0.009056
v 0.376985 -0.150298 0.051713
v 0.378369 -0.150298 0.094793
v 0.362548 -0.223363 0.178994
v 0.349735 -0.223363 0.219650
v 0.332484 -0.223363 0.258629
v 0.367336 -0.192334 0.180211
v 0.354356 -0.192334 0.221396
v 0.336881 -0.192334 0.260879
v 0.366652 -0.150298 0.180038
v 0.353694 -0.150298 0.221144
v 0.336251 -0.150298 0.260558
v 0.285461 -0.223363 0.329557
v 0.256279 -0.223363 0.360627
v 0.223822 -0.223363 0.388262
v 0.289247 -0.192334 0.332731
v 0.259683 -0.192334 0.364205
v 0.226804 -0.192334 0.392195
v 0.288704 -0.150298 0.332277
v 0.259195 -0.150298 0.363691
v 0.226378 -0.150298 0.391631
v 0.150681 -0.223363 0.431764
v 0.110908 -0.223363 0.447092
v 0.069675 -0.223363 0.457907
v 0.152717 -0.192334 0.436265
v 0.112424 -0.192334 0.451792
v 0.070656 -0.192334 0.462749
v 0.152424 -0.150298 0.435619
v 0.112206 -0.150298 0.451117
v 0.070517 -0.150298 0.462055
v -0.015094 -0.223363 0.465368
v -0.057584 -0.223363 0.461920
v -0.099425 -0.223363 0.453775
v -0.015217 -0.192334 0.470304
v -0.058255 -0.192334 0.466815
v -0.100641 -0.192334 0.458563
v -0.015198 -0.150298 0.469598
v -0.058158 -0.150298 0.466112
v -0.100465 -0.150298 0.457875
v -0.179037 -0.223363 0.423716
v -0.215822 -0.223363 0.402175
v -0.249984 -0.223363 0.376684
v -0.181288 -0.192334 0.428113
v -0.218548 -0.192334 0.406292
v -0.253155 -0.192334 0.380467
v -0.180966 -0.150298 0.427483
v -0.218158 -0.150298 0.405702
v -0.252701 -0.150298 0.379924
v -0.308670 -0.223363 0.315058
v -0.332465 -0.223363 0.279691
v -0.352184 -0.223363 0.241901
v -0.312607 -0.192334 0.318043
v -0.336711 -0.192334 0.282216
v -0.356686 -0.192334 0.243934
v -0.312043 -0.150298 0.317614
v -0.336102 -0.150298 0.281853
v -0.356039 -0.150298 0.243641
v -0.378322 -0.223363 0.160914
v -0.384414 -0.223363 0.118727
v -0.385783 -0.223363 0.076120
v -0.383163 -0.192334 0.161894
v -0.389335 -0.192334 0.119158
v -0.390722 -0.192334 0.076000
v -0.382470 -0.150298 0.161756
v -0.388629 -0.150298 0.119095
v -0.390016 -0.150298 0.076019
v -0.374195 -0.223363 -0.008186
v -0.361379 -0.223363 -0.048838
v -0.344128 -0.223363 -0.087820
v -0.378980 -0.192334 -0.009400
v -0.366000 -0.192334 -0.050585
v -0.348525 -0.192334 -0.090071
v -0.378296 -0.150298 -0.009226
v -0.365338 -0.150298 -0.050336
v -0.347894 -0.150298 -0.089746
v -0.195343 -0.314115 -0.164536
v -0.207110 -0.294478 -0.180054
v -0.218930 -0.272315 -0.195641
v -0.222129 -0.314115 -0.141730
v -0.235557 -0.294478 -0.155830
v -0.249048 -0.272315 -0.169998
v -0.246214 -0.314115 -0.116088
v -0.261139 -0.294478 -0.128599
v -0.276131 -0.272315 -0.141166
v -0.068128 -0.314115 -0.222014
v -0.071998 -0.294478 -0.241100
v -0.075882 -0.272315 -0.260271
v -0.102158 -0.314115 -0.213087
v -0.108137 -0.294478 -0.231619
v -0.114145 -0.272315 -0.250235
v -0.134983 -0.314115 -0.200438
v -0.143002 -0.294478 -0.218184
v -0.151056 -0.272315 -0.236009
v 0.071425 -0.314115 -0.218604
v 0.076222 -0.294478 -0.237478
v 0.081039 -0.272315 -0.256438
v 0.036894 -0.314115 -0.225327
v 0.039548 -0.294478 -0.244618
v 0.042211 -0.272315 -0.263997
v 0.001830 -0.314115 -0.228170
v 0.002306 -0.294478 -0.247638
v 0.002782 -0.272315 -0.267196
v 0.195680 -0.314115 -0.154982
v 0.208191 -0.294478 -0.169904
v 0.220758 -0.272315 -0.184895
v 0.167485 -0.314115 -0.176019
v 0.178246 -0.294478 -0.192249
v 0.189054 -0.272315 -0.208555
v 0.137130 -0.314115 -0.193797
v 0.146003 -0.294478 -0.211130
v 0.154917 -0.272315 -0.228542
v 0.280024 -0.314115 -0.043748
v 0.297770 -0.294478 -0.051764
v 0.315598 -0.272315 -0.059820
v 0.263753 -0.314115 -0.074935
v 0.280487 -0.294478 -0.084889
v 0.297300 -0.272315 -0.094890
v 0.244112 -0.314115 -0.104123
v 0.259630 -0.294478 -0.115890
v 0.275217 -0.272315 -0.127710
v 0.307753 -0.314115 0.093069
v 0.327223 -0.294478 0.093545
v 0.346779 -0.272315 0.094020
v 0.306624 -0.314115 0.057907
v 0.326022 -0.294478 0.056199
v 0.345508 -0.272315 0.054484
v 0.301597 -0.314115 0.023089
v 0.320679 -0.294478 0.019221
v 0.339853 -0.272315 0.015335
v 0.273376 -0.314115 0.228366
v 0.290709 -0.294478 0.237239
v 0.308121 -0.272315 0.246156
v 0.287614 -0.314115 0.196195
v 0.305830 -0.294478 0.203073
v 0.324131 -0.272315 0.209983
v 0.298189 -0.314115 0.162645
v 0.317064 -0.294478 0.167439
v 0.336024 -0.272315 0.172255
v 0.183699 -0.314115 0.335348
v 0.195466 -0.294478 0.350862
v 0.207283 -0.272315 0.366452
v 0.210485 -0.314115 0.312542
v 0.223913 -0.294478 0.326641
v 0.237404 -0.272315 0.340807
v 0.234571 -0.314115 0.286900
v 0.249496 -0.294478 0.299411
v 0.264487 -0.272315 0.311975
v 0.056484 -0.314115 0.392826
v 0.060351 -0.294478 0.411909
v 0.064238 -0.272315 0.431083
v 0.090514 -0.314115 0.383899
v 0.096493 -0.294478 0.402430
v 0.102501 -0.272315 0.421046
v 0.123340 -0.314115 0.371250
v 0.131359 -0.294478 0.388993
v 0.139412 -0.272315 0.406821
v -0.083069 -0.314115 0.389415
v -0.087866 -0.294478 0.408287
v -0.092682 -0.272315 0.427247
v -0.048537 -0.314115 0.396139
v -0.051191 -0.294478 0.415429
v -0.053855 -0.272315 0.434809
v -0.013474 -0.314115 0.398982
v -0.013950 -0.294478 0.418449
v -0.014429 -0.272315 0.438005
v -0.207324 -0.314115 0.325790
v -0.219835 -0.294478 0.340716
v -0.232402 -0.272315 0.355707
v -0.179132 -0.314115 0.346831
v -0.189890 -0.294478 0.363061
v -0.200698 -0.272315 0.379366
v -0.148774 -0.314115 0.364608
v -0.157647 -0.294478 0.381942
v -0.166564 -0.272315 0.399354
v -0.291671 -0.314115 0.214556
v -0.309414 -0.294478 0.222575
v -0.327242 -0.272315 0.230629
v -0.275396 -0.314115 0.245746
v -0.292131 -0.294478 0.255701
v -0.308944 -0.272315 0.265699
v -0.255759 -0.314115 0.274935
v -0.271273 -0.294478 0.286701
v -0.286861 -0.272315 0.298522
v -0.319400 -0.314115 0.077743
v -0.338867 -0.294478 0.077267
v -0.358422 -0.272315 0.076788
v -0.318268 -0.314115 0.112905
v -0.337666 -0.294478 0.114610
v -0.357152 -0.272315 0.116325
v -0.313240 -0.314115 0.147723
v -0.332326 -0.294478 0.151590
v -0.351497 -0.272315 0.155477
v -0.285020 -0.314115 -0.057554
v -0.302353 -0.294478 -0.066430
v -0.319765 -0.272315 -0.075344
v -0.299258 -0.314115 -0.025384
v -0.317477 -0.294478 -0.032262
v -0.335775 -0.272315 -0.039171
v -0.309833 -0.314115 0.008167
v -0.328708 -0.294478 0.003373
v -0.347667 -0.272315 -0.001444
v -0.005823 -0.373879 0.085406
v -0.147781 -0.375193 -0.008706
v -0.135147 -0.374783 0.036577
v -0.174558 -0.375193 0.062210
v -0.143526 -0.374783 0.097526
v -0.167910 -0.375193 0.137718
v -0.124629 -0.374783 0.156072
v -0.129162 -0.375193 0.202865
v -0.082205 -0.374783 0.200621
v -0.065984 -0.375193 0.244747
v -0.024648 -0.374783 0.222351
v 0.009111 -0.375193 0.255070
v 0.036635 -0.374783 0.216958
v 0.081247 -0.375193 0.231789
v 0.089508 -0.374783 0.185510
v 0.136137 -0.375193 0.179515
v 0.123504 -0.374783 0.134235
v 0.162911 -0.375193 0.108602
v 0.131882 -0.374783 0.073286
v 0.156266 -0.375193 0.033094
v 0.112985 -0.374783 0.014739
v 0.117518 -0.375193 -0.032054
v 0.070558 -0.374783 -0.029812
v 0.054340 -0.375193 -0.073935
v 0.013004 -0.374783 -0.051543
v -0.020755 -0.375193 -0.084258
v -0.048279 -0.374783 -0.046150
v -0.092890 -0.375193 -0.060980
v -0.101155 -0.374783 -0.014698
v -0.132723 -0.380939 0.333340
v -0.129587 -0.379776 0.327751
v -0.119948 -0.377973 0.311256
v -0.159639 -0.380933 0.317431
v -0.155608 -0.379738 0.311348
v -0.143557 -0.377853 0.293169
v -0.184774 -0.380939 0.298834
v -0.180846 -0.379776 0.293768
v -0.169407 -0.377973 0.278465
v 0.121080 -0.380939 -0.162528
v 0.117943 -0.379776 -0.156939
v 0.108301 -0.377973 -0.140444
v 0.147995 -0.380933 -0.146619
v 0.143964 -0.379738 -0.140539
v 0.131910 -0.377853 -0.122358
v 0.173127 -0.380939 -0.128022
v 0.169203 -0.379776 -0.122957
v 0.157764 -0.377973 -0.107656
v -0.227730 -0.380939 0.253724
v -0.222479 -0.379776 0.250052
v -0.206637 -0.377973 0.239373
v -0.245080 -0.380933 0.227713
v -0.238807 -0.379738 0.223984
v -0.220061 -0.377853 0.212832
v -0.259655 -0.380939 0.200054
v -0.253918 -0.379776 0.197195
v -0.236972 -0.377973 0.188369
v 0.216087 -0.380939 -0.082913
v 0.210835 -0.379776 -0.079240
v 0.194993 -0.377973 -0.068561
v 0.233436 -0.380933 -0.056905
v 0.227163 -0.379738 -0.053173
v 0.208418 -0.377853 -0.042024
v 0.248011 -0.380939 -0.029242
v 0.242274 -0.379776 -0.026383
v 0.225329 -0.377973 -0.017560
v -0.278785 -0.380939 0.140772
v -0.272462 -0.379776 0.139742
v -0.253556 -0.377973 0.136993
v -0.283132 -0.380933 0.109812
v -0.275863 -0.379738 0.109173
v -0.254136 -0.377853 0.107259
v -0.284260 -0.380939 0.078566
v -0.277852 -0.379776 0.078478
v -0.258757 -0.377973 0.077882
v 0.267141 -0.380939 0.030036
v 0.260818 -0.379776 0.031070
v 0.241912 -0.377973 0.033816
v 0.271488 -0.380933 0.060999
v 0.264216 -0.379738 0.061639
v 0.242489 -0.377853 0.063552
v 0.272616 -0.380939 0.092246
v 0.266208 -0.379776 0.092334
v 0.247113 -0.377973 0.092930
v -0.275778 -0.380939 0.016854
v -0.269631 -0.379776 0.018670
v -0.251406 -0.377973 0.024397
v -0.266258 -0.380933 -0.012927
v -0.259431 -0.379738 -0.010348
v -0.239024 -0.377853 -0.002645
v -0.253719 -0.380939 -0.041567
v -0.247907 -0.379776 -0.038865
v -0.230444 -0.377973 -0.031117
v 0.264134 -0.380939 0.153954
v 0.257987 -0.379776 0.152142
v 0.239762 -0.377973 0.146411
v 0.254615 -0.380933 0.183735
v 0.247787 -0.379738 0.181160
v 0.227381 -0.377853 0.173453
v 0.242076 -0.380939 0.212378
v 0.236263 -0.379776 0.209677
v 0.218801 -0.377973 0.201929
v 0.207655 -0.380939 0.264296
v 0.202905 -0.379776 0.259994
v 0.188969 -0.377973 0.246925
v 0.186158 -0.380933 0.286998
v 0.181127 -0.379738 0.281712
v 0.166085 -0.377853 0.265916
v 0.162435 -0.380939 0.307360
v 0.158369 -0.379776 0.302408
v 0.145997 -0.377973 0.287849
v -0.219302 -0.380939 -0.093485
v -0.214552 -0.379776 -0.089185
v -0.200616 -0.377973 -0.076113
v -0.197805 -0.380933 -0.116186
v -0.192771 -0.379738 -0.110903
v -0.177729 -0.377853 -0.095108
v -0.174079 -0.380939 -0.136552
v -0.170016 -0.379776 -0.131597
v -0.157641 -0.377973 -0.117040
v 0.108897 -0.380939 0.339206
v 0.106485 -0.379776 0.333267
v 0.099598 -0.377973 0.315448
v 0.079680 -0.380933 0.350333
v 0.077439 -0.379738 0.343385
v 0.070738 -0.377853 0.322629
v 0.049467 -0.380939 0.358386
v 0.047957 -0.379776 0.352158
v 0.043125 -0.377973 0.333674
v -0.120541 -0.380939 -0.168394
v -0.118129 -0.379776 -0.162459
v -0.111242 -0.377973 -0.144637
v -0.091324 -0.380933 -0.179521
v -0.089083 -0.379738 -0.172574
v -0.082381 -0.377853 -0.151817
v -0.061114 -0.380939 -0.187574
v -0.059601 -0.379776 -0.181346
v -0.054769 -0.377973 -0.162862
v -0.012582 -0.380939 0.363846
v -0.012181 -0.379776 0.357450
v -0.010652 -0.377973 0.338405
v -0.043734 -0.380933 0.361191
v -0.042741 -0.379738 0.353964
v -0.039771 -0.377853 0.332356
v -0.074448 -0.380939 0.355341
v -0.073108 -0.379776 0.349075
v -0.069442 -0.377973 0.330323
v -0.012591 -0.368624 0.362790
v -0.012591 -0.373885 0.362771
v -0.012600 -0.378102 0.363089
v -0.043608 -0.368624 0.360274
v -0.043608 -0.373885 0.360255
v -0.043649 -0.378102 0.360571
v -0.074154 -0.368624 0.354326
v -0.074148 -0.373885 0.354307
v -0.074227 -0.378102 0.354616
v -0.120074 -0.368624 -0.167445
v -0.120068 -0.373885 -0.167429
v -0.120197 -0.378102 -0.167719
v -0.091037 -0.368624 -0.178638
v -0.091034 -0.373885 -0.178619
v -0.091132 -0.378102 -0.178922
v -0.060938 -0.368624 -0.186534
v -0.060935 -0.373885 -0.186515
v -0.060998 -0.378102 -0.186824
v 0.108430 -0.368624 0.338257
v 0.108424 -0.373885 0.338241
v 0.108553 -0.378102 0.338531
v 0.079393 -0.368624 0.349450
v 0.079387 -0.373885 0.349431
v 0.079485 -0.378102 0.349734
v 0.049294 -0.368624 0.357343
v 0.049291 -0.373885 0.357324
v 0.049354 -0.378102 0.357636
v -0.218470 -0.368624 -0.092835
v -0.218454 -0.373885 -0.092823
v -0.218700 -0.378102 -0.093024
v -0.197165 -0.368624 -0.115515
v -0.197149 -0.373885 -0.115502
v -0.197370 -0.378102 -0.115732
v -0.173470 -0.368624 -0.135688
v -0.173458 -0.373885 -0.135672
v -0.173650 -0.378102 -0.135928
v 0.206826 -0.368624 0.263644
v 0.206810 -0.373885 0.263631
v 0.207053 -0.378102 0.263836
v 0.185518 -0.368624 0.286326
v 0.185505 -0.373885 0.286314
v 0.185726 -0.378102 0.286544
v 0.161823 -0.368624 0.306500
v 0.161814 -0.373885 0.306484
v 0.162006 -0.378102 0.306736
v 0.263100 -0.368624 0.153730
v 0.263084 -0.373885 0.153724
v 0.263390 -0.378102 0.153803
v 0.253748 -0.368624 0.183407
v 0.253729 -0.373885 0.183401
v 0.254025 -0.378102 0.183515
v 0.241152 -0.368624 0.211864
v 0.241136 -0.373885 0.211855
v 0.241417 -0.378102 0.212000
v -0.274747 -0.368624 0.017081
v -0.274728 -0.373885 0.017087
v -0.275034 -0.378102 0.017009
v -0.265392 -0.368624 -0.012599
v -0.265373 -0.373885 -0.012593
v -0.265669 -0.378102 -0.012703
v -0.252796 -0.368624 -0.041053
v -0.252780 -0.373885 -0.041046
v -0.253061 -0.378102 -0.041191
v 0.266113 -0.368624 0.030282
v 0.266095 -0.373885 0.030285
v 0.266407 -0.378102 0.030222
v 0.270564 -0.368624 0.061081
v 0.270545 -0.373885 0.061081
v 0.270861 -0.378102 0.061056
v 0.271563 -0.368624 0.092183
v 0.271545 -0.373885 0.092183
v 0.271860 -0.378102 0.092192
v -0.277757 -0.368624 0.140530
v -0.277742 -0.373885 0.140526
v -0.278050 -0.378102 0.140589
v -0.282208 -0.368624 0.109730
v -0.282189 -0.373885 0.109727
v -0.282504 -0.378102 0.109756
v -0.283207 -0.368624 0.078629
v -0.283188 -0.373885 0.078629
v -0.283507 -0.378102 0.078619
v 0.215267 -0.368624 -0.082247
v 0.215251 -0.373885 -0.082238
v 0.215504 -0.378102 -0.082430
v 0.232638 -0.368624 -0.056429
v 0.232623 -0.373885 -0.056419
v 0.232894 -0.378102 -0.056583
v 0.247034 -0.368624 -0.028842
v 0.247015 -0.373885 -0.028832
v 0.247305 -0.378102 -0.028965
v -0.226911 -0.368624 0.253059
v -0.226895 -0.373885 0.253046
v -0.227151 -0.378102 0.253239
v -0.244282 -0.368624 0.227240
v -0.244266 -0.373885 0.227231
v -0.244541 -0.378102 0.227392
v -0.258678 -0.368624 0.199650
v -0.258662 -0.373885 0.199644
v -0.258949 -0.378102 0.199773
v 0.120629 -0.368624 -0.161573
v 0.120623 -0.373885 -0.161554
v 0.120764 -0.378102 -0.161838
v 0.147485 -0.368624 -0.145847
v 0.147472 -0.373885 -0.145831
v 0.147649 -0.378102 -0.146096
v 0.172424 -0.368624 -0.127237
v 0.172411 -0.373885 -0.127221
v 0.172616 -0.378102 -0.127464
v -0.132273 -0.368624 0.332385
v -0.132266 -0.373885 0.332366
v -0.132411 -0.378102 0.332649
v -0.159128 -0.368624 0.316659
v -0.159116 -0.373885 0.316643
v -0.159292 -0.378102 0.316908
v -0.184068 -0.368624 0.298049
v -0.184055 -0.373885 0.298033
v -0.184260 -0.378102 0.298276
v 0.000947 -0.368624 -0.191978
v 0.000947 -0.373885 -0.191959
v 0.000954 -0.378102 -0.192277
v 0.031964 -0.368624 -0.189463
v 0.031961 -0.373885 -0.189444
v 0.032005 -0.378102 -0.189759
v 0.062511 -0.368624 -0.183518
v 0.062504 -0.373885 -0.183499
v 0.062583 -0.378102 -0.183805
v 0.001174 -0.342181 -0.201311
v 0.001035 -0.350821 -0.195521
v 0.000972 -0.357355 -0.193021
v 0.033237 -0.342181 -0.198711
v 0.032446 -0.350821 -0.192971
v 0.032106 -0.357355 -0.190493
v 0.064809 -0.342181 -0.192564
v 0.063381 -0.350821 -0.186950
v 0.062766 -0.357355 -0.184526
v -0.136528 -0.342181 0.340690
v -0.133890 -0.350821 0.335537
v -0.132749 -0.357355 0.333311
v -0.164285 -0.342181 0.324438
v -0.161086 -0.350821 0.319609
v -0.159702 -0.357355 0.317526
v -0.190063 -0.342181 0.305201
v -0.186344 -0.350821 0.300763
v -0.184736 -0.357355 0.298846
v 0.124884 -0.342181 -0.169882
v 0.122243 -0.350821 -0.164725
v 0.121105 -0.357355 -0.162500
v 0.152641 -0.342181 -0.153626
v 0.149439 -0.350821 -0.148801
v 0.148058 -0.357355 -0.146714
v 0.178419 -0.342181 -0.134389
v 0.174700 -0.350821 -0.129951
v 0.173092 -0.357355 -0.128035
v -0.234350 -0.342181 0.258698
v -0.229732 -0.350821 0.255199
v -0.227740 -0.357355 0.253690
v -0.252304 -0.342181 0.232013
v -0.247327 -0.350821 0.229050
v -0.245177 -0.357355 0.227773
v -0.267185 -0.342181 0.203496
v -0.261905 -0.350821 0.201110
v -0.259626 -0.357355 0.200079
v 0.222706 -0.342181 -0.087890
v 0.218088 -0.350821 -0.084388
v 0.216096 -0.357355 -0.082878
v 0.240660 -0.342181 -0.061201
v 0.235683 -0.350821 -0.058241
v 0.233533 -0.357355 -0.056961
v 0.255541 -0.342181 -0.032684
v 0.250262 -0.350821 -0.030298
v 0.247983 -0.357355 -0.029270
v -0.286908 -0.342181 0.142383
v -0.281231 -0.350821 0.141232
v -0.278779 -0.357355 0.140738
v -0.291507 -0.342181 0.110547
v -0.285735 -0.350821 0.110039
v -0.283245 -0.357355 0.109822
v -0.292537 -0.342181 0.078399
v -0.286747 -0.350821 0.078541
v -0.284247 -0.357355 0.078600
v 0.275264 -0.342181 0.028426
v 0.269584 -0.350821 0.029579
v 0.267135 -0.357355 0.030074
v 0.279860 -0.342181 0.060262
v 0.274091 -0.350821 0.060769
v 0.271601 -0.357355 0.060990
v 0.280894 -0.342181 0.092413
v 0.275103 -0.350821 0.092271
v 0.272604 -0.357355 0.092208
v -0.283794 -0.342181 0.014783
v -0.278180 -0.350821 0.016208
v -0.275756 -0.357355 0.016826
v -0.274123 -0.342181 -0.015896
v -0.268704 -0.350821 -0.013850
v -0.266366 -0.357355 -0.012965
v -0.261105 -0.342181 -0.045308
v -0.255948 -0.350821 -0.042667
v -0.253723 -0.357355 -0.041529
v 0.272150 -0.342181 0.156028
v 0.266533 -0.350821 0.154600
v 0.264112 -0.357355 0.153986
v 0.262479 -0.342181 0.186704
v 0.257061 -0.350821 0.184659
v 0.254722 -0.357355 0.183776
v 0.249461 -0.342181 0.216120
v 0.244304 -0.350821 0.213478
v 0.242079 -0.357355 0.212340
v 0.213978 -0.342181 0.269642
v 0.209540 -0.350821 0.265920
v 0.207623 -0.357355 0.264315
v 0.191957 -0.342181 0.293084
v 0.187961 -0.350821 0.288892
v 0.186236 -0.357355 0.287080
v 0.167466 -0.342181 0.313939
v 0.163964 -0.350821 0.309321
v 0.162454 -0.357355 0.307329
v -0.225622 -0.342181 -0.098831
v -0.221184 -0.350821 -0.095108
v -0.219267 -0.357355 -0.093504
v -0.203601 -0.342181 -0.122276
v -0.199604 -0.350821 -0.118080
v -0.197880 -0.357355 -0.116268
v -0.179110 -0.342181 -0.143127
v -0.175608 -0.350821 -0.138512
v -0.174098 -0.357355 -0.136517
v 0.112276 -0.342181 0.346764
v 0.109890 -0.350821 0.341485
v 0.108859 -0.357355 0.339206
v 0.082262 -0.342181 0.358333
v 0.080481 -0.350821 0.352820
v 0.079715 -0.357355 0.350440
v 0.051147 -0.342181 0.366493
v 0.049997 -0.350821 0.360813
v 0.049502 -0.357355 0.358364
v -0.123920 -0.342181 -0.175953
v -0.121533 -0.350821 -0.170673
v -0.120506 -0.357355 -0.168397
v -0.093905 -0.342181 -0.187521
v -0.092128 -0.350821 -0.182008
v -0.091359 -0.357355 -0.179628
v -0.062791 -0.342181 -0.195682
v -0.061641 -0.350821 -0.190005
v -0.061146 -0.357355 -0.187552
v -0.012821 -0.342181 0.372123
v -0.012679 -0.350821 0.366329
v -0.012616 -0.357355 0.363830
v -0.044881 -0.342181 0.369522
v -0.044090 -0.350821 0.363783
v -0.043749 -0.357355 0.361305
v -0.076452 -0.342181 0.363373
v -0.075028 -0.350821 0.357759
v -0.074410 -0.357355 0.355335
v -0.202110 0.391552 -0.173459
v -0.229852 0.391552 -0.149841
v -0.254797 0.391552 -0.123284
v -0.198539 0.393901 -0.168750
v -0.225776 0.393901 -0.145560
v -0.250268 0.393901 -0.119486
v -0.195459 0.389973 -0.164690
v -0.222262 0.389973 -0.141869
v -0.246362 0.389973 -0.116214
v -0.070353 0.391552 -0.232990
v -0.105597 0.391552 -0.223748
v -0.139595 0.391552 -0.210645
v -0.069180 0.393901 -0.227196
v -0.103781 0.393901 -0.218121
v -0.137162 0.393901 -0.205255
v -0.068169 0.389973 -0.222203
v -0.102217 0.389973 -0.213273
v -0.135062 0.389973 -0.200615
v 0.074183 0.391552 -0.229459
v 0.038419 0.391552 -0.236422
v 0.002104 0.391552 -0.239366
v 0.072727 0.393901 -0.223729
v 0.037615 0.393901 -0.230563
v 0.001959 0.393901 -0.233456
v 0.071472 0.389973 -0.218790
v 0.036922 0.389973 -0.225519
v 0.001836 0.389973 -0.228366
v 0.202876 0.391552 -0.163565
v 0.173675 0.391552 -0.185355
v 0.142233 0.391552 -0.203767
v 0.199078 0.393901 -0.159032
v 0.170407 0.393901 -0.180426
v 0.139538 0.393901 -0.198503
v 0.195803 0.389973 -0.155130
v 0.167592 0.389973 -0.176183
v 0.137218 0.389973 -0.193970
v 0.290230 0.391552 -0.048359
v 0.273376 0.391552 -0.080662
v 0.253039 0.391552 -0.110890
v 0.284843 0.393901 -0.045923
v 0.268295 0.393901 -0.077639
v 0.248326 0.393901 -0.107319
v 0.280200 0.389973 -0.043827
v 0.263916 0.389973 -0.075035
v 0.244266 0.389973 -0.104240
v 0.318952 0.391552 0.093343
v 0.317779 0.391552 0.056924
v 0.312572 0.391552 0.020864
v 0.313039 0.393901 0.093198
v 0.311891 0.393901 0.057444
v 0.306775 0.393901 0.022039
v 0.307948 0.389973 0.093072
v 0.306816 0.389973 0.057891
v 0.301786 0.389973 0.023051
v 0.283346 0.391552 0.233469
v 0.298091 0.391552 0.200151
v 0.309045 0.391552 0.165403
v 0.278082 0.393901 0.230774
v 0.292559 0.393901 0.198065
v 0.303314 0.393901 0.163946
v 0.273549 0.389973 0.228454
v 0.287794 0.389973 0.196265
v 0.298378 0.389973 0.162692
v 0.190467 0.391552 0.344271
v 0.218208 0.391552 0.320652
v 0.243154 0.391552 0.294096
v 0.186892 0.393901 0.339559
v 0.214129 0.393901 0.316369
v 0.238621 0.393901 0.290298
v 0.183816 0.389973 0.335502
v 0.210618 0.389973 0.312681
v 0.234719 0.389973 0.287026
v 0.058709 0.391552 0.403801
v 0.093953 0.391552 0.394556
v 0.127951 0.391552 0.381453
v 0.057533 0.393901 0.398008
v 0.092137 0.393901 0.388930
v 0.125515 0.393901 0.376066
v 0.056522 0.389973 0.393015
v 0.090574 0.389973 0.384085
v 0.123418 0.389973 0.371426
v -0.085827 0.391552 0.400268
v -0.050063 0.391552 0.407231
v -0.013748 0.391552 0.410178
v -0.084370 0.393901 0.394537
v -0.049259 0.393901 0.401374
v -0.013603 0.393901 0.404268
v -0.083119 0.389973 0.389601
v -0.048566 0.389973 0.396328
v -0.013480 0.389973 0.399174
v -0.214520 0.391552 0.334374
v -0.185319 0.391552 0.356164
v -0.153877 0.391552 0.374575
v -0.210722 0.393901 0.329844
v -0.182050 0.393901 0.351237
v -0.151182 0.393901 0.369314
v -0.207450 0.389973 0.325939
v -0.179239 0.389973 0.346991
v -0.148862 0.389973 0.364779
v -0.301877 0.391552 0.219168
v -0.285020 0.391552 0.251470
v -0.264682 0.391552 0.281702
v -0.296487 0.393901 0.216734
v -0.279939 0.393901 0.248448
v -0.259970 0.393901 0.278128
v -0.291847 0.389973 0.214638
v -0.275563 0.389973 0.245844
v -0.255913 0.389973 0.275051
v -0.330596 0.391552 0.077469
v -0.329426 0.391552 0.113885
v -0.324216 0.391552 0.149948
v -0.324686 0.393901 0.077614
v -0.323535 0.393901 0.113368
v -0.318422 0.393901 0.148772
v -0.319592 0.389973 0.077737
v -0.318460 0.389973 0.112920
v -0.313429 0.389973 0.147760
v -0.294990 0.391552 -0.062657
v -0.309735 0.391552 -0.029340
v -0.320689 0.391552 0.005409
v -0.289726 0.393901 -0.059962
v -0.304203 0.393901 -0.027253
v -0.314958 0.393901 0.006865
v -0.285193 0.389973 -0.057642
v -0.299441 0.389973 -0.025453
v -0.310022 0.389973 0.008120
v 0.403696 0.011429 -0.383924
v 0.416235 0.008999 -0.392299
v 0.418791 0.006569 -0.407291
v 0.404812 0.031086 -0.385608
v 0.417458 0.029589 -0.394147
v 0.420128 0.028091 -0.409305
v 0.404944 0.051896 -0.385809
v 0.417672 0.051351 -0.394471
v 0.420418 0.050805 -0.409746
v 0.340730 -0.137853 -0.288593
v 0.348093 -0.154607 -0.289214
v 0.345455 -0.171363 -0.296463
v 0.354744 -0.122506 -0.309794
v 0.363352 -0.136444 -0.312281
v 0.361962 -0.150383 -0.321396
v 0.368370 -0.104760 -0.330440
v 0.378211 -0.115946 -0.334777
v 0.378060 -0.127136 -0.345737
v 0.309688 -0.193860 -0.327562
v 0.281127 -0.196734 -0.347439
v 0.251696 -0.193860 -0.366008
v 0.327872 -0.169100 -0.355001
v 0.299526 -0.171493 -0.375196
v 0.269887 -0.169100 -0.393441
v 0.345641 -0.142159 -0.381812
v 0.317508 -0.144079 -0.402323
v 0.287664 -0.142159 -0.420246
v 0.239481 -0.115354 -0.348328
v 0.268386 -0.112482 -0.328224
v 0.298161 -0.115354 -0.309428
v 0.251872 -0.103786 -0.366988
v 0.280550 -0.101396 -0.346572
v 0.310520 -0.103786 -0.328107
v 0.263916 -0.089734 -0.385103
v 0.292361 -0.087817 -0.364385
v 0.322517 -0.089734 -0.346254
v 0.197880 -0.110849 -0.295158
v 0.231998 -0.105504 -0.273330
v 0.265385 -0.110849 -0.250408
v 0.208670 -0.124681 -0.304823
v 0.239441 -0.120299 -0.284558
v 0.270085 -0.124681 -0.264107
v 0.218199 -0.127735 -0.316548
v 0.247582 -0.123991 -0.296842
v 0.277177 -0.127735 -0.277450
v 0.262602 -0.253245 -0.247401
v 0.229612 -0.257176 -0.269737
v 0.196194 -0.253245 -0.291426
v 0.270123 -0.241674 -0.264968
v 0.239875 -0.245601 -0.285217
v 0.209445 -0.241674 -0.305191
v 0.280024 -0.229721 -0.282462
v 0.250990 -0.233409 -0.301983
v 0.221704 -0.229721 -0.321122
v 0.309388 -0.156041 -0.219732
v 0.314123 -0.187499 -0.216230
v 0.307961 -0.216804 -0.218739
v 0.310807 -0.159247 -0.237349
v 0.315857 -0.184678 -0.234355
v 0.310615 -0.209485 -0.237860
v 0.317417 -0.157091 -0.252750
v 0.322946 -0.178916 -0.250575
v 0.318444 -0.200659 -0.255013
v 0.152134 -0.216804 -0.322043
v 0.147425 -0.187499 -0.326742
v 0.152490 -0.156041 -0.323745
v 0.168711 -0.209485 -0.331931
v 0.163444 -0.184678 -0.335395
v 0.168169 -0.159247 -0.331912
v 0.181464 -0.200659 -0.345822
v 0.175623 -0.178916 -0.348243
v 0.179778 -0.157091 -0.343997
v 0.388704 0.104444 -0.446796
v 0.361080 0.104700 -0.468044
v 0.330750 0.104444 -0.485214
v 0.385212 0.134162 -0.441532
v 0.357571 0.134610 -0.462752
v 0.327261 0.134162 -0.479950
v 0.380849 0.163779 -0.434947
v 0.353171 0.164432 -0.456117
v 0.322895 0.163779 -0.473365
v 0.282649 0.006569 -0.497545
v 0.269836 0.008999 -0.489352
v 0.267006 0.011429 -0.474544
v 0.283983 0.028091 -0.499559
v 0.271062 0.029589 -0.491199
v 0.268118 0.031086 -0.476224
v 0.284276 0.050805 -0.500000
v 0.271273 0.051351 -0.491521
v 0.268254 0.051896 -0.476426
v 0.295781 0.014692 -0.433059
v 0.323712 0.015108 -0.411678
v 0.354281 0.014692 -0.394276
v 0.296749 0.033097 -0.434515
v 0.324660 0.033355 -0.413110
v 0.355248 0.033097 -0.395735
v 0.296774 0.052630 -0.434556
v 0.324673 0.052722 -0.413128
v 0.355273 0.052630 -0.395776
v 0.390016 0.003307 -0.448775
v 0.362356 0.002890 -0.469973
v 0.332065 0.003307 -0.487193
v 0.391500 0.026080 -0.451013
v 0.363860 0.025825 -0.472240
v 0.333546 0.026080 -0.489431
v 0.391898 0.050074 -0.451615
v 0.364273 0.049980 -0.472861
v 0.333946 0.050074 -0.490036
v 0.387125 0.195262 -0.358931
v 0.398813 0.201822 -0.366020
v 0.400515 0.208381 -0.379726
v 0.382905 0.212530 -0.352564
v 0.394009 0.220567 -0.358774
v 0.395128 0.228605 -0.371600
v 0.377751 0.226667 -0.344788
v 0.388118 0.236148 -0.349888
v 0.388503 0.245626 -0.361601
v 0.401716 0.099480 -0.380939
v 0.414454 0.100965 -0.389614
v 0.417212 0.102449 -0.404908
v 0.398564 0.125472 -0.376189
v 0.411201 0.128072 -0.384709
v 0.413858 0.130673 -0.399849
v 0.394861 0.151054 -0.370600
v 0.407302 0.154862 -0.378824
v 0.409757 0.158667 -0.393664
v 0.281067 0.102449 -0.495162
v 0.268055 0.100965 -0.486667
v 0.265026 0.099480 -0.471556
v 0.277713 0.130673 -0.490102
v 0.264805 0.128072 -0.481762
v 0.261874 0.125472 -0.466805
v 0.273615 0.158667 -0.483918
v 0.260903 0.154862 -0.475877
v 0.258170 0.151054 -0.461217
v 0.293530 0.097485 -0.429667
v 0.321429 0.097232 -0.408236
v 0.352033 0.097485 -0.390884
v 0.290520 0.121980 -0.425122
v 0.318435 0.121535 -0.403719
v 0.349020 0.121980 -0.386342
v 0.287081 0.145942 -0.419934
v 0.315031 0.145289 -0.398582
v 0.345581 0.145942 -0.381154
v 0.260162 0.230125 -0.379310
v 0.288793 0.228079 -0.359004
v 0.318646 0.230125 -0.340539
v 0.251393 0.234616 -0.365961
v 0.280159 0.232416 -0.345983
v 0.309764 0.234616 -0.327266
v 0.241206 0.237050 -0.350260
v 0.270003 0.234736 -0.330664
v 0.299270 0.237050 -0.311770
v 0.264374 0.208381 -0.469980
v 0.252414 0.201822 -0.463073
v 0.250435 0.195262 -0.449548
v 0.258987 0.228605 -0.461853
v 0.247611 0.220567 -0.455827
v 0.246214 0.212530 -0.443180
v 0.252358 0.245626 -0.451855
v 0.241719 0.236148 -0.446938
v 0.241061 0.226667 -0.435407
v 0.280355 0.186455 -0.409790
v 0.308433 0.185333 -0.388634
v 0.338857 0.186455 -0.371010
v 0.276919 0.201737 -0.404605
v 0.305099 0.200359 -0.383600
v 0.335418 0.201737 -0.365825
v 0.272752 0.213939 -0.398323
v 0.301058 0.212315 -0.377507
v 0.331251 0.213939 -0.359540
v 0.370596 0.217188 -0.419483
v 0.342791 0.218310 -0.440460
v 0.312645 0.217188 -0.457901
v 0.364424 0.239401 -0.410175
v 0.336522 0.240779 -0.430998
v 0.306473 0.239401 -0.448593
v 0.356809 0.258355 -0.398686
v 0.328777 0.259978 -0.419319
v 0.298857 0.258355 -0.437103
v 0.311390 0.255726 -0.249835
v 0.315740 0.269853 -0.246323
v 0.310463 0.283981 -0.249195
v 0.296493 0.253573 -0.230399
v 0.300213 0.267817 -0.226210
v 0.294507 0.282061 -0.228265
v 0.282785 0.250301 -0.212908
v 0.286016 0.264738 -0.208284
v 0.280046 0.279171 -0.209756
v 0.335056 0.285967 -0.365888
v 0.306697 0.288009 -0.386014
v 0.277121 0.285967 -0.404296
v 0.320919 0.294686 -0.344697
v 0.292430 0.296886 -0.364492
v 0.263106 0.294686 -0.383023
v 0.305348 0.300268 -0.321567
v 0.276837 0.302582 -0.340971
v 0.247863 0.300268 -0.359675
v 0.362511 0.246128 -0.321841
v 0.370924 0.258046 -0.323997
v 0.369357 0.269964 -0.332766
v 0.352046 0.251830 -0.306351
v 0.359324 0.264652 -0.306821
v 0.356648 0.277472 -0.313898
v 0.339885 0.255168 -0.288807
v 0.346050 0.268659 -0.287669
v 0.342312 0.282150 -0.293097
v 0.233253 0.269964 -0.422994
v 0.224566 0.258046 -0.421021
v 0.225858 0.246128 -0.412432
v 0.220824 0.277472 -0.403940
v 0.213266 0.264652 -0.403650
v 0.215664 0.251830 -0.396760
v 0.207248 0.282150 -0.382635
v 0.200793 0.268659 -0.383965
v 0.204241 0.255168 -0.378730
v 0.179210 0.283981 -0.336205
v 0.174511 0.269853 -0.339950
v 0.179437 0.255726 -0.337308
v 0.166145 0.282061 -0.313359
v 0.162032 0.267817 -0.317812
v 0.167340 0.253573 -0.316022
v 0.154731 0.279171 -0.292832
v 0.151046 0.264738 -0.297759
v 0.156566 0.250301 -0.296583
v 0.217543 0.236753 -0.312889
v 0.245852 0.234333 -0.294229
v 0.274063 0.236753 -0.275420
v 0.205307 0.234446 -0.293169
v 0.233121 0.232003 -0.275026
v 0.260664 0.234446 -0.256473
v 0.194145 0.230919 -0.275007
v 0.221407 0.228441 -0.257359
v 0.248279 0.230919 -0.239121
v 0.272361 0.302950 -0.273611
v 0.244399 0.305374 -0.292041
v 0.216537 0.302950 -0.310619
v 0.256541 0.301188 -0.251117
v 0.229124 0.303631 -0.268996
v 0.201978 0.301188 -0.287288
v 0.242467 0.298556 -0.231335
v 0.215655 0.301031 -0.248681
v 0.189237 0.298556 -0.266619
v -0.313760 -0.038818 -0.172706
v -0.305225 0.035505 -0.165551
v -0.296150 0.108697 -0.157945
v -0.282908 -0.038818 -0.205551
v -0.275226 0.035505 -0.197488
v -0.267062 0.108697 -0.188911
v -0.248594 -0.038818 -0.234764
v -0.241864 0.035505 -0.225891
v -0.234712 0.108697 -0.216454
v -0.171277 -0.038793 -0.280750
v -0.166690 0.035508 -0.270604
v -0.161811 0.108678 -0.259817
v -0.129237 -0.038616 -0.296927
v -0.125808 0.035533 -0.286358
v -0.122161 0.108552 -0.275117
v -0.085678 -0.038134 -0.308284
v -0.083431 0.035603 -0.297463
v -0.081042 0.108202 -0.285954
v 0.003825 -0.035789 -0.315874
v 0.003699 0.035959 -0.305116
v 0.003563 0.106563 -0.293708
v 0.048872 -0.034465 -0.312637
v 0.047485 0.036299 -0.301812
v 0.046038 0.106002 -0.290727
v 0.093650 -0.033636 -0.305377
v 0.090769 0.036769 -0.294033
v 0.087998 0.106367 -0.283373
v 0.178864 -0.026550 -0.274739
v 0.172998 0.037705 -0.263748
v 0.168455 0.102194 -0.254462
v 0.217609 -0.023817 -0.251628
v 0.210889 0.037885 -0.241494
v 0.205294 0.100019 -0.233050
v 0.253981 -0.026550 -0.224939
v 0.246145 0.037705 -0.215259
v 0.239359 0.102194 -0.207458
v 0.315384 -0.033636 -0.158383
v 0.306057 0.036769 -0.151310
v 0.297316 0.106367 -0.144608
v 0.339507 -0.034465 -0.119965
v 0.330079 0.036299 -0.114471
v 0.320430 0.106002 -0.108823
v 0.360030 -0.035789 -0.079735
v 0.350167 0.035959 -0.075429
v 0.339715 0.106563 -0.070865
v 0.387888 -0.038134 0.005661
v 0.377048 0.035603 0.007805
v 0.365518 0.108202 0.010084
v 0.394391 -0.038616 0.050203
v 0.383321 0.035533 0.051162
v 0.371548 0.108552 0.052177
v 0.395860 -0.038793 0.095225
v 0.384730 0.035508 0.094950
v 0.372894 0.108678 0.094657
v 0.383611 -0.038818 0.184347
v 0.372818 0.035505 0.181604
v 0.361341 0.108697 0.178689
v 0.370066 -0.038818 0.227325
v 0.359645 0.035505 0.223392
v 0.348569 0.108697 0.219209
v 0.351825 -0.038818 0.268533
v 0.341912 0.035505 0.263458
v 0.331371 0.108697 0.258061
v 0.302117 -0.038818 0.343518
v 0.293581 0.035505 0.336362
v 0.284506 0.108697 0.328757
v 0.271264 -0.038818 0.376362
v 0.263582 0.035505 0.368296
v 0.255415 0.108697 0.359723
v 0.236950 -0.038818 0.405576
v 0.230221 0.035505 0.396703
v 0.223069 0.108697 0.387266
v 0.159630 -0.038818 0.451565
v 0.155043 0.035505 0.441415
v 0.150167 0.108697 0.430626
v 0.117581 -0.038818 0.467773
v 0.114161 0.035505 0.457173
v 0.110523 0.108697 0.445904
v 0.073991 -0.038818 0.479206
v 0.071781 0.035505 0.468290
v 0.069426 0.108697 0.456684
v -0.015626 -0.038818 0.487092
v -0.015352 0.035505 0.475959
v -0.015065 0.108697 0.464120
v -0.060541 -0.038818 0.483448
v -0.059024 0.035505 0.472416
v -0.057414 0.108697 0.460684
v -0.104774 -0.038818 0.474837
v -0.102032 0.035505 0.464041
v -0.099116 0.108697 0.452564
v -0.188941 -0.038818 0.443061
v -0.183863 0.035505 0.433144
v -0.178467 0.108697 0.422604
v -0.227828 -0.038818 0.420287
v -0.221672 0.035505 0.411004
v -0.215132 0.108697 0.401135
v -0.263945 -0.038818 0.393336
v -0.256790 0.035505 0.384801
v -0.249180 0.108697 0.375726
v -0.325987 -0.038818 0.328189
v -0.317111 0.035505 0.321459
v -0.307677 0.108697 0.314304
v -0.351141 -0.038818 0.290799
v -0.341571 0.035505 0.285106
v -0.331393 0.108697 0.279054
v -0.371989 -0.038818 0.250846
v -0.361839 0.035505 0.246260
v -0.351046 0.108697 0.241387
v -0.399620 -0.038818 0.165232
v -0.388704 0.035505 0.163020
v -0.377099 0.108697 0.160665
v -0.406063 -0.038818 0.120630
v -0.394968 0.035505 0.119653
v -0.383173 0.108697 0.118616
v -0.407510 -0.038818 0.075590
v -0.396374 0.035505 0.075861
v -0.384537 0.108697 0.076151
v -0.395258 -0.038818 -0.013535
v -0.384462 0.035505 -0.010793
v -0.372985 0.108697 -0.007877
v -0.381710 -0.038818 -0.056514
v -0.371289 0.035505 -0.052580
v -0.360213 0.108697 -0.048400
v -0.363469 -0.038818 -0.097724
v -0.353556 0.035505 -0.092646
v -0.343015 0.108697 -0.087250
v 0.263116 0.226430 -0.171647
v 0.260777 0.235310 -0.180898
v 0.263882 0.241649 -0.188886
v 0.264370 0.250632 -0.165437
v 0.262873 0.253973 -0.175388
v 0.266429 0.257541 -0.183773
v 0.257527 0.272574 -0.165812
v 0.256367 0.271978 -0.175965
v 0.260150 0.273349 -0.184555
v 0.126221 0.226430 -0.262399
v 0.120011 0.250632 -0.261138
v 0.123021 0.272574 -0.254982
v 0.135652 0.235310 -0.263846
v 0.129760 0.253973 -0.263634
v 0.132824 0.271978 -0.257866
v 0.141801 0.241649 -0.269819
v 0.136099 0.257541 -0.270172
v 0.139267 0.273349 -0.264693
v 0.172014 0.294465 -0.238550
v 0.166334 0.295272 -0.231458
v 0.160383 0.299871 -0.227556
v 0.197414 0.297151 -0.221166
v 0.192493 0.298147 -0.213743
v 0.189146 0.302919 -0.208693
v 0.223318 0.294465 -0.204539
v 0.218996 0.295272 -0.196545
v 0.217719 0.299871 -0.189545
v 0.169619 0.190752 -0.244113
v 0.174003 0.209740 -0.244744
v 0.178757 0.220246 -0.250017
v 0.200310 0.186547 -0.225535
v 0.201565 0.206487 -0.227426
v 0.205291 0.217516 -0.233046
v 0.229373 0.190752 -0.204501
v 0.228247 0.209740 -0.208785
v 0.231255 0.220246 -0.215215
v 0.372036 -0.089258 -0.421649
v 0.344213 -0.090437 -0.442604
v 0.314079 -0.089258 -0.460072
v 0.379557 -0.064914 -0.432996
v 0.351809 -0.065847 -0.454061
v 0.321603 -0.064914 -0.471417
v 0.384433 -0.041623 -0.440356
v 0.356730 -0.042364 -0.461481
v 0.326482 -0.041623 -0.478774
v 0.282195 -0.057002 -0.412593
v 0.310303 -0.055823 -0.391452
v 0.340720 -0.057002 -0.373797
v 0.287721 -0.039373 -0.420908
v 0.315743 -0.038440 -0.399660
v 0.346227 -0.039373 -0.382121
v 0.291475 -0.021359 -0.426563
v 0.319453 -0.020618 -0.405255
v 0.349975 -0.021359 -0.387783
v 0.265918 -0.080013 -0.472334
v 0.254041 -0.073128 -0.465567
v 0.252150 -0.066247 -0.452177
v 0.272875 -0.057595 -0.482809
v 0.260572 -0.052142 -0.475388
v 0.258252 -0.046692 -0.461355
v 0.277433 -0.035817 -0.489677
v 0.264890 -0.031493 -0.481894
v 0.262334 -0.027168 -0.467496
v 0.388881 -0.066247 -0.361532
v 0.400474 -0.073128 -0.368489
v 0.402085 -0.080013 -0.382065
v 0.394955 -0.046692 -0.370730
v 0.406980 -0.052142 -0.378329
v 0.409023 -0.057595 -0.392548
v 0.399024 -0.027168 -0.376879
v 0.411292 -0.031493 -0.384842
v 0.413574 -0.035817 -0.399423
vn -0.5739 -0.7251 -0.3805
vn -0.7507 0.4344 -0.4977
vn -0.3520 -0.7251 -0.5918
vn -0.4604 0.4344 -0.7741
vn -0.0603 -0.7250 -0.6861
vn -0.0790 0.4344 -0.8973
vn 0.2420 -0.7271 -0.6425
vn 0.3178 0.4360 -0.8420
vn 0.4975 -0.7271 -0.4731
vn 0.6518 0.4360 -0.6205
vn 0.6555 -0.7250 -0.2116
vn 0.8572 0.4344 -0.2767
vn 0.6822 -0.7251 0.0938
vn 0.8923 0.4344 0.1227
vn 0.5739 -0.7251 0.3805
vn 0.7507 0.4344 0.4977
vn 0.3520 -0.7251 0.5918
vn 0.4604 0.4344 0.7741
vn 0.0604 -0.7251 0.6859
vn 0.0790 0.4344 0.8972
vn -0.2432 -0.7251 0.6442
vn -0.3182 0.4344 0.8426
vn -0.4987 -0.7251 0.4749
vn -0.6523 0.4344 0.6212
vn -0.6553 -0.7251 0.2115
vn -0.8572 0.4344 0.2766
vn -0.6822 -0.7251 -0.0938
vn -0.8923 0.4344 -0.1227
vn -0.8243 0.1481 -0.5465
vn -0.5056 0.1481 -0.8500
vn -0.0881 0.1490 -0.9849
vn 0.2611 0.3150 -0.9125
vn 0.7388 0.3150 -0.5958
vn 0.9415 0.1490 -0.3023
vn 0.9798 0.1481 0.1347
vn 0.8243 0.1481 0.5465
vn 0.5056 0.1481 0.8500
vn 0.0867 0.1481 0.9852
vn -0.3493 0.1481 0.9252
vn -0.7162 0.1481 0.6820
vn -0.9412 0.1481 0.3037
vn -0.9798 0.1481 -0.1347
vn -0.5084 0.1041 -0.8548
vn -0.0871 0.1040 -0.9908
vn 0.2050 0.2542 -0.9452
vn 0.7907 0.2542 -0.5569
vn 0.9465 0.1040 -0.3056
vn 0.9853 0.1041 0.1354
vn 0.8290 0.1041 0.5495
vn 0.5084 0.1041 0.8548
vn 0.0872 0.1041 0.9907
vn -0.3513 0.1041 0.9305
vn -0.7202 0.1041 0.6859
vn -0.9465 0.1041 0.3055
vn -0.9853 0.1041 -0.1355
vn -0.8290 0.1041 -0.5495
vn -0.7356 -0.4703 -0.4876
vn -0.4511 -0.4703 -0.7585
vn -0.0715 -0.4599 -0.8851
vn 0.1037 -0.6038 -0.7903
vn 0.6876 -0.6038 -0.4033
vn 0.8431 -0.4599 -0.2788
vn 0.8743 -0.4703 0.1201
vn 0.7356 -0.4703 0.4876
vn 0.4511 -0.4703 0.7585
vn 0.0774 -0.4703 0.8791
vn -0.3117 -0.4703 0.8256
vn -0.6391 -0.4703 0.6086
vn -0.8399 -0.4703 0.2711
vn -0.8743 -0.4703 -0.1202
vn -0.0193 -0.9997 -0.0128
vn -0.0118 -0.9997 -0.0199
vn -0.0020 -0.9997 -0.0230
vn 0.0082 -0.9997 -0.0216
vn 0.0167 -0.9997 -0.0159
vn 0.0220 -0.9997 -0.0071
vn 0.0229 -0.9997 0.0031
vn 0.0193 -0.9997 0.0128
vn 0.0118 -0.9997 0.0199
vn 0.0020 -0.9997 0.0230
vn -0.0082 -0.9997 0.0216
vn -0.0167 -0.9997 0.0159
vn -0.0220 -0.9997 0.0071
vn -0.0229 -0.9997 -0.0031
vn 0.3490 -0.1551 -0.9242
vn -0.0866 -0.1550 -0.9841
vn -0.7154 -0.1550 0.6813
vn -0.3490 -0.1550 0.9242
vn 0.7154 -0.1550 -0.6813
vn -0.9402 -0.1550 0.3034
vn 0.9402 -0.1550 -0.3034
vn -0.9787 -0.1550 -0.1345
vn 0.9787 -0.1550 0.1345
vn -0.8234 -0.1550 -0.5459
vn 0.8234 -0.1550 0.5459
vn 0.5050 -0.1550 0.8491
vn -0.5050 -0.1550 -0.8491
vn 0.0866 -0.1550 0.9841
vn -0.0876 -0.0390 -0.9954
vn -0.3530 -0.0390 0.9348
vn 0.3530 -0.0390 -0.9348
vn -0.7236 -0.0390 0.6891
vn 0.7236 -0.0390 -0.6891
vn -0.9509 -0.0390 0.3069
vn 0.9509 -0.0390 -0.3069
vn -0.9899 -0.0390 -0.1361
vn 0.9899 -0.0390 0.1361
vn -0.8328 -0.0390 -0.5521
vn 0.8328 -0.0390 0.5521
vn 0.5108 -0.0390 0.8588
vn -0.5108 -0.0390 -0.8588
vn 0.0876 -0.0390 0.9954
vn 0.6048 0.6881 0.4009
vn 0.8197 0.1811 0.5434
vn 0.3709 0.6881 0.6236
vn 0.5027 0.1811 0.8452
vn 0.0636 0.6881 0.7228
vn 0.0862 0.1811 0.9797
vn -0.2563 0.6881 0.6788
vn -0.3474 0.1811 0.9201
vn -0.5255 0.6881 0.5004
vn -0.7122 0.1811 0.6782
vn -0.6906 0.6881 0.2229
vn -0.9359 0.1811 0.3021
vn -0.7189 0.6881 -0.0988
vn -0.9743 0.1811 -0.1339
vn -0.6048 0.6881 -0.4009
vn -0.8197 0.1811 -0.5434
vn -0.3709 0.6881 -0.6236
vn -0.5027 0.1811 -0.8452
vn -0.0636 0.6881 -0.7228
vn -0.0862 0.1811 -0.9797
vn 0.2563 0.6881 -0.6788
vn 0.3474 0.1811 -0.9201
vn 0.5255 0.6881 -0.5004
vn 0.7122 0.1811 -0.6782
vn 0.6906 0.6881 -0.2229
vn 0.9359 0.1811 -0.3021
vn 0.7189 0.6881 0.0988
vn 0.9743 0.1811 0.1339
vn 0.8229 -0.1588 0.5455
vn 0.5047 -0.1588 0.8486
vn 0.0866 -0.1588 0.9835
vn -0.3487 -0.1588 0.9237
vn -0.7150 -0.1588 0.6809
vn -0.9396 -0.1588 0.3032
vn -0.9781 -0.1588 -0.1345
vn -0.8229 -0.1588 -0.5455
vn -0.5047 -0.1588 -0.8486
vn -0.0866 -0.1588 -0.9835
vn 0.3487 -0.1588 -0.9237
vn 0.7150 -0.1588 -0.6809
vn 0.9396 -0.1588 -0.3032
vn 0.9781 -0.1588 0.1345
vn 0.5074 -0.1213 0.8531
vn 0.0870 -0.1213 0.9888
vn -0.3506 -0.1213 0.9286
vn -0.7188 -0.1213 0.6845
vn -0.9446 -0.1213 0.3049
vn -0.9834 -0.1213 -0.1352
vn -0.8273 -0.1213 -0.5485
vn -0.5074 -0.1213 -0.8531
vn -0.0870 -0.1213 -0.9888
vn 0.3506 -0.1213 -0.9286
vn 0.7188 -0.1213 -0.6845
vn 0.9446 -0.1213 -0.3049
vn 0.9834 -0.1213 0.1352
vn 0.8273 -0.1213 0.5485
vn 0.7292 0.4844 0.4834
vn 0.4472 0.4844 0.7519
vn 0.0767 0.4844 0.8715
vn -0.3090 0.4844 0.8185
vn -0.6335 0.4844 0.6033
vn -0.8326 0.4844 0.2687
vn -0.8667 0.4844 -0.1191
vn -0.7292 0.4844 -0.4834
vn -0.4472 0.4844 -0.7519
vn -0.0767 0.4844 -0.8715
vn 0.3090 0.4844 -0.8185
vn 0.6335 0.4844 -0.6033
vn 0.8326 0.4844 -0.2687
vn 0.8667 0.4844 0.1191
vn -0.0369 0.9990 -0.0245
vn -0.0227 0.9990 -0.0381
vn -0.0039 0.9990 -0.0442
vn 0.0157 0.9990 -0.0415
vn 0.0321 0.9990 -0.0306
vn 0.0422 0.9990 -0.0136
vn 0.0439 0.9990 0.0060
vn 0.0369 0.9990 0.0245
vn 0.0227 0.9990 0.0381
vn 0.0039 0.9990 0.0442
vn -0.0157 0.9990 0.0415
vn -0.0321 0.9990 0.0306
vn -0.0422 0.9990 0.0136
vn -0.0439 0.9990 -0.0060
vn -0.3396 -0.2755 0.8993
vn 0.0843 -0.2755 0.9576
vn 0.6961 -0.2755 -0.6629
vn 0.3396 -0.2755 -0.8993
vn -0.6961 -0.2755 0.6629
vn 0.9148 -0.2755 -0.2953
vn -0.9148 -0.2755 0.2953
vn 0.9524 -0.2755 0.1309
vn -0.9524 -0.2755 -0.1309
vn 0.8012 -0.2755 0.5312
vn -0.8012 -0.2755 -0.5312
vn -0.4914 -0.2755 -0.8262
vn 0.4914 -0.2755 0.8262
vn -0.0843 -0.2755 -0.9576
vn 0.0873 0.0920 0.9919
vn 0.3517 0.0920 -0.9316
vn -0.3517 0.0920 0.9316
vn 0.7211 0.0920 -0.6867
vn -0.7211 0.0920 0.6867
vn 0.9476 0.0920 -0.3058
vn -0.9476 0.0920 0.3058
vn 0.9865 0.0920 0.1356
vn -0.9865 0.0920 -0.1356
vn 0.8299 0.0920 0.5502
vn -0.8299 0.0920 -0.5502
vn -0.5090 0.0920 -0.8558
vn 0.5090 0.0920 0.8558
vn -0.0873 0.0920 -0.9919
vn -0.6960 0.6416 0.3224
vn 0.0477 -0.6148 -0.7872
vn 0.7065 -0.6148 -0.3505
vn -0.0260 0.6416 0.7666
vn -0.5840 0.8112 -0.0307
vn -0.1345 -0.7427 -0.6560
vn 0.6566 -0.7427 -0.1315
vn 0.2556 0.8112 0.5260
vn -0.8389 -0.1139 0.5322
vn 0.1687 0.0970 -0.9809
vn 0.8377 0.0970 -0.5374
vn -0.1635 -0.1139 0.9800
vn -0.8172 -0.2704 0.5090
vn 0.1479 0.2987 -0.9428
vn 0.8108 0.2987 -0.5033
vn -0.1506 -0.2704 0.9509
vn -0.6254 -0.7469 0.2262
vn -0.0266 0.7531 -0.6574
vn 0.6159 0.7531 -0.2315
vn 0.0352 -0.7469 0.6641
vn -0.3470 -0.9144 -0.2086
vn -0.3198 0.9161 -0.2417
vn 0.3472 0.9161 0.2005
vn 0.3273 -0.9144 0.2384
vn -0.2389 -0.8476 -0.4738
vn -0.4672 0.8761 -0.1188
vn 0.2913 0.8761 0.3841
vn 0.5295 -0.8476 0.0356
vn -0.8219 0.1659 -0.5449
vn -0.5041 0.1659 -0.8476
vn -0.0874 0.1657 -0.9823
vn 0.3054 0.0835 -0.9486
vn 0.7548 0.0835 -0.6506
vn 0.9388 0.1657 -0.3020
vn 0.9770 0.1659 0.1343
vn 0.8219 0.1659 0.5449
vn 0.5041 0.1659 0.8476
vn 0.0865 0.1659 0.9823
vn -0.3483 0.1659 0.9226
vn -0.7141 0.1659 0.6801
vn -0.9385 0.1659 0.3029
vn -0.9770 0.1659 -0.1343
vn 0.8262 -0.2002 -0.5267
vn -0.1600 0.1942 0.9678
vn -0.8291 0.1942 0.5243
vn 0.1634 -0.2002 -0.9660
vn -0.6761 -0.4703 -0.5672
vn -0.6086 -0.4703 -0.6391
vn -0.5336 -0.4703 -0.7029
vn -0.5446 0.4344 -0.7174
vn -0.6212 0.4344 -0.6523
vn -0.6900 0.4344 -0.5789
vn -0.8237 0.1529 -0.5460
vn -0.8193 0.1836 -0.5432
vn -0.8049 0.2599 -0.5336
vn -0.5109 0.0347 -0.8590
vn -0.5089 -0.0932 -0.8558
vn -0.4907 -0.2795 -0.8253
vn -0.3624 -0.4700 -0.8049
vn -0.2691 -0.4686 -0.8414
vn -0.1713 -0.4654 -0.8684
vn -0.1794 0.4344 -0.8827
vn -0.2766 0.4344 -0.8572
vn -0.3705 0.4344 -0.8210
vn -0.0856 0.0357 -0.9957
vn -0.0824 -0.0887 -0.9926
vn -0.0775 -0.2700 -0.9597
vn 0.0161 -0.4557 -0.8900
vn 0.0775 -0.4624 -0.8833
vn 0.1110 -0.4980 -0.8601
vn 0.2211 0.4354 -0.8727
vn 0.1225 0.4348 -0.8922
vn 0.0224 0.4344 -0.9004
vn 0.0171 0.1512 -0.9884
vn -0.0496 -0.0552 -0.9972
vn -0.0125 -0.3284 -0.9445
vn 0.2212 -0.7534 -0.6192
vn 0.3406 -0.7874 -0.5138
vn 0.4843 -0.7534 -0.4448
vn 0.5777 0.4363 -0.6898
vn 0.4972 0.4364 -0.7499
vn 0.4104 0.4363 -0.8007
vn 0.9037 0.1512 -0.4006
vn 0.9378 -0.0552 -0.3427
vn 0.8748 -0.3284 -0.3562
vn 0.7490 -0.4980 -0.4371
vn 0.7834 -0.4624 -0.4153
vn 0.8135 -0.4557 -0.3613
vn 0.8206 0.4344 -0.3712
vn 0.7740 0.4348 -0.4602
vn 0.7177 0.4354 -0.5434
vn 0.9504 0.0357 -0.3089
vn 0.9464 -0.0887 -0.3106
vn 0.9141 -0.2700 -0.3024
vn 0.8665 -0.4654 -0.1803
vn 0.8798 -0.4686 -0.0798
vn 0.8825 -0.4700 0.0204
vn 0.9005 0.4344 0.0216
vn 0.8972 0.4344 -0.0790
vn 0.8829 0.4344 -0.1785
vn 0.9901 0.0347 0.1361
vn 0.9864 -0.0932 0.1355
vn 0.9512 -0.2795 0.1307
vn 0.8552 -0.4703 0.2177
vn 0.8256 -0.4703 0.3117
vn 0.7857 -0.4703 0.4018
vn 0.8019 0.4344 0.4101
vn 0.8427 0.4344 0.3182
vn 0.8729 0.4344 0.2222
vn 0.8330 0.0347 0.5522
vn 0.8299 -0.0932 0.5501
vn 0.8003 -0.2795 0.5305
vn 0.6761 -0.4703 0.5672
vn 0.6086 -0.4703 0.6391
vn 0.5336 -0.4703 0.7029
vn 0.5446 0.4344 0.7174
vn 0.6212 0.4344 0.6523
vn 0.6900 0.4344 0.5789
vn 0.5109 0.0347 0.8589
vn 0.5090 -0.0932 0.8557
vn 0.4908 -0.2795 0.8252
vn 0.3630 -0.4703 0.8044
vn 0.2711 -0.4703 0.8399
vn 0.1757 -0.4703 0.8648
vn 0.1794 0.4344 0.8827
vn 0.2766 0.4344 0.8572
vn 0.3705 0.4344 0.8210
vn 0.0876 0.0347 0.9955
vn 0.0873 -0.0932 0.9918
vn 0.0842 -0.2795 0.9565
vn -0.0220 -0.4703 0.8822
vn -0.1202 -0.4703 0.8743
vn -0.2169 -0.4703 0.8554
vn -0.2214 0.4344 0.8731
vn -0.1227 0.4344 0.8923
vn -0.0224 0.4344 0.9004
vn -0.3530 0.0347 0.9350
vn -0.3517 -0.0932 0.9315
vn -0.3391 -0.2795 0.8983
vn -0.4026 -0.4703 0.7853
vn -0.4876 -0.4703 0.7356
vn -0.5666 -0.4703 0.6766
vn -0.5783 0.4344 0.6906
vn -0.4977 0.4344 0.7507
vn -0.4109 0.4344 0.8015
vn -0.7237 0.0347 0.6892
vn -0.7210 -0.0932 0.6866
vn -0.6953 -0.2795 0.6622
vn -0.7035 -0.4703 0.5329
vn -0.7585 -0.4703 0.4511
vn -0.8040 -0.4703 0.3638
vn -0.8206 0.4344 0.3713
vn -0.7741 0.4344 0.4604
vn -0.7180 0.4344 0.5439
vn -0.9511 0.0347 0.3070
vn -0.9475 -0.0932 0.3058
vn -0.9137 -0.2795 0.2949
vn -0.8650 -0.4703 0.1749
vn -0.8791 -0.4703 0.0774
vn -0.8823 -0.4703 -0.0211
vn -0.9005 0.4344 -0.0216
vn -0.8972 0.4344 0.0790
vn -0.8828 0.4344 0.1785
vn -0.9901 0.0347 -0.1361
vn -0.9864 -0.0932 -0.1356
vn -0.9512 -0.2795 -0.1308
vn -0.8552 -0.4703 -0.2177
vn -0.8256 -0.4703 -0.3117
vn -0.7857 -0.4703 -0.4018
vn -0.8019 0.4344 -0.4101
vn -0.8427 0.4344 -0.3182
vn -0.8729 0.4344 -0.2222
vn -0.8220 0.1655 -0.5449
vn -0.8225 0.1621 -0.5452
vn -0.8234 0.1552 -0.5458
vn -0.4936 0.2599 -0.8299
vn -0.5025 0.1836 -0.8448
vn -0.5052 0.1529 -0.8494
vn -0.0847 0.2598 -0.9620
vn -0.0864 0.1837 -0.9792
vn -0.0873 0.1535 -0.9843
vn 0.3392 0.2712 -0.9008
vn 0.3415 0.2173 -0.9144
vn 0.3319 0.2265 -0.9157
vn 0.6976 0.2712 -0.6632
vn 0.7092 0.2173 -0.6706
vn 0.7142 0.2265 -0.6623
vn 0.9190 0.2598 -0.2966
vn 0.9355 0.1837 -0.3017
vn 0.9406 0.1535 -0.3028
vn 0.9567 0.2599 0.1315
vn 0.9738 0.1836 0.1339
vn 0.9790 0.1529 0.1346
vn 0.8049 0.2599 0.5336
vn 0.8193 0.1836 0.5432
vn 0.8237 0.1529 0.5460
vn 0.4936 0.2599 0.8299
vn 0.5025 0.1836 0.8448
vn 0.5052 0.1529 0.8493
vn 0.0847 0.2599 0.9619
vn 0.0862 0.1836 0.9792
vn 0.0866 0.1529 0.9844
vn -0.3411 0.2599 0.9034
vn -0.3472 0.1836 0.9196
vn -0.3491 0.1529 0.9245
vn -0.6993 0.2599 0.6659
vn -0.7118 0.1836 0.6779
vn -0.7156 0.1529 0.6815
vn -0.9190 0.2599 0.2966
vn -0.9355 0.1836 0.3019
vn -0.9405 0.1529 0.3035
vn -0.9567 0.2599 -0.1315
vn -0.9738 0.1836 -0.1339
vn -0.9790 0.1529 -0.1346
vn -0.9584 0.1481 -0.2440
vn -0.9252 0.1481 -0.3493
vn -0.8805 0.1481 -0.4503
vn -0.9694 0.1481 0.1960
vn -0.9852 0.1481 0.0867
vn -0.9887 0.1481 -0.0237
vn -0.7883 0.1481 0.5972
vn -0.8500 0.1481 0.5056
vn -0.9010 0.1481 0.4077
vn -0.4512 0.1481 0.8801
vn -0.5465 0.1481 0.8243
vn -0.6349 0.1481 0.7582
vn -0.0246 0.1481 0.9887
vn -0.1347 0.1481 0.9798
vn -0.2431 0.1481 0.9586
vn 0.4068 0.1481 0.9014
vn 0.3038 0.1481 0.9412
vn 0.1969 0.1481 0.9692
vn 0.7576 0.1481 0.6357
vn 0.6820 0.1481 0.7162
vn 0.5979 0.1481 0.7877
vn 0.9584 0.1481 0.2440
vn 0.9252 0.1481 0.3493
vn 0.8805 0.1481 0.4503
vn 0.9694 0.1481 -0.1960
vn 0.9852 0.1480 -0.0867
vn 0.9887 0.1481 0.0236
vn 0.8109 0.2193 -0.5425
vn 0.8619 0.1733 -0.4765
vn 0.9044 0.1546 -0.3978
vn 0.4175 0.3496 -0.8388
vn 0.5201 0.3377 -0.7845
vn 0.6100 0.3496 -0.7111
vn 0.0142 0.1546 -0.9879
vn 0.1033 0.1733 -0.9794
vn 0.1839 0.2193 -0.9582
vn -0.4068 0.1481 -0.9015
vn -0.3037 0.1480 -0.9412
vn -0.1969 0.1481 -0.9692
vn -0.7576 0.1481 -0.6357
vn -0.6820 0.1481 -0.7162
vn -0.5979 0.1481 -0.7877
vn -0.5044 0.1626 -0.8480
vn -0.5051 0.1539 -0.8492
vn -0.5064 0.1374 -0.8513
vn -0.0871 0.1625 -0.9829
vn -0.0872 0.1539 -0.9842
vn -0.0874 0.1373 -0.9867
vn 0.3370 0.1412 -0.9308
vn 0.3345 0.1674 -0.9274
vn 0.3073 0.1943 -0.9316
vn 0.7261 0.1412 -0.6729
vn 0.7239 0.1674 -0.6692
vn 0.7384 0.1943 -0.6458
vn 0.9392 0.1625 -0.3025
vn 0.9405 0.1539 -0.3030
vn 0.9428 0.1373 -0.3037
vn 0.9775 0.1626 0.1344
vn 0.9789 0.1539 0.1346
vn 0.9813 0.1374 0.1349
vn 0.8224 0.1626 0.5452
vn 0.8235 0.1539 0.5460
vn 0.8256 0.1374 0.5473
vn 0.5044 0.1626 0.8480
vn 0.5051 0.1539 0.8492
vn 0.5064 0.1374 0.8513
vn 0.0865 0.1626 0.9829
vn 0.0866 0.1539 0.9843
vn 0.0868 0.1374 0.9867
vn -0.3485 0.1626 0.9231
vn -0.3490 0.1539 0.9244
vn -0.3499 0.1374 0.9267
vn -0.7145 0.1626 0.6805
vn -0.7155 0.1539 0.6814
vn -0.7173 0.1374 0.6831
vn -0.9390 0.1626 0.3031
vn -0.9403 0.1539 0.3035
vn -0.9426 0.1374 0.3042
vn -0.9775 0.1626 -0.1344
vn -0.9789 0.1539 -0.1346
vn -0.9813 0.1374 -0.1349
vn -0.8003 -0.2795 -0.5305
vn -0.8299 -0.0932 -0.5501
vn -0.8330 0.0347 -0.5522
vn -0.7619 0.1041 -0.6393
vn -0.6859 0.1041 -0.7202
vn -0.6013 0.1041 -0.7922
vn -0.4090 0.1040 -0.9066
vn -0.3051 0.1040 -0.9466
vn -0.1970 0.1038 -0.9749
vn 0.0121 0.1069 -0.9942
vn 0.0890 0.1188 -0.9889
vn 0.1471 0.1536 -0.9771
vn 0.3925 0.3112 -0.8655
vn 0.5241 0.3168 -0.7905
vn 0.6444 0.3112 -0.6985
vn 0.8427 0.1536 -0.5160
vn 0.8762 0.1188 -0.4671
vn 0.9110 0.1069 -0.3983
vn 0.9747 0.1038 -0.1982
vn 0.9907 0.1040 -0.0876
vn 0.9943 0.1040 0.0237
vn 0.9638 0.1041 0.2454
vn 0.9305 0.1041 0.3513
vn 0.8855 0.1041 0.4528
vn 0.7619 0.1041 0.6393
vn 0.6859 0.1041 0.7202
vn 0.6013 0.1041 0.7922
vn 0.4091 0.1041 0.9065
vn 0.3055 0.1041 0.9465
vn 0.1980 0.1041 0.9747
vn -0.0248 0.1041 0.9943
vn -0.1355 0.1041 0.9853
vn -0.2444 0.1041 0.9641
vn -0.4537 0.1041 0.8851
vn -0.5495 0.1041 0.8290
vn -0.6385 0.1041 0.7625
vn -0.7928 0.1041 0.6006
vn -0.8548 0.1041 0.5084
vn -0.9061 0.1041 0.4100
vn -0.9748 0.1041 0.1971
vn -0.9907 0.1041 0.0872
vn -0.9943 0.1041 -0.0238
vn -0.9638 0.1041 -0.2454
vn -0.9305 0.1041 -0.3513
vn -0.8855 0.1041 -0.4528
vn -0.5275 -0.7251 -0.4426
vn -0.4749 -0.7251 -0.4987
vn -0.4163 -0.7251 -0.5485
vn -0.2832 -0.7251 -0.6277
vn -0.2115 -0.7251 -0.6554
vn -0.1371 -0.7250 -0.6749
vn 0.0171 -0.7249 -0.6886
vn 0.0935 -0.7252 -0.6822
vn 0.1686 -0.7260 -0.6667
vn 0.3125 -0.7280 -0.6103
vn 0.3786 -0.7283 -0.5711
vn 0.4404 -0.7280 -0.5254
vn 0.5484 -0.7260 -0.4149
vn 0.5919 -0.7252 -0.3518
vn 0.6276 -0.7249 -0.2839
vn 0.6750 -0.7250 -0.1365
vn 0.6860 -0.7251 -0.0604
vn 0.6884 -0.7251 0.0165
vn 0.6673 -0.7251 0.1699
vn 0.6442 -0.7251 0.2432
vn 0.6131 -0.7251 0.3135
vn 0.5275 -0.7251 0.4426
vn 0.4749 -0.7251 0.4987
vn 0.4163 -0.7251 0.5485
vn 0.2832 -0.7251 0.6277
vn 0.2115 -0.7251 0.6554
vn 0.1371 -0.7251 0.6748
vn -0.0171 -0.7251 0.6884
vn -0.0938 -0.7251 0.6822
vn -0.1693 -0.7251 0.6675
vn -0.3141 -0.7251 0.6128
vn -0.3805 -0.7251 0.5740
vn -0.4421 -0.7251 0.5280
vn -0.5489 -0.7251 0.4158
vn -0.5919 -0.7251 0.3520
vn -0.6274 -0.7251 0.2839
vn -0.6750 -0.7251 0.1365
vn -0.6860 -0.7251 0.0604
vn -0.6884 -0.7251 -0.0165
vn -0.6673 -0.7251 -0.1699
vn -0.6442 -0.7251 -0.2432
vn -0.6131 -0.7251 -0.3135
vn -0.4069 -0.6053 -0.6842
vn -0.3739 -0.6819 -0.6286
vn -0.3544 -0.7206 -0.5959
vn -0.5779 -0.7206 -0.3831
vn -0.6096 -0.6819 -0.4041
vn -0.6635 -0.6053 -0.4398
vn -0.0664 -0.5985 -0.7984
vn -0.0628 -0.6786 -0.7318
vn -0.0605 -0.7195 -0.6919
vn 0.1979 -0.6852 -0.7010
vn 0.2264 -0.7201 -0.6559
vn 0.2359 -0.7333 -0.6377
vn 0.5686 -0.6852 -0.4552
vn 0.5159 -0.7201 -0.4639
vn 0.4955 -0.7333 -0.4656
vn 0.7612 -0.5985 -0.2497
vn 0.6985 -0.6786 -0.2271
vn 0.6608 -0.7195 -0.2137
vn 0.7886 -0.6053 0.1084
vn 0.7246 -0.6819 0.0996
vn 0.6869 -0.7206 0.0944
vn 0.6635 -0.6053 0.4398
vn 0.6096 -0.6819 0.4041
vn 0.5779 -0.7206 0.3831
vn 0.4069 -0.6053 0.6841
vn 0.3739 -0.6819 0.6286
vn 0.3544 -0.7206 0.5959
vn 0.0698 -0.6053 0.7929
vn 0.0641 -0.6819 0.7286
vn 0.0608 -0.7206 0.6907
vn -0.2812 -0.6053 0.7447
vn -0.2584 -0.6819 0.6843
vn -0.2449 -0.7206 0.6487
vn -0.5764 -0.6053 0.5490
vn -0.5297 -0.6819 0.5044
vn -0.5021 -0.7206 0.4782
vn -0.7575 -0.6053 0.2445
vn -0.6961 -0.6819 0.2246
vn -0.6598 -0.7206 0.2130
vn -0.7886 -0.6053 -0.1084
vn -0.7246 -0.6819 -0.0996
vn -0.6869 -0.7206 -0.0944
vn -0.0123 -0.9998 -0.0125
vn -0.0105 -0.9999 -0.0111
vn -0.0119 -0.9998 -0.0129
vn -0.0056 -0.9998 -0.0166
vn -0.0047 -0.9999 -0.0146
vn -0.0051 -0.9998 -0.0167
vn 0.0021 -0.9998 -0.0174
vn 0.0021 -0.9999 -0.0151
vn 0.0027 -0.9998 -0.0173
vn 0.0094 -0.9998 -0.0147
vn 0.0084 -0.9999 -0.0127
vn 0.0099 -0.9998 -0.0144
vn 0.0149 -0.9998 -0.0092
vn 0.0131 -0.9999 -0.0078
vn 0.0152 -0.9998 -0.0087
vn 0.0174 -0.9998 -0.0018
vn 0.0152 -0.9999 -0.0013
vn 0.0175 -0.9998 -0.0013
vn 0.0165 -0.9998 0.0059
vn 0.0143 -0.9999 0.0054
vn 0.0163 -0.9998 0.0064
vn 0.0123 -0.9998 0.0125
vn 0.0105 -0.9999 0.0111
vn 0.0119 -0.9998 0.0129
vn 0.0056 -0.9998 0.0166
vn 0.0047 -0.9999 0.0146
vn 0.0051 -0.9998 0.0167
vn -0.0021 -0.9998 0.0174
vn -0.0021 -0.9999 0.0151
vn -0.0027 -0.9998 0.0173
vn -0.0094 -0.9998 0.0147
vn -0.0084 -0.9999 0.0127
vn -0.0099 -0.9998 0.0144
vn -0.0149 -0.9998 0.0092
vn -0.0131 -0.9999 0.0078
vn -0.0152 -0.9998 0.0087
vn -0.0174 -0.9998 0.0018
vn -0.0152 -0.9999 0.0013
vn -0.0175 -0.9998 0.0013
vn -0.0165 -0.9998 -0.0059
vn -0.0143 -0.9999 -0.0054
vn -0.0163 -0.9998 -0.0064
vn 0.2518 -0.7013 -0.6669
vn 0.0695 -0.9804 -0.1841
vn 0.0198 -0.9984 -0.0524
vn -0.0846 -0.2625 -0.9612
vn -0.0733 -0.5492 -0.8325
vn -0.0638 -0.6855 -0.7253
vn -0.5162 -0.7013 0.4916
vn -0.1425 -0.9804 0.1357
vn -0.0405 -0.9984 0.0386
vn -0.3408 -0.2625 0.9027
vn -0.2952 -0.5492 0.7818
vn -0.2572 -0.6855 0.6811
vn 0.5162 -0.7013 -0.4916
vn 0.1425 -0.9804 -0.1357
vn 0.0405 -0.9984 -0.0386
vn -0.6784 -0.7013 0.2189
vn -0.1873 -0.9804 0.0604
vn -0.0533 -0.9984 0.0172
vn 0.6784 -0.7013 -0.2189
vn 0.1873 -0.9804 -0.0604
vn 0.0533 -0.9984 -0.0172
vn -0.7062 -0.7013 -0.0971
vn -0.1949 -0.9804 -0.0268
vn -0.0555 -0.9984 -0.0076
vn 0.7062 -0.7013 0.0971
vn 0.1949 -0.9804 0.0268
vn 0.0555 -0.9984 0.0076
vn -0.5942 -0.7013 -0.3939
vn -0.1640 -0.9804 -0.1087
vn -0.0467 -0.9984 -0.0309
vn 0.5942 -0.7013 0.3939
vn 0.1640 -0.9804 0.1087
vn 0.0467 -0.9984 0.0309
vn 0.3644 -0.7013 0.6127
vn 0.1006 -0.9804 0.1691
vn 0.0286 -0.9984 0.0481
vn -0.3644 -0.7013 -0.6127
vn -0.1006 -0.9804 -0.1691
vn -0.0286 -0.9984 -0.0481
vn 0.0625 -0.7013 0.7101
vn 0.0173 -0.9804 0.1960
vn 0.0049 -0.9984 0.0558
vn 0.3532 -0.0000 -0.9355
vn -0.0049 -0.9984 -0.0558
vn -0.0173 -0.9804 -0.1960
vn -0.0625 -0.7013 -0.7101
vn -0.7242 -0.0000 0.6896
vn -0.0198 -0.9984 0.0524
vn -0.0695 -0.9804 0.1841
vn -0.2518 -0.7013 0.6669
vn 0.7242 -0.0000 -0.6896
vn -0.9517 -0.0000 0.3071
vn 0.9517 -0.0000 -0.3071
vn -0.9907 -0.0000 -0.1362
vn 0.9907 -0.0000 0.1362
vn -0.8335 -0.0000 -0.5525
vn 0.8335 -0.0000 0.5525
vn 0.5112 -0.0000 0.8595
vn -0.5112 -0.0000 -0.8595
vn 0.0877 -0.0000 0.9961
vn -0.2415 -0.1640 0.9564
vn -0.1341 -0.1728 0.9758
vn -0.0255 -0.1640 0.9861
vn -0.1974 -0.1640 -0.9665
vn -0.3025 -0.1728 -0.9373
vn -0.4049 -0.1640 -0.8996
vn 0.1974 -0.1640 0.9665
vn 0.3025 -0.1728 0.9373
vn 0.4049 -0.1640 0.8996
vn -0.5972 -0.1640 -0.7852
vn -0.6793 -0.1728 -0.7133
vn -0.7551 -0.1640 -0.6348
vn 0.5972 -0.1640 0.7852
vn 0.6793 -0.1728 0.7133
vn 0.7551 -0.1640 0.6348
vn 0.8787 -0.1640 0.4483
vn 0.9215 -0.1728 0.3479
vn 0.9557 -0.1640 0.2443
vn -0.8787 -0.1640 -0.4483
vn -0.9215 -0.1728 -0.3479
vn -0.9557 -0.1640 -0.2443
vn 0.9862 -0.1640 0.0226
vn 0.9812 -0.1728 -0.0864
vn 0.9671 -0.1640 -0.1945
vn -0.9862 -0.1640 -0.0226
vn -0.9812 -0.1728 0.0864
vn -0.9671 -0.1640 0.1945
vn 0.8984 -0.1640 -0.4075
vn 0.8465 -0.1728 -0.5035
vn 0.7869 -0.1640 -0.5949
vn -0.8984 -0.1640 0.4075
vn -0.8465 -0.1728 0.5035
vn -0.7869 -0.1640 0.5949
vn 0.6326 -0.1640 -0.7569
vn 0.5442 -0.1728 -0.8209
vn 0.4509 -0.1640 -0.8774
vn -0.6326 -0.1640 0.7569
vn -0.5442 -0.1728 0.8209
vn -0.4509 -0.1640 0.8774
vn 0.2415 -0.1640 -0.9564
vn 0.1341 -0.1728 -0.9758
vn 0.0255 -0.1640 -0.9861
vn -0.0877 -0.0000 -0.9961
vn -0.3532 -0.0000 0.9355
vn 0.2572 -0.6855 -0.6811
vn 0.2952 -0.5492 -0.7818
vn 0.3408 -0.2625 -0.9027
vn -0.5272 -0.6855 0.5021
vn -0.6052 -0.5492 0.5763
vn -0.6988 -0.2625 0.6654
vn 0.5272 -0.6855 -0.5021
vn 0.6052 -0.5492 -0.5763
vn 0.6988 -0.2625 -0.6654
vn -0.6929 -0.6855 0.2236
vn -0.7953 -0.5492 0.2567
vn -0.9183 -0.2625 0.2964
vn 0.6929 -0.6855 -0.2236
vn 0.7953 -0.5492 -0.2567
vn 0.9183 -0.2625 -0.2964
vn -0.7213 -0.6855 -0.0992
vn -0.8279 -0.5492 -0.1138
vn -0.9559 -0.2625 -0.1314
vn 0.7213 -0.6855 0.0992
vn 0.8279 -0.5492 0.1138
vn 0.9559 -0.2625 0.1314
vn -0.6068 -0.6855 -0.4023
vn -0.6965 -0.5492 -0.4618
vn -0.8043 -0.2625 -0.5332
vn 0.6068 -0.6855 0.4023
vn 0.6965 -0.5492 0.4618
vn 0.8043 -0.2625 0.5332
vn 0.3722 -0.6855 0.6258
vn 0.4272 -0.5492 0.7182
vn 0.4933 -0.2625 0.8293
vn -0.3722 -0.6855 -0.6258
vn -0.4272 -0.5492 -0.7182
vn -0.4933 -0.2625 -0.8293
vn 0.0638 -0.6855 0.7253
vn 0.0733 -0.5492 0.8325
vn 0.0846 -0.2625 0.9612
vn 0.2456 -0.0390 -0.9686
vn 0.1361 -0.0390 -0.9899
vn 0.0249 -0.0390 -0.9989
vn -0.6415 -0.0390 0.7661
vn -0.5521 -0.0390 0.8328
vn -0.4558 -0.0390 0.8892
vn 0.6415 -0.0390 -0.7661
vn 0.5521 -0.0390 -0.8328
vn 0.4558 -0.0390 -0.8892
vn -0.9104 -0.0390 0.4119
vn -0.8588 -0.0390 0.5108
vn -0.7965 -0.0390 0.6034
vn 0.9104 -0.0390 -0.4119
vn 0.8588 -0.0390 -0.5108
vn 0.7965 -0.0390 -0.6034
vn -0.9990 -0.0390 -0.0239
vn -0.9954 -0.0390 0.0876
vn -0.9794 -0.0390 0.1980
vn 0.9990 -0.0390 0.0239
vn 0.9954 -0.0390 -0.0876
vn 0.9794 -0.0390 -0.1980
vn -0.8897 -0.0390 -0.4550
vn -0.9348 -0.0390 -0.3530
vn -0.9683 -0.0390 -0.2465
vn 0.8897 -0.0390 0.4550
vn 0.9348 -0.0390 0.3530
vn 0.9683 -0.0390 0.2465
vn 0.6041 -0.0390 0.7959
vn 0.6891 -0.0390 0.7236
vn 0.7655 -0.0390 0.6423
vn -0.6041 -0.0390 -0.7959
vn -0.6891 -0.0390 -0.7236
vn -0.7655 -0.0390 -0.6423
vn 0.1990 -0.0390 0.9792
vn 0.3069 -0.0390 0.9509
vn 0.4110 -0.0390 0.9108
vn -0.1990 -0.0390 -0.9792
vn -0.3069 -0.0390 -0.9509
vn -0.4110 -0.0390 -0.9108
vn -0.2456 -0.0390 0.9686
vn -0.1361 -0.0390 0.9899
vn -0.0249 -0.0390 0.9989
vn 0.6702 0.4843 0.5623
vn 0.6033 0.4843 0.6336
vn 0.5290 0.4843 0.6969
vn 0.5946 0.1811 0.7834
vn 0.6782 0.1811 0.7122
vn 0.7534 0.1811 0.6321
vn 0.8245 -0.1463 0.5466
vn 0.8283 -0.1109 0.5491
vn 0.8333 -0.0209 0.5524
vn 0.5103 -0.0602 0.8579
vn 0.5099 0.0702 0.8573
vn 0.4912 0.2772 0.8258
vn 0.3598 0.4843 0.7974
vn 0.2687 0.4843 0.8326
vn 0.1742 0.4843 0.8574
vn 0.1958 0.1811 0.9638
vn 0.3021 0.1811 0.9359
vn 0.4045 0.1811 0.8964
vn 0.0875 -0.0602 0.9943
vn 0.0875 0.0702 0.9937
vn 0.0842 0.2772 0.9571
vn -0.0218 0.4843 0.8746
vn -0.1192 0.4843 0.8667
vn -0.2150 0.4843 0.8480
vn -0.2417 0.1811 0.9533
vn -0.1339 0.1811 0.9743
vn -0.0245 0.1811 0.9832
vn -0.3526 -0.0602 0.9338
vn -0.3524 0.0702 0.9332
vn -0.3394 0.2772 0.8989
vn -0.3991 0.4843 0.7785
vn -0.4834 0.4843 0.7292
vn -0.5617 0.4843 0.6708
vn -0.6314 0.1811 0.7540
vn -0.5434 0.1811 0.8197
vn -0.4486 0.1811 0.8752
vn -0.7228 -0.0602 0.6884
vn -0.7224 0.0702 0.6879
vn -0.6958 0.2772 0.6626
vn -0.6974 0.4843 0.5283
vn -0.7519 0.4843 0.4472
vn -0.7971 0.4843 0.3606
vn -0.8960 0.1811 0.4054
vn -0.8453 0.1811 0.5028
vn -0.7839 0.1811 0.5938
vn -0.9499 -0.0602 0.3066
vn -0.9493 0.0702 0.3064
vn -0.9144 0.2772 0.2951
vn -0.8575 0.4843 0.1734
vn -0.8715 0.4843 0.0767
vn -0.8746 0.4843 -0.0209
vn -0.9832 0.1811 -0.0235
vn -0.9797 0.1811 0.0862
vn -0.9640 0.1811 0.1949
vn -0.9889 -0.0602 -0.1359
vn -0.9882 0.0702 -0.1359
vn -0.9519 0.2772 -0.1309
vn -0.8478 0.4843 -0.2159
vn -0.8185 0.4843 -0.3090
vn -0.7789 0.4843 -0.3983
vn -0.8756 0.1811 -0.4478
vn -0.9201 0.1811 -0.3474
vn -0.9531 0.1811 -0.2426
vn -0.8320 -0.0602 -0.5515
vn -0.8314 0.0702 -0.5512
vn -0.8008 0.2772 -0.5309
vn -0.6702 0.4843 -0.5623
vn -0.6033 0.4843 -0.6336
vn -0.5290 0.4843 -0.6969
vn -0.5946 0.1811 -0.7834
vn -0.6782 0.1811 -0.7122
vn -0.7534 0.1811 -0.6321
vn -0.5103 -0.0602 -0.8579
vn -0.5099 0.0702 -0.8573
vn -0.4912 0.2772 -0.8258
vn -0.3598 0.4843 -0.7974
vn -0.2687 0.4843 -0.8326
vn -0.1742 0.4843 -0.8574
vn -0.1958 0.1811 -0.9638
vn -0.3021 0.1811 -0.9359
vn -0.4045 0.1811 -0.8964
vn -0.0875 -0.0602 -0.9943
vn -0.0875 0.0702 -0.9937
vn -0.0842 0.2772 -0.9571
vn 0.0218 0.4843 -0.8746
vn 0.1192 0.4843 -0.8667
vn 0.2150 0.4843 -0.8480
vn 0.2417 0.1811 -0.9533
vn 0.1339 0.1811 -0.9743
vn 0.0245 0.1811 -0.9832
vn 0.3526 -0.0602 -0.9338
vn 0.3524 0.0702 -0.9332
vn 0.3394 0.2772 -0.8989
vn 0.3991 0.4843 -0.7785
vn 0.4834 0.4843 -0.7292
vn 0.5617 0.4843 -0.6708
vn 0.6314 0.1811 -0.7540
vn 0.5434 0.1811 -0.8197
vn 0.4486 0.1811 -0.8752
vn 0.7228 -0.0602 -0.6884
vn 0.7224 0.0702 -0.6879
vn 0.6958 0.2772 -0.6626
vn 0.6974 0.4843 -0.5283
vn 0.7519 0.4843 -0.4472
vn 0.7971 0.4843 -0.3606
vn 0.8960 0.1811 -0.4054
vn 0.8453 0.1811 -0.5028
vn 0.7839 0.1811 -0.5938
vn 0.9499 -0.0602 -0.3066
vn 0.9493 0.0702 -0.3064
vn 0.9144 0.2772 -0.2951
vn 0.8575 0.4843 -0.1734
vn 0.8715 0.4843 -0.0767
vn 0.8746 0.4843 0.0209
vn 0.9832 0.1811 0.0235
vn 0.9797 0.1811 -0.0862
vn 0.9640 0.1811 -0.1949
vn 0.9889 -0.0602 0.1359
vn 0.9882 0.0702 0.1359
vn 0.9519 0.2772 0.1309
vn 0.8478 0.4843 0.2159
vn 0.8185 0.4843 0.3090
vn 0.7789 0.4843 0.3983
vn 0.8756 0.1811 0.4478
vn 0.9201 0.1811 0.3474
vn 0.9531 0.1811 0.2426
vn 0.8245 -0.1464 0.5466
vn 0.8231 -0.1571 0.5457
vn 0.8226 -0.1610 0.5453
vn 0.5111 -0.0209 0.8593
vn 0.5080 -0.1109 0.8542
vn 0.5057 -0.1463 0.8502
vn 0.0877 -0.0209 0.9959
vn 0.0871 -0.1109 0.9900
vn 0.0867 -0.1463 0.9854
vn -0.3531 -0.0209 0.9353
vn -0.3510 -0.1109 0.9298
vn -0.3494 -0.1463 0.9255
vn -0.7240 -0.0209 0.6895
vn -0.7197 -0.1109 0.6854
vn -0.7164 -0.1463 0.6822
vn -0.9515 -0.0209 0.3071
vn -0.9458 -0.1109 0.3052
vn -0.9414 -0.1463 0.3038
vn -0.9905 -0.0209 -0.1362
vn -0.9846 -0.1109 -0.1354
vn -0.9800 -0.1463 -0.1347
vn -0.8333 -0.0209 -0.5524
vn -0.8283 -0.1109 -0.5491
vn -0.8245 -0.1463 -0.5466
vn -0.5111 -0.0209 -0.8593
vn -0.5080 -0.1109 -0.8542
vn -0.5057 -0.1463 -0.8502
vn -0.0877 -0.0209 -0.9959
vn -0.0871 -0.1109 -0.9900
vn -0.0867 -0.1463 -0.9854
vn 0.3531 -0.0209 -0.9353
vn 0.3510 -0.1109 -0.9298
vn 0.3494 -0.1463 -0.9255
vn 0.7240 -0.0209 -0.6895
vn 0.7197 -0.1109 -0.6854
vn 0.7164 -0.1463 -0.6822
vn 0.9515 -0.0209 -0.3071
vn 0.9458 -0.1109 -0.3052
vn 0.9414 -0.1463 -0.3038
vn 0.9905 -0.0209 0.1362
vn 0.9846 -0.1109 0.1354
vn 0.9800 -0.1463 0.1347
vn 0.9568 -0.1588 0.2436
vn 0.9237 -0.1588 0.3487
vn 0.8790 -0.1588 0.4495
vn 0.9677 -0.1588 -0.1957
vn 0.9835 -0.1588 -0.0866
vn 0.9870 -0.1588 0.0236
vn 0.7870 -0.1588 -0.5962
vn 0.8486 -0.1588 -0.5047
vn 0.8995 -0.1588 -0.4070
vn 0.4504 -0.1588 -0.8786
vn 0.5455 -0.1588 -0.8229
vn 0.6339 -0.1588 -0.7570
vn 0.0246 -0.1588 -0.9870
vn 0.1345 -0.1588 -0.9781
vn 0.2427 -0.1588 -0.9570
vn -0.4061 -0.1588 -0.8999
vn -0.3032 -0.1588 -0.9396
vn -0.1966 -0.1588 -0.9675
vn -0.7563 -0.1588 -0.6346
vn -0.6809 -0.1588 -0.7150
vn -0.5969 -0.1588 -0.7864
vn -0.9568 -0.1588 -0.2436
vn -0.9237 -0.1588 -0.3487
vn -0.8790 -0.1588 -0.4495
vn -0.9677 -0.1588 0.1957
vn -0.9835 -0.1588 0.0866
vn -0.9870 -0.1588 -0.0236
vn -0.7870 -0.1588 0.5962
vn -0.8486 -0.1588 0.5047
vn -0.8995 -0.1588 0.4070
vn -0.4504 -0.1588 0.8786
vn -0.5455 -0.1588 0.8229
vn -0.6339 -0.1588 0.7570
vn -0.0246 -0.1588 0.9870
vn -0.1345 -0.1588 0.9781
vn -0.2427 -0.1588 0.9570
vn 0.4061 -0.1588 0.8999
vn 0.3032 -0.1588 0.9396
vn 0.1966 -0.1588 0.9675
vn 0.7563 -0.1588 0.6346
vn 0.6809 -0.1588 0.7150
vn 0.5969 -0.1588 0.7864
vn 0.5045 -0.1610 0.8482
vn 0.5049 -0.1571 0.8488
vn 0.5057 -0.1464 0.8502
vn 0.0865 -0.1610 0.9832
vn 0.0866 -0.1571 0.9838
vn 0.0867 -0.1464 0.9854
vn -0.3486 -0.1610 0.9233
vn -0.3488 -0.1571 0.9239
vn -0.3494 -0.1464 0.9255
vn -0.7147 -0.1610 0.6806
vn -0.7152 -0.1571 0.6811
vn -0.7164 -0.1464 0.6822
vn -0.9393 -0.1610 0.3031
vn -0.9399 -0.1571 0.3033
vn -0.9414 -0.1464 0.3038
vn -0.9778 -0.1610 -0.1344
vn -0.9784 -0.1571 -0.1345
vn -0.9800 -0.1464 -0.1347
vn -0.8226 -0.1610 -0.5453
vn -0.8231 -0.1571 -0.5457
vn -0.8245 -0.1464 -0.5466
vn -0.5045 -0.1610 -0.8482
vn -0.5049 -0.1571 -0.8488
vn -0.5057 -0.1464 -0.8502
vn -0.0865 -0.1610 -0.9832
vn -0.0866 -0.1571 -0.9838
vn -0.0867 -0.1464 -0.9854
vn 0.3486 -0.1610 -0.9233
vn 0.3488 -0.1571 -0.9239
vn 0.3494 -0.1464 -0.9255
vn 0.7147 -0.1610 -0.6806
vn 0.7152 -0.1571 -0.6811
vn 0.7164 -0.1464 -0.6822
vn 0.9393 -0.1610 -0.3031
vn 0.9399 -0.1571 -0.3033
vn 0.9414 -0.1464 -0.3038
vn 0.9778 -0.1610 0.1344
vn 0.9784 -0.1571 0.1345
vn 0.9800 -0.1464 0.1347
vn 0.8008 0.2772 0.5309
vn 0.8314 0.0702 0.5512
vn 0.8320 -0.0602 0.5515
vn 0.7604 -0.1213 0.6380
vn 0.6845 -0.1213 0.7188
vn 0.6001 -0.1213 0.7906
vn 0.4083 -0.1213 0.9048
vn 0.3049 -0.1213 0.9446
vn 0.1977 -0.1213 0.9727
vn -0.0247 -0.1213 0.9923
vn -0.1352 -0.1213 0.9834
vn -0.2440 -0.1213 0.9622
vn -0.4528 -0.1213 0.8833
vn -0.5485 -0.1213 0.8273
vn -0.6373 -0.1213 0.7610
vn -0.7912 -0.1213 0.5994
vn -0.8531 -0.1213 0.5074
vn -0.9044 -0.1213 0.4092
vn -0.9729 -0.1213 0.1967
vn -0.9888 -0.1213 0.0870
vn -0.9923 -0.1213 -0.0238
vn -0.9619 -0.1213 -0.2449
vn -0.9286 -0.1213 -0.3506
vn -0.8838 -0.1213 -0.4520
vn -0.7604 -0.1213 -0.6380
vn -0.6845 -0.1213 -0.7188
vn -0.6001 -0.1213 -0.7906
vn -0.4083 -0.1213 -0.9048
vn -0.3049 -0.1213 -0.9446
vn -0.1977 -0.1213 -0.9727
vn 0.0247 -0.1213 -0.9923
vn 0.1352 -0.1213 -0.9834
vn 0.2440 -0.1213 -0.9622
vn 0.4528 -0.1213 -0.8833
vn 0.5485 -0.1213 -0.8273
vn 0.6373 -0.1213 -0.7610
vn 0.7912 -0.1213 -0.5994
vn 0.8531 -0.1213 -0.5074
vn 0.9044 -0.1213 -0.4092
vn 0.9729 -0.1213 -0.1967
vn 0.9888 -0.1213 -0.0870
vn 0.9923 -0.1213 0.0238
vn 0.9619 -0.1213 0.2449
vn 0.9286 -0.1213 0.3506
vn 0.8838 -0.1213 0.4520
vn 0.5559 0.6881 0.4664
vn 0.5004 0.6880 0.5255
vn 0.4387 0.6881 0.5780
vn 0.2985 0.6881 0.6614
vn 0.2229 0.6880 0.6906
vn 0.1445 0.6881 0.7111
vn -0.0181 0.6881 0.7254
vn -0.0988 0.6880 0.7189
vn -0.1784 0.6881 0.7034
vn -0.3310 0.6881 0.6457
vn -0.4010 0.6880 0.6048
vn -0.4659 0.6881 0.5563
vn -0.5784 0.6881 0.4382
vn -0.6237 0.6880 0.3710
vn -0.6611 0.6881 0.2991
vn -0.7113 0.6881 0.1438
vn -0.7229 0.6880 0.0636
vn -0.7254 0.6881 -0.0174
vn -0.7032 0.6881 -0.1790
vn -0.6789 0.6880 -0.2563
vn -0.6461 0.6881 -0.3304
vn -0.5559 0.6881 -0.4664
vn -0.5004 0.6880 -0.5255
vn -0.4387 0.6881 -0.5780
vn -0.2985 0.6881 -0.6614
vn -0.2229 0.6880 -0.6906
vn -0.1445 0.6881 -0.7111
vn 0.0181 0.6881 -0.7254
vn 0.0988 0.6880 -0.7189
vn 0.1784 0.6881 -0.7034
vn 0.3310 0.6881 -0.6457
vn 0.4010 0.6880 -0.6048
vn 0.4659 0.6881 -0.5563
vn 0.5784 0.6881 -0.4382
vn 0.6237 0.6880 -0.3710
vn 0.6611 0.6881 -0.2991
vn 0.7113 0.6881 -0.1438
vn 0.7229 0.6880 -0.0636
vn 0.7254 0.6881 0.0174
vn 0.7032 0.6881 0.1790
vn 0.6789 0.6880 0.2563
vn 0.6461 0.6881 0.3304
vn 0.4024 0.6167 0.6766
vn 0.3735 0.6827 0.6280
vn 0.3616 0.7069 0.6079
vn 0.5895 0.7069 0.3908
vn 0.6090 0.6827 0.4037
vn 0.6561 0.6167 0.4350
vn 0.0690 0.6167 0.7842
vn 0.0641 0.6827 0.7279
vn 0.0620 0.7069 0.7046
vn -0.2781 0.6167 0.7364
vn -0.2581 0.6827 0.6836
vn -0.2498 0.7069 0.6617
vn -0.5701 0.6167 0.5429
vn -0.5291 0.6827 0.5039
vn -0.5122 0.7069 0.4878
vn -0.7491 0.6167 0.2418
vn -0.6954 0.6827 0.2244
vn -0.6731 0.7069 0.2172
vn -0.7799 0.6167 -0.1072
vn -0.7239 0.6827 -0.0995
vn -0.7007 0.7069 -0.0963
vn -0.6561 0.6167 -0.4350
vn -0.6090 0.6827 -0.4037
vn -0.5895 0.7069 -0.3908
vn -0.4024 0.6167 -0.6766
vn -0.3735 0.6827 -0.6280
vn -0.3616 0.7069 -0.6079
vn -0.0690 0.6167 -0.7842
vn -0.0641 0.6827 -0.7279
vn -0.0620 0.7069 -0.7046
vn 0.2781 0.6167 -0.7365
vn 0.2581 0.6827 -0.6836
vn 0.2498 0.7069 -0.6617
vn 0.5701 0.6167 -0.5429
vn 0.5291 0.6827 -0.5039
vn 0.5122 0.7069 -0.4878
vn 0.7491 0.6167 -0.2418
vn 0.6954 0.6827 -0.2244
vn 0.6731 0.7069 -0.2172
vn 0.7799 0.6167 0.1072
vn 0.7239 0.6827 0.0995
vn 0.7007 0.7069 0.0963
vn -0.0244 0.9994 -0.0241
vn -0.0208 0.9995 -0.0218
vn -0.0229 0.9994 -0.0256
vn -0.0115 0.9994 -0.0323
vn -0.0093 0.9995 -0.0287
vn -0.0095 0.9994 -0.0330
vn 0.0036 0.9994 -0.0341
vn 0.0041 0.9995 -0.0299
vn 0.0057 0.9994 -0.0338
vn 0.0181 0.9994 -0.0292
vn 0.0167 0.9995 -0.0251
vn 0.0198 0.9994 -0.0280
vn 0.0289 0.9994 -0.0184
vn 0.0259 0.9995 -0.0154
vn 0.0300 0.9994 -0.0166
vn 0.0341 0.9994 -0.0041
vn 0.0300 0.9995 -0.0026
vn 0.0343 0.9994 -0.0020
vn 0.0325 0.9994 0.0111
vn 0.0282 0.9995 0.0106
vn 0.0317 0.9994 0.0131
vn 0.0244 0.9994 0.0241
vn 0.0208 0.9995 0.0218
vn 0.0229 0.9994 0.0256
vn 0.0115 0.9994 0.0323
vn 0.0093 0.9995 0.0287
vn 0.0095 0.9994 0.0330
vn -0.0036 0.9994 0.0341
vn -0.0041 0.9995 0.0299
vn -0.0057 0.9994 0.0338
vn -0.0181 0.9994 0.0292
vn -0.0167 0.9995 0.0251
vn -0.0198 0.9994 0.0280
vn -0.0289 0.9994 0.0184
vn -0.0259 0.9995 0.0154
vn -0.0300 0.9994 0.0166
vn -0.0341 0.9994 0.0041
vn -0.0300 0.9995 0.0026
vn -0.0343 0.9994 0.0020
vn -0.0325 0.9994 -0.0111
vn -0.0282 0.9995 -0.0106
vn -0.0317 0.9994 -0.0131
vn -0.2642 0.6637 0.6998
vn 0.0517 0.9892 -0.1369
vn 0.0275 0.9970 -0.0729
vn 0.0849 0.2478 0.9651
vn 0.0778 0.4617 0.8836
vn 0.0692 0.6133 0.7868
vn 0.5417 0.6637 -0.5158
vn -0.1060 0.9892 0.1009
vn -0.0564 0.9970 0.0537
vn 0.3422 0.2478 -0.9064
vn 0.3133 0.4617 -0.8298
vn 0.2790 0.6133 -0.7389
vn -0.5417 0.6637 0.5158
vn 0.1060 0.9892 -0.1009
vn 0.0564 0.9970 -0.0537
vn 0.7118 0.6637 -0.2297
vn -0.1393 0.9892 0.0449
vn -0.0741 0.9970 0.0239
vn -0.7118 0.6637 0.2297
vn 0.1393 0.9892 -0.0449
vn 0.0741 0.9970 -0.0239
vn 0.7410 0.6638 0.1019
vn -0.1450 0.9892 -0.0199
vn -0.0771 0.9970 -0.0106
vn -0.7410 0.6637 -0.1019
vn 0.1450 0.9892 0.0199
vn 0.0771 0.9970 0.0106
vn 0.6234 0.6637 0.4133
vn -0.1220 0.9892 -0.0809
vn -0.0649 0.9970 -0.0430
vn -0.6234 0.6637 -0.4133
vn 0.1220 0.9892 0.0809
vn 0.0649 0.9970 0.0430
vn -0.3824 0.6637 -0.6429
vn 0.0748 0.9892 0.1258
vn 0.0398 0.9970 0.0669
vn 0.3824 0.6637 0.6429
vn -0.0748 0.9892 -0.1258
vn -0.0398 0.9970 -0.0669
vn -0.0656 0.6637 -0.7451
vn 0.0128 0.9892 0.1458
vn 0.0068 0.9970 0.0776
vn -0.3531 0.0273 0.9352
vn -0.3530 -0.0358 0.9349
vn -0.3475 -0.1786 0.9205
vn -0.0068 0.9970 -0.0776
vn -0.0128 0.9892 -0.1458
vn 0.0656 0.6637 0.7451
vn 0.7239 0.0273 -0.6894
vn 0.7237 -0.0358 -0.6892
vn 0.7125 -0.1786 -0.6785
vn -0.0275 0.9970 0.0729
vn -0.0517 0.9892 0.1369
vn 0.2642 0.6637 -0.6998
vn -0.7239 0.0273 0.6894
vn -0.7237 -0.0358 0.6892
vn -0.7125 -0.1786 0.6785
vn 0.9513 0.0273 -0.3070
vn 0.9511 -0.0358 -0.3069
vn 0.9364 -0.1786 -0.3022
vn -0.9513 0.0273 0.3070
vn -0.9511 -0.0358 0.3069
vn -0.9364 -0.1786 0.3022
vn 0.9903 0.0273 0.1361
vn 0.9900 -0.0358 0.1361
vn 0.9748 -0.1786 0.1340
vn -0.9903 0.0273 -0.1361
vn -0.9900 -0.0358 -0.1361
vn -0.9748 -0.1786 -0.1340
vn 0.8332 0.0273 0.5523
vn 0.8329 -0.0358 0.5522
vn 0.8201 -0.1786 0.5437
vn -0.8332 0.0273 -0.5523
vn -0.8329 -0.0358 -0.5522
vn -0.8201 -0.1786 -0.5437
vn -0.5110 0.0273 -0.8591
vn -0.5109 -0.0358 -0.8589
vn -0.5030 -0.1786 -0.8456
vn 0.5110 0.0273 0.8591
vn 0.5109 -0.0358 0.8589
vn 0.5030 -0.1786 0.8456
vn -0.0876 0.0273 -0.9958
vn -0.0876 -0.0358 -0.9955
vn -0.0863 -0.1786 -0.9801
vn 0.2386 -0.1810 -0.9541
vn 0.1356 -0.0960 -0.9861
vn 0.0277 -0.1810 -0.9831
vn 0.1990 -0.1809 0.9631
vn 0.3057 -0.0959 0.9473
vn 0.4015 -0.1809 0.8978
vn -0.1990 -0.1809 -0.9631
vn -0.3057 -0.0960 -0.9473
vn -0.4015 -0.1810 -0.8978
vn 0.5972 -0.1809 0.7814
vn 0.6865 -0.0959 0.7208
vn 0.7513 -0.1809 0.6347
vn -0.5972 -0.1809 -0.7814
vn -0.6865 -0.0959 -0.7208
vn -0.7513 -0.1809 -0.6347
vn -0.8771 -0.1809 -0.4449
vn -0.9312 -0.0959 -0.3516
vn -0.9523 -0.1809 -0.2458
vn 0.8771 -0.1810 0.4449
vn 0.9312 -0.0959 0.3516
vn 0.9523 -0.1809 0.2458
vn -0.9833 -0.1809 -0.0203
vn -0.9916 -0.0959 0.0873
vn -0.9646 -0.1809 0.1917
vn 0.9833 -0.1809 0.0203
vn 0.9916 -0.0959 -0.0873
vn 0.9646 -0.1809 -0.1917
vn -0.8947 -0.1809 0.4084
vn -0.8555 -0.0959 0.5088
vn -0.7859 -0.1809 0.5913
vn 0.8947 -0.1809 -0.4084
vn 0.8555 -0.0959 -0.5088
vn 0.7859 -0.1809 -0.5913
vn -0.6289 -0.1809 0.7561
vn -0.5500 -0.0959 0.8296
vn -0.4516 -0.1809 0.8737
vn 0.6289 -0.1809 -0.7561
vn 0.5500 -0.0959 -0.8296
vn 0.4516 -0.1809 -0.8737
vn -0.2386 -0.1809 0.9541
vn -0.1355 -0.0959 0.9861
vn -0.0277 -0.1810 0.9831
vn 0.0863 -0.1786 0.9801
vn 0.0876 -0.0358 0.9955
vn 0.0876 0.0273 0.9958
vn 0.3475 -0.1786 -0.9205
vn 0.3530 -0.0358 -0.9349
vn 0.3531 0.0273 -0.9352
vn -0.2790 0.6133 0.7389
vn -0.3133 0.4617 0.8298
vn -0.3422 0.2478 0.9064
vn 0.5720 0.6133 -0.5447
vn 0.6423 0.4617 -0.6117
vn 0.7016 0.2478 -0.6681
vn -0.5720 0.6133 0.5447
vn -0.6423 0.4617 0.6117
vn -0.7016 0.2478 0.6681
vn 0.7516 0.6133 -0.2426
vn 0.8441 0.4617 -0.2724
vn 0.9220 0.2478 -0.2976
vn -0.7516 0.6133 0.2426
vn -0.8441 0.4617 0.2724
vn -0.9220 0.2478 0.2976
vn 0.7825 0.6133 0.1076
vn 0.8788 0.4617 0.1208
vn 0.9598 0.2478 0.1319
vn -0.7825 0.6133 -0.1076
vn -0.8788 0.4617 -0.1208
vn -0.9598 0.2478 -0.1319
vn 0.6583 0.6133 0.4364
vn 0.7393 0.4617 0.4901
vn 0.8075 0.2478 0.5353
vn -0.6583 0.6133 -0.4364
vn -0.7393 0.4617 -0.4901
vn -0.8075 0.2478 -0.5353
vn -0.4038 0.6133 -0.6788
vn -0.4534 0.4617 -0.7624
vn -0.4953 0.2478 -0.8327
vn 0.4038 0.6133 0.6788
vn 0.4534 0.4617 0.7624
vn 0.4953 0.2478 0.8327
vn -0.0692 0.6133 -0.7868
vn -0.0778 0.4617 -0.8836
vn -0.0849 0.2478 -0.9651
vn -0.2447 0.0920 0.9652
vn -0.1356 0.0920 0.9865
vn -0.0248 0.0920 0.9955
vn 0.6393 0.0920 -0.7634
vn 0.5502 0.0920 -0.8300
vn 0.4542 0.0920 -0.8861
vn -0.6393 0.0920 0.7634
vn -0.5502 0.0920 0.8299
vn -0.4542 0.0920 0.8861
vn 0.9072 0.0920 -0.4105
vn 0.8558 0.0920 -0.5090
vn 0.7937 0.0920 -0.6013
vn -0.9072 0.0920 0.4105
vn -0.8558 0.0920 0.5090
vn -0.7937 0.0920 0.6013
vn 0.9955 0.0920 0.0238
vn 0.9919 0.0920 -0.0873
vn 0.9760 0.0920 -0.1973
vn -0.9955 0.0920 -0.0238
vn -0.9919 0.0920 0.0873
vn -0.9760 0.0920 0.1973
vn 0.8866 0.0920 0.4534
vn 0.9316 0.0920 0.3517
vn 0.9650 0.0920 0.2457
vn -0.8866 0.0920 -0.4534
vn -0.9316 0.0920 -0.3517
vn -0.9650 0.0920 -0.2457
vn -0.6020 0.0920 -0.7931
vn -0.6867 0.0920 -0.7211
vn -0.7628 0.0920 -0.6400
vn 0.6020 0.0920 0.7931
vn 0.6867 0.0920 0.7211
vn 0.7628 0.0920 0.6400
vn -0.1983 0.0920 -0.9758
vn -0.3058 0.0920 -0.9476
vn -0.4096 0.0920 -0.9076
vn 0.1983 0.0920 0.9758
vn 0.3058 0.0920 0.9476
vn 0.4096 0.0920 0.9076
vn 0.2447 0.0920 -0.9652
vn 0.1356 0.0920 -0.9865
vn 0.0248 0.0920 -0.9955
vn -0.5308 0.7710 -0.3519
vn 0.1011 0.9926 0.0670
vn 0.6770 0.5832 0.4488
vn -0.3256 0.7710 -0.5474
vn 0.0620 0.9926 0.1043
vn 0.4152 0.5832 0.6981
vn -0.0558 0.7710 -0.6344
vn 0.0106 0.9926 0.1209
vn 0.0712 0.5832 0.8092
vn 0.2250 0.7710 -0.5958
vn -0.0429 0.9926 0.1135
vn -0.2869 0.5832 0.7599
vn 0.4612 0.7710 -0.4392
vn -0.0879 0.9926 0.0837
vn -0.5882 0.5832 0.5602
vn 0.6061 0.7710 -0.1956
vn -0.1155 0.9926 0.0373
vn -0.7730 0.5832 0.2495
vn 0.6310 0.7710 0.0867
vn -0.1202 0.9926 -0.0165
vn -0.8047 0.5832 -0.1106
vn 0.5308 0.7710 0.3519
vn -0.1011 0.9926 -0.0670
vn -0.6770 0.5832 -0.4488
vn 0.3256 0.7710 0.5474
vn -0.0620 0.9926 -0.1043
vn -0.4152 0.5832 -0.6981
vn 0.0558 0.7710 0.6344
vn -0.0106 0.9926 -0.1209
vn -0.0712 0.5832 -0.8092
vn -0.2250 0.7710 0.5958
vn 0.0429 0.9926 -0.1135
vn 0.2869 0.5832 -0.7599
vn -0.4612 0.7710 0.4392
vn 0.0879 0.9926 -0.0837
vn 0.5882 0.5832 -0.5602
vn -0.6061 0.7710 0.1956
vn 0.1155 0.9926 -0.0373
vn 0.7730 0.5832 -0.2495
vn -0.6310 0.7710 -0.0867
vn 0.1202 0.9926 0.0165
vn 0.8047 0.5832 0.1106
vn -0.8980 0.4372 -0.0506
vn -0.8207 -0.0180 -0.5711
vn -0.3612 -0.4416 -0.8213
vn 0.2768 -0.6585 -0.6999
vn 0.4123 -0.6657 -0.6220
vn 0.5368 -0.6585 -0.5275
vn 0.3963 0.4372 0.8074
vn 0.8456 -0.0180 0.5335
vn 0.8971 -0.4416 0.0129
vn -0.5165 0.6975 0.4966
vn -0.3901 0.7082 0.5884
vn -0.2563 0.6975 0.6691
vn -0.6060 0.7919 0.0749
vn -0.6215 0.7680 0.1545
vn -0.6488 0.7238 0.2348
vn -0.1525 -0.7389 -0.6564
vn -0.1128 -0.7113 -0.6938
vn -0.0171 -0.6610 -0.7502
vn 0.6557 -0.7335 -0.1786
vn 0.6595 -0.7161 -0.2289
vn 0.6740 -0.6819 -0.2842
vn 0.4387 0.8294 0.3459
vn 0.6912 0.7217 -0.0367
vn 0.7971 0.4607 -0.3905
vn 0.0493 0.4607 -0.8862
vn -0.2353 0.7217 -0.6509
vn -0.4894 0.8294 -0.2693
vn -0.0007 -0.6819 -0.7315
vn -0.0460 -0.7161 -0.6965
vn -0.0908 -0.7335 -0.6736
vn 0.6976 -0.6610 -0.2764
vn 0.6830 -0.7113 -0.1663
vn 0.6639 -0.7389 -0.1152
vn 0.0364 0.7238 0.6890
vn 0.0997 0.7680 0.6326
vn 0.1670 0.7919 0.5874
vn 0.0094 0.9305 0.3661
vn -0.1615 0.9563 0.2437
vn -0.3409 0.9305 0.1339
vn 0.1357 -0.8198 -0.5563
vn 0.3058 -0.8329 -0.4613
vn 0.4596 -0.8198 -0.3416
vn 0.8479 -0.4906 0.2010
vn 0.8499 -0.0147 0.5268
vn 0.5906 0.4962 0.6363
vn -0.8161 0.4962 -0.2962
vn -0.8161 -0.0147 -0.5777
vn -0.5153 -0.4906 -0.7027
vn -0.9928 -0.0758 0.0922
vn -0.8225 0.0020 -0.5688
vn -0.2794 0.0708 -0.9576
vn 0.4104 0.1026 -0.9061
vn 0.5496 0.1033 -0.8290
vn 0.6748 0.1026 -0.7308
vn 0.3017 -0.0758 0.9504
vn 0.8441 0.0020 0.5361
vn 0.9908 0.0708 -0.1156
vn -0.6729 -0.1258 0.7289
vn -0.5480 -0.1284 0.8266
vn -0.4094 -0.1258 0.9037
vn 0.8329 -0.1383 -0.5358
vn 0.8381 -0.0653 -0.5416
vn 0.8399 0.0169 -0.5424
vn -0.1472 0.2751 0.9501
vn -0.1225 0.3883 0.9134
vn -0.0820 0.5204 0.8500
vn -0.8363 0.1258 0.5336
vn -0.8413 0.0476 0.5385
vn -0.8422 -0.0363 0.5379
vn 0.1527 -0.2776 -0.9485
vn 0.1303 -0.3879 -0.9125
vn 0.0942 -0.5101 -0.8549
vn -0.9781 -0.1922 0.0798
vn -0.8256 0.0063 -0.5642
vn -0.2931 0.2086 -0.9330
vn 0.3847 0.3247 -0.8640
vn 0.5216 0.3298 -0.7868
vn 0.6460 0.3247 -0.6908
vn 0.3073 -0.1922 0.9320
vn 0.8411 0.0063 0.5408
vn 0.9735 0.2086 -0.0933
vn -0.6522 -0.2861 0.7020
vn -0.5292 -0.2877 0.7983
vn -0.3926 -0.2861 0.8741
vn 0.1627 0.1631 -0.9731
vn 0.1568 0.2133 -0.9643
vn 0.1521 0.2552 -0.9548
vn 0.8202 0.2552 -0.5119
vn 0.8271 0.2133 -0.5200
vn 0.8329 0.1631 -0.5288
vn -0.1513 -0.2434 0.9581
vn -0.1537 -0.2142 0.9646
vn -0.1582 -0.1735 0.9720
vn -0.8337 -0.1735 0.5242
vn -0.8286 -0.2142 0.5172
vn -0.8235 -0.2434 0.5124
vn -0.8487 -0.5147 -0.1214
vn -0.8206 0.0348 -0.5705
vn -0.4068 0.5456 -0.7327
vn 0.1890 0.8069 -0.5596
vn 0.3191 0.8164 -0.4813
vn 0.4419 0.8069 -0.3920
vn 0.4423 -0.5147 0.7345
vn 0.8450 0.0348 0.5337
vn 0.8333 0.5456 0.0894
vn -0.4458 -0.8032 0.3952
vn -0.3221 -0.8125 0.4859
vn -0.1904 -0.8032 0.5645
vn 0.7940 0.3658 -0.4856
vn 0.7612 0.4746 -0.4420
vn 0.7021 0.6162 -0.3568
vn -0.0591 -0.5850 0.8089
vn -0.1195 -0.4264 0.8966
vn -0.1447 -0.3213 0.9359
vn -0.8056 -0.3213 0.4977
vn -0.7793 -0.4264 0.4592
vn -0.7221 -0.5850 0.3694
vn 0.0553 0.6162 -0.7856
vn 0.1107 0.4746 -0.8732
vn 0.1381 0.3658 -0.9204
vn -0.6706 -0.6286 -0.3940
vn -0.8561 0.0236 -0.5163
vn -0.6378 0.6501 -0.4130
vn -0.1089 0.9865 -0.1219
vn 0.0255 0.9989 -0.0384
vn 0.1547 0.9865 0.0529
vn 0.6240 -0.6286 0.4643
vn 0.8089 0.0236 0.5875
vn 0.6288 0.6501 0.4266
vn -0.1312 -0.9875 -0.0871
vn 0.0032 -1.0000 -0.0048
vn 0.1313 -0.9875 0.0870
vn 0.1342 -0.8523 0.5056
vn 0.2159 -0.8989 0.3813
vn 0.2790 -0.9137 0.2955
vn -0.3808 -0.9137 -0.1419
vn -0.4352 -0.8989 -0.0504
vn -0.5180 -0.8523 0.0733
vn -0.1147 0.8458 -0.5210
vn -0.1923 0.8930 -0.4069
vn -0.2599 0.9125 -0.3159
vn 0.3922 0.9125 0.1164
vn 0.4497 0.8930 0.0187
vn 0.5245 0.8458 -0.0972
vn -0.6284 -0.5595 -0.5405
vn -0.8742 0.0137 -0.4853
vn -0.7580 0.5779 -0.3025
vn -0.2271 0.9738 0.0062
vn -0.0659 0.9929 0.0995
vn 0.0828 0.9738 0.2116
vn 0.7425 -0.5595 0.3683
vn 0.7874 0.0137 0.6163
vn 0.5738 0.5779 0.5804
vn 0.0358 -0.9223 -0.3849
vn 0.1996 -0.9325 -0.3010
vn 0.3406 -0.9223 -0.1829
vn 0.3140 0.9104 0.2693
vn 0.2933 0.9003 0.3217
vn 0.2837 0.8878 0.3623
vn 0.4498 -0.8849 0.1207
vn 0.4039 -0.9003 0.1625
vn 0.3662 -0.9092 0.1979
vn -0.3249 -0.9092 -0.2603
vn -0.3070 -0.9003 -0.3087
vn -0.2863 -0.8849 -0.3673
vn -0.4442 0.8878 -0.1202
vn -0.4105 0.9003 -0.1448
vn -0.3703 0.9104 -0.1844
vn -0.8256 0.1374 -0.5473
vn -0.8235 0.1539 -0.5460
vn -0.8224 0.1626 -0.5452
vn -0.5050 0.1552 -0.8491
vn -0.5044 0.1621 -0.8481
vn -0.5041 0.1655 -0.8476
vn -0.0887 0.1558 -0.9838
vn -0.0887 0.1621 -0.9828
vn -0.0882 0.1651 -0.9823
vn 0.1309 0.2707 -0.9537
vn 0.0907 0.1645 -0.9822
vn 0.1616 0.0853 -0.9832
vn 0.8275 0.2707 -0.4919
vn 0.8694 0.1645 -0.4660
vn 0.8427 0.0853 -0.5316
vn 0.9407 0.1558 -0.3014
vn 0.9398 0.1621 -0.3010
vn 0.9391 0.1651 -0.3013
vn 0.9787 0.1552 0.1345
vn 0.9776 0.1621 0.1344
vn 0.9770 0.1655 0.1343
vn 0.8234 0.1552 0.5458
vn 0.8225 0.1621 0.5452
vn 0.8220 0.1655 0.5449
vn 0.5050 0.1552 0.8490
vn 0.5044 0.1621 0.8481
vn 0.5042 0.1655 0.8476
vn 0.0866 0.1552 0.9841
vn 0.0865 0.1621 0.9830
vn 0.0865 0.1655 0.9824
vn -0.3489 0.1552 0.9242
vn -0.3486 0.1621 0.9232
vn -0.3484 0.1655 0.9226
vn -0.7154 0.1552 0.6813
vn -0.7146 0.1621 0.6805
vn -0.7142 0.1655 0.6801
vn -0.9401 0.1552 0.3034
vn -0.9391 0.1621 0.3031
vn -0.9385 0.1655 0.3029
vn -0.9787 0.1552 -0.1345
vn -0.9776 0.1621 -0.1344
vn -0.9770 0.1655 -0.1343
vn -0.7555 0.1659 -0.6339
vn -0.6801 0.1659 -0.7141
vn -0.5962 0.1659 -0.7855
vn -0.4055 0.1659 -0.8989
vn -0.3026 0.1659 -0.9386
vn -0.1960 0.1660 -0.9665
vn 0.0145 0.1632 -0.9865
vn 0.1038 0.1546 -0.9825
vn 0.1896 0.1321 -0.9729
vn 0.4584 0.0854 -0.8847
vn 0.5501 0.0932 -0.8299
vn 0.6364 0.0854 -0.7667
vn 0.8223 0.1321 -0.5535
vn 0.8646 0.1546 -0.4782
vn 0.9030 0.1632 -0.3975
vn 0.9665 0.1660 -0.1958
vn 0.9823 0.1659 -0.0867
vn 0.9859 0.1659 0.0235
vn 0.9557 0.1659 0.2433
vn 0.9226 0.1659 0.3483
vn 0.8780 0.1659 0.4490
vn 0.7555 0.1659 0.6339
vn 0.6801 0.1659 0.7141
vn 0.5962 0.1659 0.7855
vn 0.4056 0.1659 0.8989
vn 0.3029 0.1659 0.9385
vn 0.1964 0.1659 0.9664
vn -0.0246 0.1659 0.9858
vn -0.1343 0.1659 0.9770
vn -0.2424 0.1659 0.9559
vn -0.4499 0.1659 0.8776
vn -0.5449 0.1659 0.8219
vn -0.6331 0.1659 0.7561
vn -0.7861 0.1659 0.5955
vn -0.8476 0.1659 0.5041
vn -0.8985 0.1659 0.4065
vn -0.9666 0.1659 0.1954
vn -0.9823 0.1659 0.0865
vn -0.9859 0.1659 -0.0236
vn -0.9557 0.1659 -0.2433
vn -0.9226 0.1659 -0.3483
vn -0.8780 0.1659 -0.4490
vn 0.6855 -0.6971 -0.2101
vn 0.7764 -0.3506 -0.5237
vn 0.7582 -0.0587 -0.6493
vn 0.3697 0.8807 0.2962
vn 0.5674 0.8214 -0.0576
vn 0.6974 0.5587 -0.4488
vn -0.0734 -0.6971 -0.7132
vn 0.1800 -0.3506 -0.9191
vn 0.3029 -0.0587 -0.9512
vn -0.4168 0.8807 -0.2251
vn -0.1679 0.8214 -0.5450
vn 0.1418 0.5587 -0.8171
vn 0.7508 -0.5101 -0.4197
vn 0.7897 -0.3879 -0.4753
vn 0.8142 -0.2776 -0.5100
vn -0.1675 -0.0363 0.9852
vn -0.1684 0.0476 0.9846
vn -0.1658 0.1258 0.9781
vn -0.7510 0.5204 0.4065
vn -0.7936 0.3883 0.4685
vn -0.8178 0.2751 0.5056
vn 0.1725 0.0169 -0.9849
vn 0.1726 -0.0653 -0.9828
vn 0.1692 -0.1383 -0.9758
vn 0.4018 -0.2162 -0.8898
vn 0.5391 -0.2191 -0.8132
vn 0.6631 -0.2162 -0.7166
vn -0.4031 0.2084 0.8911
vn -0.5401 0.2107 0.8148
vn -0.6638 0.2084 0.7183
vn -0.9868 0.1354 0.0893
vn -0.8235 -0.0041 -0.5673
vn -0.2819 -0.1413 -0.9490
vn 0.9838 -0.1413 -0.1099
vn 0.8432 -0.0041 0.5376
vn 0.3019 0.1354 0.9437
vn -0.7571 0.1529 -0.6352
vn -0.7530 0.1836 -0.6318
vn -0.7398 0.2598 -0.6207
vn -0.6815 0.1529 -0.7156
vn -0.6779 0.1836 -0.7119
vn -0.6659 0.2598 -0.6993
vn -0.5975 0.1529 -0.7872
vn -0.5943 0.1836 -0.7830
vn -0.5838 0.2598 -0.7692
vn -0.4065 0.1529 -0.9008
vn -0.4043 0.1836 -0.8960
vn -0.3972 0.2598 -0.8802
vn -0.3035 0.1529 -0.9405
vn -0.3019 0.1836 -0.9355
vn -0.2966 0.2598 -0.9190
vn -0.1968 0.1529 -0.9684
vn -0.1957 0.1835 -0.9633
vn -0.1923 0.2598 -0.9463
vn 0.0193 0.1576 -0.9873
vn 0.0225 0.1858 -0.9823
vn 0.0236 0.2604 -0.9652
vn 0.1191 0.1712 -0.9780
vn 0.1281 0.1932 -0.9728
vn 0.1301 0.2629 -0.9560
vn 0.2181 0.1992 -0.9554
vn 0.2333 0.2062 -0.9503
vn 0.2352 0.2674 -0.9344
vn 0.4447 0.2335 -0.8647
vn 0.4458 0.2198 -0.8677
vn 0.4390 0.2723 -0.8562
vn 0.5376 0.2310 -0.8109
vn 0.5392 0.2188 -0.8133
vn 0.5317 0.2722 -0.8020
vn 0.6233 0.2335 -0.7463
vn 0.6257 0.2198 -0.7485
vn 0.6177 0.2723 -0.7378
vn 0.7950 0.1992 -0.5729
vn 0.7844 0.2062 -0.5849
vn 0.7691 0.2674 -0.5805
vn 0.8544 0.1712 -0.4906
vn 0.8461 0.1932 -0.4968
vn 0.8299 0.2629 -0.4921
vn 0.9019 0.1576 -0.4023
vn 0.8960 0.1858 -0.4033
vn 0.8798 0.2604 -0.3976
vn 0.9686 0.1529 -0.1958
vn 0.9635 0.1835 -0.1948
vn 0.9465 0.2598 -0.1914
vn 0.9844 0.1529 -0.0867
vn 0.9792 0.1836 -0.0862
vn 0.9619 0.2598 -0.0847
vn 0.9880 0.1529 0.0236
vn 0.9827 0.1836 0.0235
vn 0.9654 0.2598 0.0231
vn 0.9577 0.1529 0.2438
vn 0.9526 0.1836 0.2425
vn 0.9358 0.2598 0.2383
vn 0.9245 0.1529 0.3491
vn 0.9196 0.1836 0.3472
vn 0.9034 0.2598 0.3411
vn 0.8799 0.1529 0.4500
vn 0.8752 0.1836 0.4476
vn 0.8597 0.2598 0.4397
vn 0.7571 0.1529 0.6352
vn 0.7530 0.1836 0.6318
vn 0.7398 0.2598 0.6207
vn 0.6815 0.1529 0.7156
vn 0.6779 0.1836 0.7119
vn 0.6659 0.2598 0.6993
vn 0.5975 0.1529 0.7872
vn 0.5943 0.1836 0.7830
vn 0.5838 0.2598 0.7692
vn 0.4065 0.1529 0.9008
vn 0.4043 0.1836 0.8960
vn 0.3972 0.2598 0.8802
vn 0.3035 0.1529 0.9405
vn 0.3019 0.1836 0.9355
vn 0.2966 0.2598 0.9190
vn 0.1968 0.1529 0.9684
vn 0.1957 0.1836 0.9633
vn 0.1923 0.2598 0.9463
vn -0.0246 0.1529 0.9879
vn -0.0245 0.1836 0.9827
vn -0.0240 0.2598 0.9654
vn -0.1346 0.1529 0.9790
vn -0.1339 0.1836 0.9738
vn -0.1315 0.2598 0.9567
vn -0.2429 0.1529 0.9579
vn -0.2416 0.1836 0.9528
vn -0.2373 0.2598 0.9360
vn -0.4508 0.1529 0.8794
vn -0.4484 0.1836 0.8748
vn -0.4405 0.2598 0.8593
vn -0.5460 0.1529 0.8237
vn -0.5432 0.1836 0.8193
vn -0.5336 0.2598 0.8049
vn -0.6345 0.1529 0.7577
vn -0.6311 0.1836 0.7537
vn -0.6200 0.2598 0.7404
vn -0.7877 0.1529 0.5967
vn -0.7836 0.1836 0.5936
vn -0.7697 0.2598 0.5831
vn -0.8494 0.1529 0.5052
vn -0.8449 0.1836 0.5025
vn -0.8299 0.2598 0.4936
vn -0.9004 0.1529 0.4074
vn -0.8956 0.1836 0.4052
vn -0.8798 0.2598 0.3980
vn -0.9557 0.1655 -0.2433
vn -0.9563 0.1621 -0.2435
vn -0.9573 0.1552 -0.2437
vn -0.9226 0.1655 -0.3484
vn -0.9232 0.1621 -0.3486
vn -0.9242 0.1552 -0.3489
vn -0.8781 0.1655 -0.4490
vn -0.8786 0.1621 -0.4493
vn -0.8795 0.1552 -0.4498
vn -0.9686 0.1529 0.1958
vn -0.9635 0.1836 0.1948
vn -0.9465 0.2598 0.1914
vn -0.9844 0.1529 0.0866
vn -0.9792 0.1836 0.0862
vn -0.9619 0.2598 0.0847
vn -0.9880 0.1529 -0.0236
vn -0.9827 0.1836 -0.0235
vn -0.9654 0.2598 -0.0231
vn -0.9577 0.1529 -0.2438
vn -0.9526 0.1836 -0.2425
vn -0.9358 0.2598 -0.2383
vn -0.9245 0.1529 -0.3491
vn -0.9196 0.1836 -0.3472
vn -0.9034 0.2598 -0.3411
vn -0.8799 0.1529 -0.4500
vn -0.8752 0.1836 -0.4476
vn -0.8597 0.2598 -0.4397
vn 0.0206 -0.7136 -0.7002
vn 0.0937 -0.7256 -0.6817
vn 0.1691 -0.7136 -0.6798
vn 0.0089 -0.9828 -0.1847
vn 0.0236 -0.9849 -0.1715
vn 0.0412 -0.9828 -0.1802
vn 0.0055 -0.9987 -0.0506
vn 0.0063 -0.9989 -0.0458
vn 0.0084 -0.9987 -0.0502
vn -0.9667 0.1655 0.1954
vn -0.9672 0.1621 0.1956
vn -0.9683 0.1552 0.1958
vn -0.9824 0.1655 0.0865
vn -0.9830 0.1621 0.0865
vn -0.9841 0.1552 0.0866
vn -0.9859 0.1655 -0.0236
vn -0.9865 0.1621 -0.0236
vn -0.9876 0.1552 -0.0236
vn -0.7861 0.1655 0.5955
vn -0.7866 0.1621 0.5958
vn -0.7875 0.1552 0.5965
vn -0.8476 0.1655 0.5042
vn -0.8481 0.1621 0.5044
vn -0.8490 0.1552 0.5050
vn -0.8985 0.1655 0.4065
vn -0.8990 0.1621 0.4068
vn -0.9001 0.1552 0.4072
vn -0.4499 0.1655 0.8776
vn -0.4502 0.1621 0.8781
vn -0.4507 0.1552 0.8791
vn -0.5449 0.1655 0.8220
vn -0.5452 0.1621 0.8225
vn -0.5458 0.1552 0.8234
vn -0.6332 0.1655 0.7561
vn -0.6335 0.1621 0.7565
vn -0.6342 0.1552 0.7574
vn -0.0246 0.1655 0.9859
vn -0.0246 0.1621 0.9865
vn -0.0246 0.1552 0.9876
vn -0.1343 0.1655 0.9770
vn -0.1344 0.1621 0.9776
vn -0.1345 0.1552 0.9787
vn -0.2424 0.1655 0.9560
vn -0.2425 0.1621 0.9565
vn -0.2428 0.1552 0.9576
vn 0.4056 0.1655 0.8989
vn 0.4059 0.1621 0.8994
vn 0.4063 0.1552 0.9004
vn 0.3029 0.1655 0.9385
vn 0.3031 0.1621 0.9391
vn 0.3034 0.1552 0.9401
vn 0.1964 0.1655 0.9665
vn 0.1965 0.1621 0.9670
vn 0.1967 0.1552 0.9681
vn 0.7555 0.1655 0.6339
vn 0.7559 0.1621 0.6343
vn 0.7568 0.1552 0.6350
vn 0.6801 0.1655 0.7142
vn 0.6805 0.1621 0.7146
vn 0.6813 0.1552 0.7154
vn 0.5963 0.1655 0.7855
vn 0.5966 0.1621 0.7860
vn 0.5973 0.1552 0.7869
vn 0.9557 0.1655 0.2433
vn 0.9563 0.1621 0.2435
vn 0.9573 0.1552 0.2437
vn 0.9226 0.1655 0.3484
vn 0.9232 0.1621 0.3486
vn 0.9242 0.1552 0.3489
vn 0.8781 0.1655 0.4490
vn 0.8786 0.1621 0.4493
vn 0.8795 0.1552 0.4498
vn 0.9666 0.1655 -0.1959
vn 0.9672 0.1620 -0.1959
vn 0.9683 0.1551 -0.1959
vn 0.9824 0.1655 -0.0868
vn 0.9830 0.1620 -0.0868
vn 0.9841 0.1551 -0.0867
vn 0.9859 0.1655 0.0235
vn 0.9865 0.1621 0.0235
vn 0.9876 0.1552 0.0236
vn 0.8485 0.1309 -0.5127
vn 0.8579 0.1652 -0.4866
vn 0.8386 0.2098 -0.5028
vn 0.8734 0.1539 -0.4621
vn 0.8761 0.1637 -0.4536
vn 0.8703 0.1750 -0.4603
vn 0.9053 0.1626 -0.3924
vn 0.9064 0.1625 -0.3900
vn 0.9057 0.1603 -0.3924
vn 0.0090 0.1626 -0.9866
vn 0.0063 0.1625 -0.9867
vn 0.0087 0.1603 -0.9870
vn 0.0856 0.1539 -0.9844
vn 0.0767 0.1637 -0.9835
vn 0.0851 0.1750 -0.9809
vn 0.1418 0.1309 -0.9812
vn 0.1141 0.1652 -0.9796
vn 0.1366 0.2098 -0.9682
vn -0.4055 0.1655 -0.8990
vn -0.4058 0.1621 -0.8995
vn -0.4063 0.1552 -0.9005
vn -0.3026 0.1655 -0.9386
vn -0.3028 0.1620 -0.9392
vn -0.3033 0.1551 -0.9402
vn -0.1960 0.1655 -0.9666
vn -0.1962 0.1620 -0.9671
vn -0.1966 0.1551 -0.9681
vn -0.7555 0.1655 -0.6339
vn -0.7559 0.1621 -0.6343
vn -0.7568 0.1552 -0.6350
vn -0.6801 0.1655 -0.7142
vn -0.6805 0.1621 -0.7146
vn -0.6813 0.1552 -0.7154
vn -0.5963 0.1655 -0.7855
vn -0.5966 0.1621 -0.7860
vn -0.5973 0.1552 -0.7869
vn -0.7355 -0.2795 -0.6171
vn -0.7627 -0.0932 -0.6400
vn -0.7656 0.0347 -0.6424
vn -0.6622 -0.2795 -0.6953
vn -0.6866 -0.0932 -0.7210
vn -0.6892 0.0347 -0.7237
vn -0.5805 -0.2795 -0.7648
vn -0.6020 -0.0932 -0.7931
vn -0.6042 0.0347 -0.7960
vn -0.3942 -0.2792 -0.8756
vn -0.4090 -0.0931 -0.9078
vn -0.4108 0.0347 -0.9111
vn -0.2925 -0.2781 -0.9149
vn -0.3038 -0.0927 -0.9482
vn -0.3059 0.0347 -0.9514
vn -0.1857 -0.2752 -0.9433
vn -0.1936 -0.0914 -0.9768
vn -0.1963 0.0349 -0.9799
vn 0.0135 -0.2648 -0.9642
vn 0.0100 -0.0842 -0.9964
vn 0.0091 0.0396 -0.9992
vn 0.0684 -0.2653 -0.9617
vn 0.0631 -0.0776 -0.9950
vn 0.0703 0.0516 -0.9962
vn 0.0760 -0.2829 -0.9561
vn 0.0592 -0.0684 -0.9959
vn 0.0883 0.0833 -0.9926
vn -0.4811 -0.4990 -0.7208
vn -0.8227 -0.0137 -0.5684
vn -0.8337 0.5052 -0.2232
vn -0.4418 -0.4994 -0.7453
vn -0.8229 -0.0128 -0.5681
vn -0.8461 0.5064 -0.1665
vn -0.4019 -0.4847 -0.7768
vn -0.8226 -0.0140 -0.5684
vn -0.8658 0.4883 -0.1093
vn 0.8511 -0.2829 -0.4423
vn 0.8942 -0.0684 -0.4424
vn 0.8799 0.0833 -0.4678
vn 0.8592 -0.2653 -0.4375
vn 0.8919 -0.0776 -0.4455
vn 0.8902 0.0516 -0.4526
vn 0.8828 -0.2648 -0.3879
vn 0.9139 -0.0842 -0.3972
vn 0.9168 0.0396 -0.3974
vn 0.9411 -0.2752 -0.1963
vn 0.9751 -0.0914 -0.2020
vn 0.9790 0.0349 -0.2007
vn 0.9566 -0.2781 -0.0869
vn 0.9917 -0.0927 -0.0894
vn 0.9954 0.0347 -0.0888
vn 0.9600 -0.2792 0.0222
vn 0.9954 -0.0931 0.0232
vn 0.9991 0.0347 0.0236
vn 0.9305 -0.2795 0.2369
vn 0.9649 -0.0932 0.2457
vn 0.9685 0.0347 0.2466
vn 0.8983 -0.2795 0.3391
vn 0.9315 -0.0932 0.3517
vn 0.9350 0.0347 0.3530
vn 0.8548 -0.2795 0.4372
vn 0.8865 -0.0932 0.4533
vn 0.8898 0.0347 0.4550
vn 0.7355 -0.2795 0.6171
vn 0.7627 -0.0932 0.6400
vn 0.7656 0.0347 0.6424
vn 0.6622 -0.2795 0.6953
vn 0.6866 -0.0932 0.7210
vn 0.6892 0.0347 0.7237
vn 0.5805 -0.2795 0.7648
vn 0.6020 -0.0932 0.7931
vn 0.6042 0.0347 0.7960
vn 0.3949 -0.2795 0.8752
vn 0.4095 -0.0932 0.9075
vn 0.4111 0.0347 0.9109
vn 0.2949 -0.2795 0.9137
vn 0.3058 -0.0932 0.9475
vn 0.3070 0.0347 0.9511
vn 0.1912 -0.2795 0.9409
vn 0.1983 -0.0932 0.9757
vn 0.1990 0.0347 0.9794
vn -0.0239 -0.2795 0.9599
vn -0.0248 -0.0932 0.9953
vn -0.0249 0.0347 0.9991
vn -0.1308 -0.2795 0.9512
vn -0.1356 -0.0932 0.9864
vn -0.1361 0.0347 0.9901
vn -0.2360 -0.2795 0.9307
vn -0.2447 -0.0932 0.9651
vn -0.2456 0.0347 0.9687
vn -0.4380 -0.2795 0.8544
vn -0.4542 -0.0932 0.8860
vn -0.4559 0.0347 0.8893
vn -0.5305 -0.2795 0.8003
vn -0.5501 -0.0932 0.8299
vn -0.5522 0.0347 0.8330
vn -0.6164 -0.2795 0.7361
vn -0.6392 -0.0932 0.7634
vn -0.6416 0.0347 0.7662
vn -0.7653 -0.2795 0.5798
vn -0.7936 -0.0932 0.6012
vn -0.7966 0.0347 0.6035
vn -0.8252 -0.2795 0.4908
vn -0.8557 -0.0932 0.5090
vn -0.8589 0.0347 0.5109
vn -0.8748 -0.2795 0.3958
vn -0.9071 -0.0932 0.4104
vn -0.9105 0.0347 0.4120
vn -0.9411 -0.2795 0.1903
vn -0.9759 -0.0932 0.1973
vn -0.9796 0.0347 0.1981
vn -0.9565 -0.2795 0.0842
vn -0.9918 -0.0932 0.0873
vn -0.9955 0.0347 0.0876
vn -0.9599 -0.2795 -0.0230
vn -0.9954 -0.0932 -0.0238
vn -0.9991 0.0347 -0.0239
vn -0.9305 -0.2795 -0.2369
vn -0.9649 -0.0932 -0.2457
vn -0.9685 0.0347 -0.2466
vn -0.8983 -0.2795 -0.3391
vn -0.9315 -0.0932 -0.3517
vn -0.9350 0.0347 -0.3530
vn -0.8548 -0.2795 -0.4372
vn -0.8865 -0.0932 -0.4533
vn -0.8898 0.0347 -0.4550
vn -0.4192 -0.7206 -0.5523
vn -0.4782 -0.7206 -0.5021
vn -0.5312 -0.7206 -0.4457
vn -0.4422 -0.6819 -0.5826
vn -0.5044 -0.6819 -0.5297
vn -0.5603 -0.6819 -0.4701
vn -0.4813 -0.6053 -0.6340
vn -0.5490 -0.6053 -0.5764
vn -0.6098 -0.6053 -0.5117
vn -0.1379 -0.7200 -0.6801
vn -0.2129 -0.7204 -0.6601
vn -0.2852 -0.7205 -0.6321
vn -0.1447 -0.6803 -0.7185
vn -0.2243 -0.6814 -0.6967
vn -0.3007 -0.6818 -0.6669
vn -0.1561 -0.6020 -0.7831
vn -0.2434 -0.6041 -0.7588
vn -0.3271 -0.6050 -0.7259
vn 0.1647 -0.7265 -0.6671
vn 0.0920 -0.7214 -0.6864
vn 0.0170 -0.7194 -0.6944
vn 0.1583 -0.6992 -0.6972
vn 0.0899 -0.6841 -0.7238
vn 0.0170 -0.6783 -0.7346
vn 0.1402 -0.6359 -0.7589
vn 0.0848 -0.6057 -0.7912
vn 0.0167 -0.5968 -0.8022
vn 0.4348 -0.7391 -0.5145
vn 0.3708 -0.7414 -0.5594
vn 0.3046 -0.7391 -0.6009
vn 0.4429 -0.7385 -0.5084
vn 0.3681 -0.7458 -0.5552
vn 0.2958 -0.7385 -0.6059
vn 0.4660 -0.7348 -0.4928
vn 0.3616 -0.7562 -0.5454
vn 0.2724 -0.7348 -0.6211
vn 0.6330 -0.7194 -0.2861
vn 0.5964 -0.7214 -0.3520
vn 0.5503 -0.7265 -0.4115
vn 0.6700 -0.6783 -0.3017
vn 0.6317 -0.6841 -0.3647
vn 0.5805 -0.6992 -0.4172
vn 0.7324 -0.5968 -0.3278
vn 0.6957 -0.6057 -0.3862
vn 0.6444 -0.6359 -0.4246
vn 0.6932 -0.7205 0.0165
vn 0.6909 -0.7204 -0.0610
vn 0.6801 -0.7200 -0.1378
vn 0.7313 -0.6818 0.0173
vn 0.7291 -0.6814 -0.0647
vn 0.7181 -0.6803 -0.1464
vn 0.7960 -0.6050 0.0186
vn 0.7937 -0.6041 -0.0712
vn 0.7821 -0.6020 -0.1612
vn 0.6173 -0.7206 0.3157
vn 0.6487 -0.7206 0.2449
vn 0.6719 -0.7206 0.1711
vn 0.6512 -0.6819 0.3330
vn 0.6843 -0.6819 0.2584
vn 0.7088 -0.6819 0.1805
vn 0.7087 -0.6053 0.3624
vn 0.7447 -0.6053 0.2812
vn 0.7714 -0.6053 0.1964
vn 0.4192 -0.7206 0.5523
vn 0.4782 -0.7206 0.5021
vn 0.5312 -0.7206 0.4457
vn 0.4422 -0.6819 0.5826
vn 0.5044 -0.6819 0.5297
vn 0.5603 -0.6819 0.4701
vn 0.4813 -0.6053 0.6340
vn 0.5490 -0.6053 0.5764
vn 0.6098 -0.6053 0.5117
vn 0.1381 -0.7206 0.6795
vn 0.2130 -0.7206 0.6599
vn 0.2852 -0.7206 0.6320
vn 0.1456 -0.6819 0.7168
vn 0.2247 -0.6819 0.6961
vn 0.3008 -0.6819 0.6667
vn 0.1585 -0.6053 0.7801
vn 0.2445 -0.6053 0.7576
vn 0.3274 -0.6053 0.7256
vn -0.1704 -0.7206 0.6721
vn -0.0944 -0.7206 0.6869
vn -0.0173 -0.7206 0.6931
vn -0.1798 -0.6819 0.7090
vn -0.0996 -0.6819 0.7246
vn -0.0182 -0.6819 0.7312
vn -0.1956 -0.6053 0.7716
vn -0.1084 -0.6053 0.7886
vn -0.0198 -0.6053 0.7958
vn -0.4452 -0.7206 0.5316
vn -0.3831 -0.7206 0.5779
vn -0.3163 -0.7206 0.6170
vn -0.4696 -0.6819 0.5608
vn -0.4042 -0.6819 0.6096
vn -0.3337 -0.6819 0.6509
vn -0.5111 -0.6053 0.6103
vn -0.4398 -0.6053 0.6635
vn -0.3631 -0.6053 0.7084
vn -0.6317 -0.7206 0.2858
vn -0.5959 -0.7206 0.3545
vn -0.5527 -0.7206 0.4187
vn -0.6664 -0.6819 0.3015
vn -0.6286 -0.6819 0.3739
vn -0.5830 -0.6819 0.4417
vn -0.7252 -0.6053 0.3281
vn -0.6842 -0.6053 0.4069
vn -0.6345 -0.6053 0.4807
vn -0.6932 -0.7206 -0.0166
vn -0.6907 -0.7206 0.0608
vn -0.6796 -0.7206 0.1374
vn -0.7312 -0.6819 -0.0175
vn -0.7286 -0.6819 0.0641
vn -0.7169 -0.6819 0.1449
vn -0.7958 -0.6053 -0.0190
vn -0.7930 -0.6053 0.0698
vn -0.7802 -0.6053 0.1578
vn -0.6173 -0.7206 -0.3157
vn -0.6487 -0.7206 -0.2449
vn -0.6719 -0.7206 -0.1711
vn -0.6512 -0.6819 -0.3330
vn -0.6843 -0.6819 -0.2584
vn -0.7088 -0.6819 -0.1805
vn -0.7087 -0.6053 -0.3624
vn -0.7447 -0.6053 -0.2812
vn -0.7714 -0.6053 -0.1964
vn -0.0000 -1.0000 -0.0000
vn -0.0068 -1.0000 -0.0045
vn -0.0037 -1.0000 -0.0039
vn -0.0042 -1.0000 -0.0070
vn -0.0016 -1.0000 -0.0051
vn -0.0007 -1.0000 -0.0081
vn 0.0007 -1.0000 -0.0053
vn 0.0029 -1.0000 -0.0076
vn 0.0030 -1.0000 -0.0045
vn 0.0059 -1.0000 -0.0056
vn 0.0046 -1.0000 -0.0027
vn 0.0078 -1.0000 -0.0025
vn 0.0053 -1.0000 -0.0005
vn 0.0081 -1.0000 0.0011
vn 0.0050 -1.0000 0.0019
vn 0.0068 -1.0000 0.0045
vn 0.0037 -1.0000 0.0039
vn 0.0042 -1.0000 0.0070
vn 0.0016 -1.0000 0.0051
vn 0.0007 -1.0000 0.0081
vn -0.0007 -1.0000 0.0053
vn -0.0029 -1.0000 0.0076
vn -0.0030 -1.0000 0.0045
vn -0.0059 -1.0000 0.0056
vn -0.0046 -1.0000 0.0027
vn -0.0078 -1.0000 0.0025
vn -0.0053 -1.0000 0.0005
vn -0.0081 -1.0000 -0.0011
vn -0.0050 -1.0000 -0.0019
vn -0.3224 -0.7136 0.6220
vn -0.3802 -0.7256 0.5735
vn -0.4474 -0.7136 0.5391
vn -0.0882 -0.9828 0.1625
vn -0.0957 -0.9849 0.1443
vn -0.1153 -0.9828 0.1445
vn -0.0269 -0.9987 0.0432
vn -0.0255 -0.9989 0.0385
vn -0.0294 -0.9987 0.0416
vn 0.3224 -0.7136 -0.6220
vn 0.3802 -0.7256 -0.5735
vn 0.4474 -0.7136 -0.5391
vn 0.0882 -0.9828 -0.1625
vn 0.0957 -0.9849 -0.1443
vn 0.1153 -0.9828 -0.1445
vn 0.0269 -0.9987 -0.0432
vn 0.0255 -0.9989 -0.0385
vn 0.0294 -0.9987 -0.0416
vn -0.5603 -0.7136 0.4205
vn -0.5914 -0.7256 0.3517
vn -0.6370 -0.7136 0.2916
vn -0.1500 -0.9828 0.1081
vn -0.1488 -0.9849 0.0885
vn -0.1666 -0.9828 0.0801
vn -0.0430 -0.9987 0.0273
vn -0.0397 -0.9989 0.0236
vn -0.0445 -0.9987 0.0247
vn 0.5603 -0.7136 -0.4205
vn 0.5914 -0.7256 -0.3517
vn 0.6370 -0.7136 -0.2916
vn 0.1500 -0.9828 -0.1081
vn 0.1488 -0.9849 -0.0885
vn 0.1666 -0.9828 -0.0801
vn 0.0430 -0.9987 -0.0273
vn 0.0397 -0.9989 -0.0236
vn 0.0445 -0.9987 -0.0247
vn -0.6873 -0.7136 0.1358
vn -0.6854 -0.7256 0.0603
vn -0.7004 -0.7136 -0.0136
vn -0.1820 -0.9828 0.0324
vn -0.1725 -0.9849 0.0152
vn -0.1849 -0.9828 -0.0001
vn -0.0506 -0.9987 0.0059
vn -0.0460 -0.9989 0.0040
vn -0.0508 -0.9987 0.0030
vn 0.6873 -0.7136 -0.1358
vn 0.6854 -0.7256 -0.0603
vn 0.7004 -0.7136 0.0136
vn 0.1820 -0.9828 -0.0324
vn 0.1725 -0.9849 -0.0152
vn 0.1849 -0.9828 0.0001
vn 0.0506 -0.9987 -0.0059
vn 0.0460 -0.9989 -0.0040
vn 0.0508 -0.9987 -0.0030
vn -0.6781 -0.7136 -0.1759
vn -0.6437 -0.7256 -0.2430
vn -0.6251 -0.7136 -0.3162
vn -0.1780 -0.9828 -0.0498
vn -0.1620 -0.9849 -0.0612
vn -0.1665 -0.9828 -0.0803
vn -0.0481 -0.9987 -0.0166
vn -0.0432 -0.9989 -0.0163
vn -0.0471 -0.9987 -0.0194
vn 0.6781 -0.7136 0.1759
vn 0.6437 -0.7256 0.2430
vn 0.6251 -0.7136 0.3162
vn 0.1780 -0.9828 0.0498
vn 0.1620 -0.9849 0.0612
vn 0.1665 -0.9828 0.0803
vn 0.0481 -0.9987 0.0166
vn 0.0432 -0.9989 0.0163
vn 0.0471 -0.9987 0.0194
vn 0.5346 -0.7136 0.4527
vn 0.4745 -0.7256 0.4983
vn 0.4260 -0.7136 0.5561
vn 0.1388 -0.9828 0.1221
vn 0.1194 -0.9849 0.1254
vn 0.1152 -0.9828 0.1446
vn 0.0362 -0.9987 0.0358
vn 0.0319 -0.9989 0.0334
vn 0.0340 -0.9987 0.0379
vn -0.5346 -0.7136 -0.4527
vn -0.4745 -0.7256 -0.4983
vn -0.4260 -0.7136 -0.5561
vn -0.1388 -0.9828 -0.1221
vn -0.1194 -0.9849 -0.1254
vn -0.1152 -0.9828 -0.1446
vn -0.0362 -0.9987 -0.0358
vn -0.0319 -0.9989 -0.0334
vn -0.0340 -0.9987 -0.0379
vn 0.2853 -0.7136 0.6398
vn 0.2113 -0.7256 0.6548
vn 0.1426 -0.7136 0.6859
vn 0.0721 -0.9828 0.1703
vn 0.0532 -0.9849 0.1648
vn 0.0411 -0.9828 0.1803
vn 0.0170 -0.9987 0.0480
vn 0.0142 -0.9989 0.0440
vn 0.0142 -0.9987 0.0489
vn -0.2853 -0.7136 -0.6398
vn -0.2113 -0.7256 -0.6548
vn -0.1426 -0.7136 -0.6859
vn -0.0721 -0.9828 -0.1703
vn -0.0532 -0.9849 -0.1648
vn -0.0411 -0.9828 -0.1803
vn -0.0170 -0.9987 -0.0480
vn -0.0142 -0.9989 -0.0440
vn -0.0142 -0.9987 -0.0489
vn -0.0206 -0.7136 0.7002
vn -0.0937 -0.7256 0.6817
vn -0.1691 -0.7136 0.6798
vn -0.0089 -0.9828 0.1847
vn -0.0236 -0.9849 0.1715
vn -0.0412 -0.9828 0.1802
vn -0.0055 -0.9987 0.0506
vn -0.0063 -0.9989 0.0458
vn -0.0084 -0.9987 0.0502
vn -0.0249 -0.0000 0.9997
vn -0.1362 -0.0000 0.9907
vn -0.2458 -0.0000 0.9693
vn -0.4113 -0.0000 -0.9115
vn -0.3071 -0.0000 -0.9517
vn -0.1991 -0.0000 -0.9800
vn 0.4113 -0.0000 0.9115
vn 0.3071 -0.0000 0.9517
vn 0.1991 -0.0000 0.9800
vn -0.7661 -0.0000 -0.6428
vn -0.6896 -0.0000 -0.7242
vn -0.6046 -0.0000 -0.7965
vn 0.7661 -0.0000 0.6428
vn 0.6896 -0.0000 0.7242
vn 0.6046 -0.0000 0.7965
vn 0.9691 -0.0000 0.2467
vn 0.9355 -0.0000 0.3532
vn 0.8903 -0.0000 0.4553
vn -0.9691 -0.0000 -0.2467
vn -0.9355 -0.0000 -0.3532
vn -0.8903 -0.0000 -0.4553
vn 0.9802 -0.0000 -0.1982
vn 0.9961 -0.0000 -0.0877
vn 0.9997 -0.0000 0.0239
vn -0.9802 -0.0000 0.1982
vn -0.9961 -0.0000 0.0877
vn -0.9997 -0.0000 -0.0239
vn 0.7971 -0.0000 -0.6038
vn 0.8595 -0.0000 -0.5112
vn 0.9111 -0.0000 -0.4122
vn -0.7971 -0.0000 0.6038
vn -0.8595 -0.0000 0.5112
vn -0.9111 -0.0000 0.4122
vn 0.4562 -0.0000 -0.8899
vn 0.5525 -0.0000 -0.8335
vn 0.6420 -0.0000 -0.7667
vn -0.4562 -0.0000 0.8899
vn -0.5525 -0.0000 0.8335
vn -0.6420 -0.0000 0.7667
vn 0.0249 -0.0000 -0.9997
vn 0.1362 -0.0000 -0.9907
vn 0.2458 -0.0000 -0.9693
vn 0.0181 -0.6855 -0.7279
vn 0.0992 -0.6854 -0.7213
vn 0.1790 -0.6855 -0.7058
vn 0.0208 -0.5492 -0.8355
vn 0.1138 -0.5491 -0.8280
vn 0.2054 -0.5492 -0.8101
vn 0.0240 -0.2625 -0.9646
vn 0.1314 -0.2624 -0.9560
vn 0.2372 -0.2625 -0.9353
vn -0.3322 -0.6855 0.6479
vn -0.4023 -0.6854 0.6069
vn -0.4675 -0.6855 0.5582
vn -0.3812 -0.5492 0.7437
vn -0.4618 -0.5491 0.6966
vn -0.5365 -0.5492 0.6407
vn -0.4402 -0.2625 0.8587
vn -0.5332 -0.2624 0.8043
vn -0.6195 -0.2625 0.7398
vn 0.3322 -0.6855 -0.6479
vn 0.4023 -0.6854 -0.6069
vn 0.4675 -0.6855 -0.5582
vn 0.3812 -0.5492 -0.7437
vn 0.4618 -0.5491 -0.6966
vn 0.5365 -0.5492 -0.6407
vn 0.4402 -0.2625 -0.8587
vn 0.5332 -0.2625 -0.8043
vn 0.6195 -0.2625 -0.7398
vn -0.5804 -0.6855 0.4397
vn -0.6258 -0.6854 0.3722
vn -0.6634 -0.6855 0.3001
vn -0.6662 -0.5492 0.5046
vn -0.7183 -0.5491 0.4272
vn -0.7614 -0.5492 0.3445
vn -0.7692 -0.2625 0.5827
vn -0.8293 -0.2625 0.4933
vn -0.8791 -0.2625 0.3978
vn 0.5804 -0.6855 -0.4397
vn 0.6258 -0.6854 -0.3722
vn 0.6634 -0.6855 -0.3001
vn 0.6662 -0.5492 -0.5046
vn 0.7183 -0.5491 -0.4272
vn 0.7614 -0.5492 -0.3445
vn 0.7692 -0.2625 -0.5827
vn 0.8293 -0.2625 -0.4933
vn 0.8791 -0.2625 -0.3978
vn -0.7137 -0.6855 0.1443
vn -0.7253 -0.6854 0.0638
vn -0.7279 -0.6855 -0.0174
vn -0.8191 -0.5492 0.1656
vn -0.8325 -0.5491 0.0733
vn -0.8355 -0.5492 -0.0200
vn -0.9458 -0.2625 0.1912
vn -0.9612 -0.2624 0.0846
vn -0.9647 -0.2625 -0.0231
vn 0.7137 -0.6855 -0.1443
vn 0.7253 -0.6854 -0.0638
vn 0.7279 -0.6855 0.0174
vn 0.8191 -0.5492 -0.1656
vn 0.8325 -0.5491 -0.0733
vn 0.8355 -0.5492 0.0200
vn 0.9458 -0.2625 -0.1912
vn 0.9612 -0.2624 -0.0846
vn 0.9647 -0.2625 0.0231
vn -0.7056 -0.6855 -0.1796
vn -0.6812 -0.6854 -0.2572
vn -0.6483 -0.6855 -0.3315
vn -0.8099 -0.5492 -0.2062
vn -0.7819 -0.5491 -0.2952
vn -0.7441 -0.5492 -0.3805
vn -0.9351 -0.2625 -0.2381
vn -0.9027 -0.2624 -0.3408
vn -0.8591 -0.2625 -0.4394
vn 0.7056 -0.6855 0.1796
vn 0.6812 -0.6854 0.2572
vn 0.6483 -0.6855 0.3315
vn 0.8099 -0.5492 0.2062
vn 0.7819 -0.5491 0.2952
vn 0.7441 -0.5492 0.3805
vn 0.9351 -0.2625 0.2381
vn 0.9027 -0.2624 0.3408
vn 0.8591 -0.2625 0.4394
vn 0.5578 -0.6855 0.4680
vn 0.5021 -0.6854 0.5273
vn 0.4402 -0.6855 0.5800
vn 0.6402 -0.5492 0.5372
vn 0.5764 -0.5491 0.6052
vn 0.5053 -0.5492 0.6657
vn 0.7392 -0.2625 0.6202
vn 0.6655 -0.2624 0.6988
vn 0.5834 -0.2625 0.7686
vn -0.5578 -0.6855 -0.4680
vn -0.5021 -0.6854 -0.5273
vn -0.4402 -0.6855 -0.5800
vn -0.6402 -0.5492 -0.5372
vn -0.5764 -0.5491 -0.6052
vn -0.5053 -0.5492 -0.6657
vn -0.7392 -0.2625 -0.6202
vn -0.6655 -0.2624 -0.6988
vn -0.5834 -0.2625 -0.7686
vn 0.2995 -0.6855 0.6637
vn 0.2236 -0.6854 0.6929
vn 0.1450 -0.6855 0.7135
vn 0.3437 -0.5492 0.7618
vn 0.2567 -0.5491 0.7953
vn 0.1664 -0.5492 0.8190
vn 0.3969 -0.2625 0.8795
vn 0.2964 -0.2624 0.9183
vn 0.1922 -0.2625 0.9456
vn -0.2995 -0.6855 -0.6637
vn -0.2236 -0.6854 -0.6929
vn -0.1450 -0.6855 -0.7135
vn -0.3437 -0.5492 -0.7618
vn -0.2567 -0.5491 -0.7953
vn -0.1664 -0.5492 -0.8190
vn -0.3969 -0.2625 -0.8795
vn -0.2964 -0.2624 -0.9183
vn -0.1922 -0.2625 -0.9456
vn -0.0181 -0.6855 0.7279
vn -0.0992 -0.6854 0.7213
vn -0.1790 -0.6855 0.7058
vn -0.0208 -0.5492 0.8355
vn -0.1138 -0.5491 0.8280
vn -0.2054 -0.5492 0.8101
vn -0.0240 -0.2625 0.9646
vn -0.1314 -0.2624 0.9560
vn -0.2372 -0.2625 0.9353
vn 0.7578 -0.1463 0.6358
vn 0.6822 -0.1463 0.7164
vn 0.5981 -0.1463 0.7880
vn 0.7613 -0.1109 0.6388
vn 0.6854 -0.1109 0.7197
vn 0.6009 -0.1109 0.7916
vn 0.7659 -0.0209 0.6426
vn 0.6895 -0.0209 0.7240
vn 0.6045 -0.0209 0.7964
vn 0.4069 -0.1463 0.9017
vn 0.3038 -0.1463 0.9414
vn 0.1970 -0.1463 0.9694
vn 0.4088 -0.1109 0.9059
vn 0.3052 -0.1109 0.9458
vn 0.1979 -0.1109 0.9739
vn 0.4112 -0.0209 0.9113
vn 0.3071 -0.0209 0.9515
vn 0.1991 -0.0209 0.9798
vn -0.0246 -0.1463 0.9889
vn -0.1347 -0.1463 0.9800
vn -0.2431 -0.1463 0.9589
vn -0.0247 -0.1109 0.9935
vn -0.1354 -0.1109 0.9846
vn -0.2443 -0.1109 0.9633
vn -0.0249 -0.0209 0.9995
vn -0.1362 -0.0209 0.9905
vn -0.2457 -0.0209 0.9691
vn -0.4513 -0.1463 0.8803
vn -0.5466 -0.1463 0.8245
vn -0.6351 -0.1463 0.7584
vn -0.4534 -0.1109 0.8844
vn -0.5491 -0.1109 0.8283
vn -0.6381 -0.1109 0.7620
vn -0.4561 -0.0209 0.8897
vn -0.5524 -0.0209 0.8333
vn -0.6419 -0.0209 0.7665
vn -0.7885 -0.1463 0.5973
vn -0.8502 -0.1463 0.5057
vn -0.9013 -0.1463 0.4078
vn -0.7922 -0.1109 0.6001
vn -0.8542 -0.1109 0.5080
vn -0.9055 -0.1109 0.4097
vn -0.7969 -0.0209 0.6037
vn -0.8593 -0.0209 0.5111
vn -0.9109 -0.0209 0.4121
vn -0.9696 -0.1463 0.1960
vn -0.9854 -0.1463 0.0867
vn -0.9890 -0.1463 -0.0237
vn -0.9741 -0.1109 0.1970
vn -0.9900 -0.1109 0.0871
vn -0.9935 -0.1109 -0.0238
vn -0.9800 -0.0209 0.1981
vn -0.9959 -0.0209 0.0877
vn -0.9995 -0.0209 -0.0239
vn -0.9587 -0.1463 -0.2441
vn -0.9255 -0.1463 -0.3494
vn -0.8807 -0.1463 -0.4504
vn -0.9631 -0.1109 -0.2452
vn -0.9298 -0.1109 -0.3510
vn -0.8848 -0.1109 -0.4525
vn -0.9689 -0.0209 -0.2467
vn -0.9353 -0.0209 -0.3531
vn -0.8901 -0.0209 -0.4552
vn -0.7578 -0.1463 -0.6358
vn -0.6822 -0.1463 -0.7164
vn -0.5981 -0.1463 -0.7880
vn -0.7613 -0.1109 -0.6388
vn -0.6854 -0.1109 -0.7197
vn -0.6009 -0.1109 -0.7916
vn -0.7659 -0.0209 -0.6426
vn -0.6895 -0.0209 -0.7240
vn -0.6045 -0.0209 -0.7964
vn -0.4069 -0.1463 -0.9017
vn -0.3038 -0.1463 -0.9414
vn -0.1970 -0.1463 -0.9694
vn -0.4088 -0.1109 -0.9059
vn -0.3052 -0.1109 -0.9458
vn -0.1979 -0.1109 -0.9739
vn -0.4112 -0.0209 -0.9113
vn -0.3071 -0.0209 -0.9515
vn -0.1991 -0.0209 -0.9798
vn 0.0246 -0.1463 -0.9889
vn 0.1347 -0.1463 -0.9800
vn 0.2431 -0.1463 -0.9589
vn 0.0247 -0.1109 -0.9935
vn 0.1354 -0.1109 -0.9846
vn 0.2443 -0.1109 -0.9633
vn 0.0249 -0.0209 -0.9995
vn 0.1362 -0.0209 -0.9905
vn 0.2457 -0.0209 -0.9691
vn 0.4513 -0.1463 -0.8803
vn 0.5466 -0.1463 -0.8245
vn 0.6351 -0.1463 -0.7584
vn 0.4534 -0.1109 -0.8844
vn 0.5491 -0.1109 -0.8283
vn 0.6381 -0.1109 -0.7620
vn 0.4561 -0.0209 -0.8897
vn 0.5524 -0.0209 -0.8333
vn 0.6419 -0.0209 -0.7665
vn 0.7885 -0.1463 -0.5973
vn 0.8502 -0.1463 -0.5057
vn 0.9013 -0.1463 -0.4078
vn 0.7922 -0.1109 -0.6001
vn 0.8542 -0.1109 -0.5080
vn 0.9055 -0.1109 -0.4097
vn 0.7969 -0.0209 -0.6037
vn 0.8593 -0.0209 -0.5111
vn 0.9109 -0.0209 -0.4121
vn 0.9586 -0.1464 0.2441
vn 0.9255 -0.1464 0.3494
vn 0.8807 -0.1464 0.4504
vn 0.9571 -0.1571 0.2437
vn 0.9239 -0.1570 0.3488
vn 0.8793 -0.1571 0.4497
vn 0.9564 -0.1610 0.2435
vn 0.9233 -0.1610 0.3486
vn 0.8787 -0.1610 0.4494
vn 0.9696 -0.1463 -0.1960
vn 0.9854 -0.1463 -0.0867
vn 0.9890 -0.1463 0.0237
vn 0.9741 -0.1109 -0.1970
vn 0.9900 -0.1109 -0.0871
vn 0.9935 -0.1109 0.0238
vn 0.9800 -0.0209 -0.1981
vn 0.9959 -0.0209 -0.0877
vn 0.9995 -0.0209 0.0239
vn 0.9587 -0.1463 0.2441
vn 0.9255 -0.1463 0.3494
vn 0.8807 -0.1463 0.4504
vn 0.9631 -0.1109 0.2452
vn 0.9298 -0.1109 0.3510
vn 0.8848 -0.1109 0.4525
vn 0.9689 -0.0209 0.2467
vn 0.9353 -0.0209 0.3531
vn 0.8901 -0.0209 0.4552
vn -0.0146 0.7268 0.6867
vn 0.0067 0.9904 -0.1381
vn 0.0072 0.9974 -0.0719
vn -0.0853 0.7795 0.6206
vn 0.0177 0.9915 -0.1290
vn 0.0091 0.9978 -0.0661
vn -0.1712 0.7268 0.6651
vn 0.0308 0.9904 -0.1348
vn 0.0125 0.9974 -0.0711
vn 0.9696 -0.1464 -0.1960
vn 0.9854 -0.1464 -0.0867
vn 0.9889 -0.1464 0.0237
vn 0.9680 -0.1571 -0.1957
vn 0.9838 -0.1570 -0.0866
vn 0.9873 -0.1571 0.0236
vn 0.9674 -0.1610 -0.1956
vn 0.9832 -0.1610 -0.0865
vn 0.9867 -0.1610 0.0236
vn 0.7885 -0.1464 -0.5973
vn 0.8502 -0.1464 -0.5057
vn 0.9013 -0.1464 -0.4078
vn 0.7872 -0.1571 -0.5963
vn 0.8488 -0.1570 -0.5049
vn 0.8998 -0.1571 -0.4071
vn 0.7867 -0.1610 -0.5960
vn 0.8483 -0.1610 -0.5045
vn 0.8992 -0.1610 -0.4068
vn 0.4513 -0.1464 -0.8803
vn 0.5466 -0.1464 -0.8245
vn 0.6351 -0.1464 -0.7584
vn 0.4505 -0.1571 -0.8788
vn 0.5457 -0.1570 -0.8231
vn 0.6340 -0.1571 -0.7572
vn 0.4502 -0.1610 -0.8783
vn 0.5453 -0.1610 -0.8226
vn 0.6336 -0.1610 -0.7567
vn 0.0246 -0.1464 -0.9889
vn 0.1347 -0.1464 -0.9800
vn 0.2431 -0.1464 -0.9589
vn 0.0246 -0.1571 -0.9873
vn 0.1345 -0.1570 -0.9784
vn 0.2427 -0.1571 -0.9573
vn 0.0246 -0.1610 -0.9867
vn 0.1344 -0.1610 -0.9778
vn 0.2426 -0.1610 -0.9567
vn -0.4069 -0.1464 -0.9017
vn -0.3038 -0.1464 -0.9414
vn -0.1970 -0.1464 -0.9694
vn -0.4062 -0.1571 -0.9002
vn -0.3033 -0.1570 -0.9399
vn -0.1967 -0.1571 -0.9678
vn -0.4060 -0.1610 -0.8996
vn -0.3031 -0.1610 -0.9393
vn -0.1965 -0.1610 -0.9672
vn -0.7578 -0.1464 -0.6358
vn -0.6822 -0.1464 -0.7164
vn -0.5981 -0.1464 -0.7879
vn -0.7566 -0.1571 -0.6348
vn -0.6811 -0.1570 -0.7152
vn -0.5971 -0.1571 -0.7866
vn -0.7561 -0.1610 -0.6344
vn -0.6806 -0.1610 -0.7147
vn -0.5967 -0.1610 -0.7861
vn -0.9586 -0.1464 -0.2441
vn -0.9255 -0.1464 -0.3494
vn -0.8807 -0.1464 -0.4504
vn -0.9571 -0.1571 -0.2437
vn -0.9239 -0.1570 -0.3488
vn -0.8793 -0.1571 -0.4497
vn -0.9564 -0.1610 -0.2435
vn -0.9233 -0.1610 -0.3486
vn -0.8787 -0.1610 -0.4494
vn -0.9696 -0.1464 0.1960
vn -0.9854 -0.1464 0.0867
vn -0.9889 -0.1464 -0.0237
vn -0.9680 -0.1571 0.1957
vn -0.9838 -0.1570 0.0866
vn -0.9873 -0.1571 -0.0236
vn -0.9674 -0.1610 0.1956
vn -0.9832 -0.1610 0.0865
vn -0.9867 -0.1610 -0.0236
vn -0.7885 -0.1464 0.5973
vn -0.8502 -0.1464 0.5057
vn -0.9013 -0.1464 0.4078
vn -0.7872 -0.1571 0.5963
vn -0.8488 -0.1570 0.5049
vn -0.8998 -0.1571 0.4071
vn -0.7867 -0.1610 0.5960
vn -0.8483 -0.1610 0.5045
vn -0.8992 -0.1610 0.4068
vn -0.4513 -0.1464 0.8803
vn -0.5466 -0.1464 0.8245
vn -0.6351 -0.1464 0.7584
vn -0.4505 -0.1571 0.8788
vn -0.5457 -0.1570 0.8231
vn -0.6340 -0.1571 0.7572
vn -0.4502 -0.1610 0.8783
vn -0.5453 -0.1610 0.8226
vn -0.6336 -0.1610 0.7567
vn -0.0246 -0.1464 0.9889
vn -0.1347 -0.1464 0.9800
vn -0.2431 -0.1464 0.9589
vn -0.0246 -0.1571 0.9873
vn -0.1345 -0.1570 0.9784
vn -0.2427 -0.1571 0.9573
vn -0.0246 -0.1610 0.9866
vn -0.1344 -0.1610 0.9778
vn -0.2426 -0.1610 0.9567
vn 0.4069 -0.1464 0.9017
vn 0.3038 -0.1464 0.9414
vn 0.1970 -0.1464 0.9694
vn 0.4062 -0.1571 0.9002
vn 0.3033 -0.1570 0.9399
vn 0.1967 -0.1571 0.9678
vn 0.4060 -0.1610 0.8996
vn 0.3031 -0.1610 0.9393
vn 0.1965 -0.1610 0.9672
vn 0.7578 -0.1464 0.6358
vn 0.6822 -0.1464 0.7164
vn 0.5981 -0.1464 0.7879
vn 0.7566 -0.1571 0.6348
vn 0.6811 -0.1570 0.7152
vn 0.5971 -0.1571 0.7866
vn 0.7561 -0.1610 0.6344
vn 0.6806 -0.1610 0.7147
vn 0.5967 -0.1610 0.7861
vn 0.7361 0.2772 0.6176
vn 0.6626 0.2772 0.6958
vn 0.5809 0.2772 0.7653
vn 0.7642 0.0702 0.6412
vn 0.6879 0.0702 0.7224
vn 0.6031 0.0702 0.7946
vn 0.7647 -0.0602 0.6416
vn 0.6884 -0.0602 0.7228
vn 0.6035 -0.0602 0.7951
vn 0.3952 0.2772 0.8758
vn 0.2951 0.2772 0.9144
vn 0.1913 0.2772 0.9416
vn 0.4103 0.0702 0.9092
vn 0.3064 0.0702 0.9493
vn 0.1986 0.0702 0.9776
vn 0.4106 -0.0602 0.9098
vn 0.3066 -0.0602 0.9499
vn 0.1988 -0.0602 0.9782
vn -0.0239 0.2772 0.9605
vn -0.1309 0.2772 0.9519
vn -0.2362 0.2772 0.9313
vn -0.0248 0.0702 0.9972
vn -0.1359 0.0702 0.9882
vn -0.2452 0.0702 0.9669
vn -0.0249 -0.0602 0.9979
vn -0.1359 -0.0602 0.9889
vn -0.2453 -0.0602 0.9676
vn -0.4383 0.2772 0.8550
vn -0.5309 0.2772 0.8008
vn -0.6169 0.2772 0.7367
vn -0.4551 0.0702 0.8877
vn -0.5512 0.0702 0.8314
vn -0.6404 0.0702 0.7648
vn -0.4554 -0.0602 0.8883
vn -0.5515 -0.0602 0.8320
vn -0.6409 -0.0602 0.7653
vn -0.7659 0.2772 0.5802
vn -0.8258 0.2772 0.4912
vn -0.8754 0.2772 0.3961
vn -0.7951 0.0702 0.6023
vn -0.8573 0.0702 0.5099
vn -0.9088 0.0702 0.4112
vn -0.7957 -0.0602 0.6027
vn -0.8579 -0.0602 0.5103
vn -0.9094 -0.0602 0.4115
vn -0.9418 0.2772 0.1904
vn -0.9571 0.2772 0.0842
vn -0.9605 0.2772 -0.0230
vn -0.9777 0.0702 0.1977
vn -0.9937 0.0702 0.0875
vn -0.9972 0.0702 -0.0239
vn -0.9784 -0.0602 0.1978
vn -0.9943 -0.0602 0.0875
vn -0.9979 -0.0602 -0.0239
vn -0.9311 0.2772 -0.2371
vn -0.8989 0.2772 -0.3394
vn -0.8554 0.2772 -0.4375
vn -0.9667 0.0702 -0.2461
vn -0.9332 0.0702 -0.3524
vn -0.8881 0.0702 -0.4542
vn -0.9673 -0.0602 -0.2463
vn -0.9338 -0.0602 -0.3526
vn -0.8887 -0.0602 -0.4545
vn -0.7361 0.2772 -0.6176
vn -0.6626 0.2772 -0.6958
vn -0.5809 0.2772 -0.7653
vn -0.7642 0.0702 -0.6412
vn -0.6879 0.0702 -0.7224
vn -0.6031 0.0702 -0.7946
vn -0.7647 -0.0602 -0.6416
vn -0.6884 -0.0602 -0.7228
vn -0.6035 -0.0602 -0.7951
vn -0.3952 0.2772 -0.8758
vn -0.2951 0.2772 -0.9144
vn -0.1913 0.2772 -0.9416
vn -0.4103 0.0702 -0.9092
vn -0.3064 0.0702 -0.9493
vn -0.1986 0.0702 -0.9776
vn -0.4106 -0.0602 -0.9098
vn -0.3066 -0.0602 -0.9499
vn -0.1988 -0.0602 -0.9782
vn 0.0239 0.2772 -0.9605
vn 0.1309 0.2772 -0.9519
vn 0.2362 0.2772 -0.9313
vn 0.0248 0.0702 -0.9972
vn 0.1359 0.0702 -0.9882
vn 0.2452 0.0702 -0.9669
vn 0.0249 -0.0602 -0.9979
vn 0.1359 -0.0602 -0.9889
vn 0.2453 -0.0602 -0.9676
vn 0.4383 0.2772 -0.8550
vn 0.5309 0.2772 -0.8008
vn 0.6169 0.2772 -0.7367
vn 0.4551 0.0702 -0.8877
vn 0.5512 0.0702 -0.8314
vn 0.6404 0.0702 -0.7648
vn 0.4554 -0.0602 -0.8883
vn 0.5515 -0.0602 -0.8320
vn 0.6409 -0.0602 -0.7653
vn 0.7659 0.2772 -0.5802
vn 0.8258 0.2772 -0.4912
vn 0.8754 0.2772 -0.3961
vn 0.7951 0.0702 -0.6023
vn 0.8573 0.0702 -0.5099
vn 0.9088 0.0702 -0.4112
vn 0.7957 -0.0602 -0.6027
vn 0.8579 -0.0602 -0.5103
vn 0.9094 -0.0602 -0.4115
vn 0.9418 0.2772 -0.1904
vn 0.9571 0.2772 -0.0842
vn 0.9605 0.2772 0.0230
vn 0.9777 0.0702 -0.1977
vn 0.9937 0.0702 -0.0875
vn 0.9972 0.0702 0.0239
vn 0.9784 -0.0602 -0.1978
vn 0.9943 -0.0602 -0.0875
vn 0.9979 -0.0602 0.0239
vn 0.9311 0.2772 0.2371
vn 0.8989 0.2772 0.3394
vn 0.8554 0.2772 0.4375
vn 0.9667 0.0702 0.2461
vn 0.9332 0.0702 0.3524
vn 0.8881 0.0702 0.4542
vn 0.9673 -0.0602 0.2463
vn 0.9338 -0.0602 0.3526
vn 0.8887 -0.0602 0.4545
vn 0.4276 0.7069 0.5634
vn 0.4418 0.6827 0.5820
vn 0.4759 0.6167 0.6270
vn 0.4878 0.7069 0.5122
vn 0.5039 0.6827 0.5291
vn 0.5429 0.6167 0.5701
vn 0.5418 0.7069 0.4546
vn 0.5597 0.6827 0.4697
vn 0.6030 0.6167 0.5060
vn 0.1408 0.7069 0.6931
vn 0.1455 0.6827 0.7160
vn 0.1568 0.6167 0.7714
vn 0.2172 0.7069 0.6731
vn 0.2244 0.6827 0.6954
vn 0.2418 0.6167 0.7492
vn 0.2909 0.7069 0.6447
vn 0.3005 0.6827 0.6660
vn 0.3238 0.6167 0.7175
vn -0.1738 0.7069 0.6856
vn -0.1796 0.6827 0.7083
vn -0.1935 0.6167 0.7631
vn -0.0963 0.7069 0.7007
vn -0.0995 0.6827 0.7239
vn -0.1072 0.6167 0.7799
vn -0.0176 0.7069 0.7071
vn -0.0182 0.6827 0.7305
vn -0.0196 0.6167 0.7870
vn -0.4541 0.7069 0.5423
vn -0.4691 0.6827 0.5602
vn -0.5054 0.6167 0.6035
vn -0.3908 0.7069 0.5895
vn -0.4037 0.6827 0.6090
vn -0.4350 0.6167 0.6561
vn -0.3227 0.7069 0.6294
vn -0.3333 0.6827 0.6502
vn -0.3591 0.6167 0.7005
vn -0.6444 0.7069 0.2916
vn -0.6657 0.6827 0.3012
vn -0.7172 0.6167 0.3245
vn -0.6079 0.7069 0.3616
vn -0.6280 0.6827 0.3735
vn -0.6766 0.6167 0.4024
vn -0.5638 0.7069 0.4271
vn -0.5824 0.6827 0.4412
vn -0.6275 0.6167 0.4753
vn -0.7071 0.7069 -0.0169
vn -0.7305 0.6827 -0.0175
vn -0.7870 0.6167 -0.0188
vn -0.7046 0.7069 0.0620
vn -0.7279 0.6827 0.0641
vn -0.7842 0.6167 0.0690
vn -0.6933 0.7069 0.1402
vn -0.7162 0.6827 0.1448
vn -0.7716 0.6167 0.1560
vn -0.6297 0.7069 -0.3220
vn -0.6505 0.6827 -0.3327
vn -0.7009 0.6167 -0.3584
vn -0.6617 0.7069 -0.2498
vn -0.6836 0.6827 -0.2581
vn -0.7365 0.6167 -0.2781
vn -0.6854 0.7069 -0.1745
vn -0.7081 0.6827 -0.1803
vn -0.7629 0.6167 -0.1942
vn -0.4276 0.7069 -0.5634
vn -0.4418 0.6827 -0.5820
vn -0.4759 0.6167 -0.6270
vn -0.4878 0.7069 -0.5122
vn -0.5039 0.6827 -0.5291
vn -0.5429 0.6167 -0.5701
vn -0.5418 0.7069 -0.4546
vn -0.5597 0.6827 -0.4697
vn -0.6030 0.6167 -0.5060
vn -0.1408 0.7069 -0.6931
vn -0.1455 0.6827 -0.7160
vn -0.1568 0.6167 -0.7714
vn -0.2172 0.7069 -0.6731
vn -0.2244 0.6827 -0.6954
vn -0.2418 0.6167 -0.7492
vn -0.2909 0.7069 -0.6447
vn -0.3005 0.6827 -0.6660
vn -0.3238 0.6167 -0.7175
vn 0.1738 0.7069 -0.6856
vn 0.1796 0.6827 -0.7083
vn 0.1935 0.6167 -0.7631
vn 0.0963 0.7069 -0.7007
vn 0.0995 0.6827 -0.7239
vn 0.1072 0.6167 -0.7799
vn 0.0176 0.7069 -0.7071
vn 0.0182 0.6827 -0.7305
vn 0.0196 0.6167 -0.7870
vn 0.4541 0.7069 -0.5423
vn 0.4691 0.6827 -0.5602
vn 0.5054 0.6167 -0.6035
vn 0.3908 0.7069 -0.5895
vn 0.4037 0.6827 -0.6090
vn 0.4350 0.6167 -0.6561
vn 0.3227 0.7069 -0.6294
vn 0.3333 0.6827 -0.6502
vn 0.3591 0.6167 -0.7005
vn 0.6444 0.7069 -0.2916
vn 0.6657 0.6827 -0.3012
vn 0.7172 0.6167 -0.3245
vn 0.6079 0.7069 -0.3616
vn 0.6280 0.6827 -0.3735
vn 0.6766 0.6167 -0.4024
vn 0.5638 0.7069 -0.4271
vn 0.5824 0.6827 -0.4412
vn 0.6275 0.6167 -0.4753
vn 0.7071 0.7069 0.0169
vn 0.7305 0.6827 0.0175
vn 0.7870 0.6167 0.0188
vn 0.7046 0.7069 -0.0620
vn 0.7279 0.6827 -0.0641
vn 0.7842 0.6167 -0.0690
vn 0.6933 0.7069 -0.1402
vn 0.7162 0.6827 -0.1448
vn 0.7716 0.6167 -0.1560
vn 0.6297 0.7069 0.3220
vn 0.6505 0.6827 0.3327
vn 0.7009 0.6167 0.3584
vn 0.6617 0.7069 0.2498
vn 0.6836 0.6827 0.2581
vn 0.7365 0.6167 0.2781
vn 0.6854 0.7069 0.1745
vn 0.7081 0.6827 0.1803
vn 0.7629 0.6167 0.1942
vn -0.0000 1.0000 -0.0000
vn -0.0142 0.9999 -0.0094
vn -0.0104 0.9999 -0.0039
vn -0.0168 0.9999 -0.0023
vn -0.0110 0.9999 0.0010
vn -0.0162 0.9999 0.0052
vn -0.0095 0.9999 0.0057
vn -0.0123 0.9999 0.0117
vn -0.0061 0.9999 0.0092
vn -0.0060 0.9999 0.0159
vn -0.0015 0.9999 0.0110
vn 0.0015 0.9999 0.0169
vn 0.0034 0.9999 0.0106
vn 0.0087 0.9999 0.0146
vn 0.0076 0.9999 0.0080
vn 0.0142 0.9999 0.0094
vn 0.0104 0.9999 0.0039
vn 0.0168 0.9999 0.0023
vn 0.0110 0.9999 -0.0010
vn 0.0162 0.9999 -0.0052
vn 0.0095 0.9999 -0.0057
vn 0.0123 0.9999 -0.0117
vn 0.0061 0.9999 -0.0092
vn 0.0060 0.9999 -0.0159
vn 0.0015 0.9999 -0.0110
vn -0.0015 0.9999 -0.0169
vn -0.0034 0.9999 -0.0106
vn -0.0087 0.9999 -0.0146
vn -0.0076 0.9999 -0.0080
vn 0.3112 0.7268 -0.6123
vn -0.0660 0.9904 0.1215
vn -0.0376 0.9974 0.0616
vn 0.3461 0.7795 -0.5221
vn -0.0720 0.9915 0.1086
vn -0.0369 0.9978 0.0556
vn 0.4428 0.7268 -0.5250
vn -0.0862 0.9904 0.1081
vn -0.0421 0.9974 0.0587
vn -0.3112 0.7268 0.6123
vn 0.0660 0.9904 -0.1215
vn 0.0376 0.9974 -0.0616
vn -0.3461 0.7795 0.5221
vn 0.0720 0.9915 -0.1086
vn 0.0369 0.9978 -0.0556
vn -0.4428 0.7268 0.5250
vn 0.0862 0.9904 -0.1081
vn 0.0421 0.9974 -0.0587
vn 0.5460 0.7268 -0.4167
vn -0.1122 0.9904 0.0809
vn -0.0607 0.9974 0.0392
vn 0.5384 0.7795 -0.3202
vn -0.1119 0.9915 0.0666
vn -0.0574 0.9978 0.0341
vn 0.6268 0.7268 -0.2809
vn -0.1246 0.9904 0.0600
vn -0.0634 0.9974 0.0346
vn -0.5460 0.7268 0.4167
vn 0.1122 0.9904 -0.0809
vn 0.0607 0.9974 -0.0392
vn -0.5384 0.7795 0.3202
vn 0.1119 0.9915 -0.0666
vn 0.0574 0.9978 -0.0341
vn -0.6268 0.7268 0.2809
vn 0.1246 0.9904 -0.0600
vn 0.0634 0.9974 -0.0346
vn 0.6727 0.7268 -0.1385
vn -0.1362 0.9904 0.0242
vn -0.0717 0.9974 0.0090
vn 0.6240 0.7795 -0.0549
vn -0.1298 0.9915 0.0114
vn -0.0665 0.9978 0.0059
vn 0.6865 0.7269 0.0189
vn -0.1383 0.9904 -0.0000
vn -0.0721 0.9974 0.0037
vn -0.6727 0.7268 0.1385
vn 0.1362 0.9904 -0.0242
vn 0.0717 0.9974 -0.0090
vn -0.6240 0.7795 0.0550
vn 0.1298 0.9915 -0.0114
vn 0.0665 0.9978 -0.0059
vn -0.6865 0.7269 -0.0188
vn 0.1383 0.9904 -0.0000
vn 0.0721 0.9974 -0.0037
vn 0.6662 0.7268 0.1671
vn -0.1332 0.9904 -0.0373
vn -0.0685 0.9974 -0.0230
vn 0.5860 0.7795 0.2213
vn -0.1219 0.9915 -0.0460
vn -0.0624 0.9978 -0.0236
vn 0.6104 0.7268 0.3149
vn -0.1246 0.9904 -0.0600
vn -0.0666 0.9974 -0.0280
vn -0.6662 0.7268 -0.1671
vn 0.1332 0.9904 0.0373
vn 0.0685 0.9974 0.0230
vn -0.5860 0.7795 -0.2213
vn 0.1219 0.9915 0.0460
vn 0.0624 0.9978 0.0236
vn -0.6104 0.7268 -0.3149
vn 0.1246 0.9904 0.0600
vn 0.0666 0.9974 0.0280
vn -0.5277 0.7269 -0.4396
vn 0.1038 0.9904 0.0914
vn 0.0517 0.9974 0.0504
vn -0.4320 0.7795 -0.4536
vn 0.0898 0.9915 0.0943
vn 0.0460 0.9978 0.0483
vn -0.4133 0.7268 -0.5485
vn 0.0862 0.9904 0.1081
vn 0.0478 0.9974 0.0541
vn 0.5277 0.7268 0.4396
vn -0.1038 0.9904 -0.0914
vn -0.0517 0.9974 -0.0504
vn 0.4320 0.7795 0.4536
vn -0.0898 0.9915 -0.0943
vn -0.0460 0.9978 -0.0483
vn 0.4133 0.7268 0.5485
vn -0.0862 0.9904 -0.1081
vn -0.0478 0.9974 -0.0541
vn -0.2847 0.7268 -0.6251
vn 0.0539 0.9904 0.1274
vn 0.0247 0.9974 0.0679
vn -0.1924 0.7795 -0.5962
vn 0.0400 0.9915 0.1240
vn 0.0205 0.9978 0.0635
vn -0.1344 0.7268 -0.6736
vn 0.0307 0.9904 0.1348
vn 0.0196 0.9974 0.0695
vn 0.2847 0.7268 0.6251
vn -0.0539 0.9904 -0.1274
vn -0.0247 0.9974 -0.0679
vn 0.1924 0.7795 0.5961
vn -0.0400 0.9915 -0.1240
vn -0.0205 0.9978 -0.0635
vn 0.1344 0.7268 0.6735
vn -0.0307 0.9904 -0.1348
vn -0.0196 0.9974 -0.0695
vn 0.0147 0.7268 -0.6867
vn -0.0067 0.9904 0.1381
vn -0.0072 0.9974 0.0719
vn 0.0853 0.7795 -0.6206
vn -0.0177 0.9915 0.1290
vn -0.0091 0.9978 0.0661
vn 0.1712 0.7268 -0.6652
vn -0.0308 0.9904 0.1348
vn -0.0125 0.9974 0.0711
vn 0.0249 0.0273 -0.9993
vn 0.0249 -0.0358 -0.9990
vn 0.0245 -0.1786 -0.9836
vn 0.1361 0.0273 -0.9903
vn 0.1361 -0.0358 -0.9900
vn 0.1340 -0.1786 -0.9748
vn 0.2457 0.0273 -0.9690
vn 0.2456 -0.0358 -0.9687
vn 0.2418 -0.1786 -0.9537
vn 0.4112 0.0272 0.9112
vn 0.4111 -0.0358 0.9109
vn 0.4047 -0.1786 0.8968
vn 0.3070 0.0272 0.9513
vn 0.3069 -0.0358 0.9511
vn 0.3022 -0.1786 0.9364
vn 0.1991 0.0273 0.9796
vn 0.1990 -0.0358 0.9793
vn 0.1959 -0.1786 0.9642
vn -0.4112 0.0272 -0.9112
vn -0.4111 -0.0358 -0.9109
vn -0.4047 -0.1786 -0.8968
vn -0.3070 0.0272 -0.9513
vn -0.3069 -0.0358 -0.9511
vn -0.3022 -0.1786 -0.9364
vn -0.1991 0.0273 -0.9796
vn -0.1990 -0.0358 -0.9793
vn -0.1959 -0.1786 -0.9642
vn 0.7658 0.0273 0.6425
vn 0.7656 -0.0358 0.6424
vn 0.7537 -0.1786 0.6324
vn 0.6894 0.0273 0.7239
vn 0.6892 -0.0358 0.7237
vn 0.6785 -0.1786 0.7125
vn 0.6044 0.0273 0.7962
vn 0.6042 -0.0358 0.7960
vn 0.5949 -0.1786 0.7837
vn -0.7658 0.0273 -0.6425
vn -0.7656 -0.0358 -0.6424
vn -0.7537 -0.1786 -0.6324
vn -0.6894 0.0273 -0.7239
vn -0.6892 -0.0358 -0.7237
vn -0.6785 -0.1786 -0.7125
vn -0.6044 0.0273 -0.7962
vn -0.6042 -0.0358 -0.7960
vn -0.5949 -0.1786 -0.7837
vn -0.9687 0.0272 -0.2466
vn -0.9685 -0.0358 -0.2466
vn -0.9535 -0.1786 -0.2428
vn -0.9352 0.0272 -0.3531
vn -0.9349 -0.0358 -0.3530
vn -0.9205 -0.1786 -0.3475
vn -0.8900 0.0273 -0.4551
vn -0.8898 -0.0358 -0.4550
vn -0.8760 -0.1786 -0.4480
vn 0.9687 0.0272 0.2466
vn 0.9685 -0.0358 0.2466
vn 0.9535 -0.1786 0.2428
vn 0.9352 0.0272 0.3531
vn 0.9349 -0.0358 0.3530
vn 0.9205 -0.1786 0.3475
vn 0.8900 0.0272 0.4551
vn 0.8898 -0.0358 0.4550
vn 0.8760 -0.1786 0.4480
vn -0.9798 0.0273 0.1981
vn -0.9795 -0.0358 0.1980
vn -0.9644 -0.1786 0.1950
vn -0.9958 0.0272 0.0876
vn -0.9955 -0.0358 0.0876
vn -0.9801 -0.1786 0.0863
vn -0.9993 0.0273 -0.0239
vn -0.9991 -0.0358 -0.0239
vn -0.9836 -0.1786 -0.0235
vn 0.9798 0.0273 -0.1981
vn 0.9795 -0.0358 -0.1980
vn 0.9644 -0.1786 -0.1950
vn 0.9958 0.0272 -0.0876
vn 0.9955 -0.0358 -0.0876
vn 0.9801 -0.1786 -0.0863
vn 0.9993 0.0273 0.0239
vn 0.9991 -0.0358 0.0239
vn 0.9836 -0.1786 0.0235
vn -0.7968 0.0273 0.6036
vn -0.7966 -0.0358 0.6034
vn -0.7843 -0.1786 0.5941
vn -0.8591 0.0272 0.5110
vn -0.8589 -0.0358 0.5109
vn -0.8456 -0.1786 0.5030
vn -0.9108 0.0273 0.4120
vn -0.9105 -0.0358 0.4119
vn -0.8964 -0.1786 0.4056
vn 0.7968 0.0273 -0.6036
vn 0.7966 -0.0358 -0.6034
vn 0.7843 -0.1786 -0.5941
vn 0.8591 0.0272 -0.5110
vn 0.8589 -0.0358 -0.5109
vn 0.8456 -0.1786 -0.5030
vn 0.9108 0.0273 -0.4120
vn 0.9105 -0.0358 -0.4119
vn 0.8964 -0.1786 -0.4056
vn -0.4560 0.0273 0.8896
vn -0.4559 -0.0358 0.8893
vn -0.4488 -0.1786 0.8756
vn -0.5523 0.0273 0.8332
vn -0.5522 -0.0358 0.8329
vn -0.5437 -0.1786 0.8201
vn -0.6418 0.0273 0.7664
vn -0.6416 -0.0358 0.7662
vn -0.6317 -0.1786 0.7544
vn 0.4560 0.0273 -0.8896
vn 0.4559 -0.0358 -0.8893
vn 0.4489 -0.1786 -0.8756
vn 0.5523 0.0272 -0.8332
vn 0.5522 -0.0358 -0.8329
vn 0.5437 -0.1786 -0.8201
vn 0.6418 0.0273 -0.7664
vn 0.6416 -0.0358 -0.7662
vn 0.6317 -0.1786 -0.7544
vn -0.0249 0.0272 0.9993
vn -0.0249 -0.0358 0.9990
vn -0.0245 -0.1786 0.9836
vn -0.1361 0.0272 0.9903
vn -0.1361 -0.0358 0.9900
vn -0.1340 -0.1786 0.9748
vn -0.2457 0.0273 0.9690
vn -0.2456 -0.0358 0.9687
vn -0.2418 -0.1786 0.9537
vn -0.0197 0.6133 0.7896
vn -0.0221 0.4617 0.8868
vn -0.0241 0.2477 0.9685
vn -0.1076 0.6133 0.7825
vn -0.1208 0.4617 0.8788
vn -0.1319 0.2477 0.9598
vn -0.1941 0.6133 0.7656
vn -0.2180 0.4617 0.8598
vn -0.2381 0.2477 0.9391
vn 0.3603 0.6133 -0.7029
vn 0.4047 0.4617 -0.7894
vn 0.4420 0.2477 -0.8621
vn 0.4364 0.6133 -0.6583
vn 0.4901 0.4617 -0.7393
vn 0.5353 0.2477 -0.8075
vn 0.5071 0.6133 -0.6056
vn 0.5695 0.4617 -0.6801
vn 0.6220 0.2477 -0.7428
vn -0.3603 0.6133 0.7029
vn -0.4047 0.4617 0.7894
vn -0.4420 0.2477 0.8621
vn -0.4364 0.6133 0.6583
vn -0.4901 0.4617 0.7393
vn -0.5353 0.2477 0.8075
vn -0.5071 0.6133 0.6056
vn -0.5695 0.4617 0.6801
vn -0.6220 0.2477 0.7428
vn 0.6296 0.6133 -0.4769
vn 0.7071 0.4617 -0.5356
vn 0.7723 0.2477 -0.5850
vn 0.6789 0.6133 -0.4038
vn 0.7624 0.4617 -0.4535
vn 0.8327 0.2477 -0.4953
vn 0.7196 0.6133 -0.3256
vn 0.8082 0.4617 -0.3656
vn 0.8827 0.2477 -0.3994
vn -0.6296 0.6133 0.4769
vn -0.7071 0.4617 0.5356
vn -0.7723 0.2477 0.5850
vn -0.6789 0.6133 0.4038
vn -0.7624 0.4617 0.4535
vn -0.8327 0.2477 0.4953
vn -0.7196 0.6133 0.3256
vn -0.8082 0.4617 0.3656
vn -0.8827 0.2477 0.3994
vn 0.7742 0.6133 -0.1565
vn 0.8694 0.4617 -0.1758
vn 0.9496 0.2477 -0.1920
vn 0.7868 0.6133 -0.0692
vn 0.8836 0.4617 -0.0778
vn 0.9651 0.2477 -0.0849
vn 0.7896 0.6133 0.0189
vn 0.8868 0.4617 0.0212
vn 0.9686 0.2477 0.0232
vn -0.7742 0.6133 0.1565
vn -0.8694 0.4617 0.1758
vn -0.9496 0.2477 0.1920
vn -0.7868 0.6133 0.0692
vn -0.8836 0.4617 0.0778
vn -0.9651 0.2477 0.0849
vn -0.7896 0.6133 -0.0189
vn -0.8868 0.4617 -0.0212
vn -0.9686 0.2477 -0.0232
vn 0.7654 0.6133 0.1949
vn 0.8596 0.4617 0.2189
vn 0.9389 0.2477 0.2390
vn 0.7390 0.6133 0.2790
vn 0.8299 0.4617 0.3133
vn 0.9064 0.2477 0.3422
vn 0.7032 0.6133 0.3596
vn 0.7898 0.4617 0.4039
vn 0.8626 0.2477 0.4411
vn -0.7654 0.6133 -0.1949
vn -0.8596 0.4617 -0.2189
vn -0.9389 0.2477 -0.2390
vn -0.7390 0.6133 -0.2790
vn -0.8299 0.4617 -0.3133
vn -0.9064 0.2477 -0.3422
vn -0.7032 0.6133 -0.3596
vn -0.7898 0.4617 -0.4039
vn -0.8626 0.2477 -0.4411
vn -0.6051 0.6133 -0.5077
vn -0.6795 0.4617 -0.5702
vn -0.7422 0.2477 -0.6227
vn -0.5447 0.6133 -0.5720
vn -0.6117 0.4617 -0.6424
vn -0.6681 0.2477 -0.7016
vn -0.4775 0.6133 -0.6291
vn -0.5363 0.4617 -0.7065
vn -0.5858 0.2477 -0.7717
vn 0.6051 0.6133 0.5077
vn 0.6795 0.4617 0.5702
vn 0.7422 0.2477 0.6227
vn 0.5447 0.6133 0.5720
vn 0.6117 0.4617 0.6424
vn 0.6681 0.2477 0.7016
vn 0.4775 0.6133 0.6291
vn 0.5363 0.4617 0.7065
vn 0.5858 0.2477 0.7717
vn -0.3249 0.6133 -0.7199
vn -0.3649 0.4617 -0.8085
vn -0.3985 0.2477 -0.8831
vn -0.2426 0.6133 -0.7517
vn -0.2724 0.4617 -0.8442
vn -0.2976 0.2477 -0.9220
vn -0.1573 0.6133 -0.7740
vn -0.1766 0.4617 -0.8693
vn -0.1929 0.2477 -0.9494
vn 0.3249 0.6133 0.7199
vn 0.3649 0.4617 0.8085
vn 0.3985 0.2477 0.8831
vn 0.2426 0.6133 0.7517
vn 0.2724 0.4617 0.8442
vn 0.2976 0.2477 0.9220
vn 0.1573 0.6133 0.7740
vn 0.1766 0.4617 0.8693
vn 0.1929 0.2477 0.9494
vn 0.0197 0.6133 -0.7896
vn 0.0221 0.4617 -0.8868
vn 0.0241 0.2477 -0.9685
vn 0.1076 0.6133 -0.7825
vn 0.1208 0.4617 -0.8788
vn 0.1319 0.2477 -0.9598
vn 0.1941 0.6133 -0.7656
vn 0.2180 0.4617 -0.8598
vn 0.2381 0.2477 -0.9391
vn -0.3850 0.7710 -0.5073
vn -0.4392 0.7710 -0.4612
vn -0.4879 0.7710 -0.4093
vn 0.0735 0.9926 0.0968
vn 0.0839 0.9926 0.0881
vn 0.0931 0.9926 0.0781
vn 0.4912 0.5832 0.6471
vn 0.5602 0.5831 0.5883
vn 0.6223 0.5832 0.5221
vn -0.1268 0.7710 -0.6241
vn -0.1956 0.7710 -0.6060
vn -0.2619 0.7710 -0.5805
vn 0.0242 0.9926 0.1191
vn 0.0374 0.9926 0.1158
vn 0.0500 0.9926 0.1108
vn 0.1618 0.5832 0.7961
vn 0.2495 0.5831 0.7731
vn 0.3341 0.5832 0.7404
vn 0.1565 0.7710 -0.6173
vn 0.0867 0.7710 -0.6309
vn 0.0159 0.7710 -0.6366
vn -0.0299 0.9926 0.1178
vn -0.0166 0.9926 0.1205
vn -0.0030 0.9926 0.1215
vn -0.1997 0.5832 0.7874
vn -0.1106 0.5831 0.8048
vn -0.0202 0.5832 0.8121
vn 0.4089 0.7710 -0.4883
vn 0.3519 0.7710 -0.5308
vn 0.2905 0.7710 -0.5667
vn -0.0780 0.9926 0.0932
vn -0.0672 0.9926 0.1014
vn -0.0554 0.9926 0.1081
vn -0.5215 0.5832 0.6228
vn -0.4489 0.5831 0.6771
vn -0.3706 0.5832 0.7229
vn 0.5802 0.7710 -0.2625
vn 0.5473 0.7710 -0.3255
vn 0.5076 0.7710 -0.3845
vn -0.1107 0.9926 0.0501
vn -0.1045 0.9926 0.0622
vn -0.0969 0.9926 0.0734
vn -0.7401 0.5832 0.3349
vn -0.6982 0.5831 0.4153
vn -0.6475 0.5832 0.4905
vn 0.6367 0.7710 0.0152
vn 0.6344 0.7710 -0.0558
vn 0.6242 0.7710 -0.1262
vn -0.1215 0.9926 -0.0029
vn -0.1212 0.9926 0.0107
vn -0.1191 0.9926 0.0241
vn -0.8121 0.5832 -0.0194
vn -0.8093 0.5831 0.0712
vn -0.7962 0.5832 0.1610
vn 0.5670 0.7710 0.2900
vn 0.5958 0.7710 0.2249
vn 0.6172 0.7710 0.1571
vn -0.1082 0.9926 -0.0553
vn -0.1138 0.9926 -0.0430
vn -0.1178 0.9926 -0.0300
vn -0.7233 0.5832 -0.3699
vn -0.7600 0.5831 -0.2870
vn -0.7872 0.5832 -0.2004
vn 0.3850 0.7710 0.5073
vn 0.4392 0.7710 0.4612
vn 0.4879 0.7710 0.4093
vn -0.0735 0.9926 -0.0968
vn -0.0839 0.9926 -0.0881
vn -0.0931 0.9926 -0.0781
vn -0.4912 0.5832 -0.6471
vn -0.5602 0.5831 -0.5883
vn -0.6223 0.5832 -0.5221
vn 0.1268 0.7710 0.6241
vn 0.1956 0.7710 0.6060
vn 0.2619 0.7710 0.5805
vn -0.0242 0.9926 -0.1191
vn -0.0374 0.9926 -0.1158
vn -0.0500 0.9926 -0.1108
vn -0.1618 0.5832 -0.7961
vn -0.2495 0.5831 -0.7731
vn -0.3341 0.5832 -0.7404
vn -0.1565 0.7710 0.6173
vn -0.0867 0.7710 0.6309
vn -0.0159 0.7710 0.6366
vn 0.0299 0.9926 -0.1178
vn 0.0166 0.9926 -0.1205
vn 0.0030 0.9926 -0.1215
vn 0.1997 0.5832 -0.7874
vn 0.1106 0.5831 -0.8048
vn 0.0202 0.5832 -0.8121
vn -0.4089 0.7710 0.4883
vn -0.3519 0.7710 0.5308
vn -0.2905 0.7710 0.5667
vn 0.0780 0.9926 -0.0932
vn 0.0672 0.9926 -0.1014
vn 0.0554 0.9926 -0.1081
vn 0.5215 0.5832 -0.6228
vn 0.4489 0.5831 -0.6771
vn 0.3706 0.5832 -0.7229
vn -0.5802 0.7710 0.2625
vn -0.5473 0.7710 0.3255
vn -0.5076 0.7710 0.3845
vn 0.1107 0.9926 -0.0501
vn 0.1045 0.9926 -0.0622
vn 0.0969 0.9926 -0.0734
vn 0.7401 0.5832 -0.3349
vn 0.6982 0.5831 -0.4153
vn 0.6475 0.5832 -0.4905
vn -0.6367 0.7710 -0.0152
vn -0.6344 0.7710 0.0558
vn -0.6242 0.7710 0.1262
vn 0.1215 0.9926 0.0029
vn 0.1212 0.9926 -0.0107
vn 0.1191 0.9926 -0.0241
vn 0.8121 0.5832 0.0194
vn 0.8093 0.5831 -0.0712
vn 0.7962 0.5832 -0.1610
vn -0.5670 0.7710 -0.2900
vn -0.5958 0.7710 -0.2249
vn -0.6172 0.7710 -0.1571
vn 0.1082 0.9926 0.0553
vn 0.1138 0.9926 0.0430
vn 0.1178 0.9926 0.0300
vn 0.7233 0.5832 0.3699
vn 0.7600 0.5831 0.2870
vn 0.7872 0.5832 0.2004
vn 0.2988 0.0889 0.9502
vn 0.8438 -0.0033 0.5366
vn 0.9885 -0.0966 -0.1164
vn 0.2982 0.0356 0.9538
vn 0.8448 -0.0019 0.5351
vn 0.9917 -0.0442 -0.1205
vn 0.2993 -0.0220 0.9539
vn 0.8449 0.0001 0.5349
vn 0.9926 0.0144 -0.1203
vn 0.5302 0.5052 0.6810
vn 0.8438 -0.0137 0.5364
vn 0.8513 -0.4990 0.1625
vn 0.4828 0.5064 0.7145
vn 0.8437 -0.0128 0.5367
vn 0.8585 -0.4994 0.1167
vn 0.4378 0.4883 0.7549
vn 0.8439 -0.0140 0.5364
vn 0.8720 -0.4847 0.0677
vn 0.4671 -0.7995 -0.3776
vn 0.3238 -0.8103 -0.4884
vn 0.1659 -0.7995 -0.5773
vn 0.4786 -0.7731 -0.4163
vn 0.3442 -0.7823 -0.5192
vn 0.1971 -0.7731 -0.6029
vn 0.4997 -0.7317 -0.4637
vn 0.3718 -0.7397 -0.5609
vn 0.2325 -0.7317 -0.6408
vn -0.3859 0.8905 0.2413
vn -0.2275 0.9113 0.3431
vn -0.0720 0.8905 0.4493
vn -0.4180 0.8504 0.3196
vn -0.2750 0.8674 0.4148
vn -0.1316 0.8504 0.5094
vn -0.4590 0.7926 0.4015
vn -0.3268 0.8063 0.4930
vn -0.1911 0.7926 0.5791
vn 0.2937 0.5339 -0.7929
vn 0.4655 0.5386 -0.7022
vn 0.6160 0.5339 -0.5792
vn 0.0679 0.8433 -0.5331
vn 0.2802 0.8618 -0.4227
vn 0.4646 0.8433 -0.2701
vn -0.2050 0.9712 -0.1216
vn 0.0039 1.0000 -0.0059
vn 0.1918 0.9712 0.1415
vn 0.4752 -0.7956 -0.3758
vn 0.3098 -0.8280 -0.4674
vn 0.1611 -0.7956 -0.5840
vn 0.4600 -0.8257 -0.3267
vn 0.2903 -0.8509 -0.4379
vn 0.1218 -0.8257 -0.5509
vn 0.4552 -0.8319 -0.3175
vn 0.2915 -0.8496 -0.4396
vn 0.1152 -0.8319 -0.5429
vn 0.9455 0.2691 -0.1833
vn 0.9941 -0.0390 -0.1012
vn 0.9083 -0.3853 -0.1632
vn 0.8941 0.4078 0.1853
vn 0.9760 -0.0245 0.2163
vn 0.8985 -0.4360 0.0516
vn 0.7195 0.4808 0.5012
vn 0.8953 -0.0160 0.4452
vn 0.8623 -0.4721 0.1832
vn -0.2033 -0.3853 -0.9001
vn -0.2938 -0.0390 -0.9551
vn -0.1994 0.2691 -0.9423
vn -0.3974 -0.4360 -0.8074
vn -0.5793 -0.0245 -0.8147
vn -0.5189 0.4078 -0.7513
vn -0.5045 -0.4721 -0.7229
vn -0.7587 -0.0160 -0.6513
vn -0.7418 0.4808 -0.4675
vn 0.6694 0.1746 -0.7221
vn 0.5439 0.1764 -0.8204
vn 0.4045 0.1746 -0.8977
vn 0.6629 0.2299 -0.7125
vn 0.5374 0.2328 -0.8106
vn 0.3982 0.2299 -0.8880
vn 0.6556 0.2764 -0.7027
vn 0.5304 0.2804 -0.8000
vn 0.3919 0.2764 -0.8775
vn -0.2777 -0.0966 -0.9558
vn -0.8228 -0.0033 -0.5683
vn -0.9915 0.0889 0.0948
vn -0.2752 -0.0442 -0.9604
vn -0.8218 -0.0019 -0.5697
vn -0.9947 0.0356 0.0967
vn -0.2757 0.0144 -0.9611
vn -0.8217 0.0001 -0.5700
vn -0.9952 -0.0220 0.0957
vn -0.6714 0.1336 0.7290
vn -0.5475 0.1345 0.8259
vn -0.4100 0.1336 0.9022
vn -0.6762 0.0484 0.7352
vn -0.5519 0.0479 0.8325
vn -0.4138 0.0484 0.9091
vn -0.6767 -0.0424 0.7351
vn -0.5520 -0.0441 0.8327
vn -0.4135 -0.0424 0.9095
vn 0.6702 -0.1504 -0.7268
vn 0.5461 -0.1527 -0.8237
vn 0.4084 -0.1504 -0.9003
vn 0.6756 -0.0725 -0.7337
vn 0.5510 -0.0741 -0.8312
vn 0.4128 -0.0725 -0.9079
vn 0.6774 0.0160 -0.7354
vn 0.5525 0.0154 -0.8334
vn 0.4136 0.0160 -0.9103
vn 0.3133 -0.2306 0.9212
vn 0.8439 0.0098 0.5365
vn 0.9627 0.2563 -0.0863
vn 0.3349 -0.3036 0.8920
vn 0.8475 0.0163 0.5306
vn 0.9399 0.3361 -0.0606
vn 0.3800 -0.4079 0.8302
vn 0.8488 0.0266 0.5280
vn 0.8969 0.4421 -0.0021
vn 0.3042 -0.1181 0.9453
vn 0.8426 0.0030 0.5386
vn 0.9873 0.1165 -0.1080
vn 0.3066 -0.1478 0.9403
vn 0.8415 0.0038 0.5402
vn 0.9834 0.1506 -0.1013
vn 0.3075 -0.1703 0.9362
vn 0.8409 0.0047 0.5411
vn 0.9791 0.1789 -0.0965
vn -0.2850 0.1165 -0.9514
vn -0.8242 0.0030 -0.5663
vn -0.9891 -0.1181 0.0879
vn -0.2896 0.1506 -0.9452
vn -0.8253 0.0038 -0.5647
vn -0.9855 -0.1478 0.0838
vn -0.2923 0.1789 -0.9394
vn -0.8259 0.0047 -0.5639
vn -0.9820 -0.1703 0.0813
vn -0.6674 -0.1891 0.7203
vn -0.5422 -0.1922 0.8179
vn -0.4036 -0.1891 0.8952
vn -0.6623 -0.2314 0.7126
vn -0.5371 -0.2344 0.8103
vn -0.3985 -0.2314 0.8875
vn -0.6576 -0.2605 0.7069
vn -0.5331 -0.2631 0.8041
vn -0.3951 -0.2605 0.8809
vn -0.3284 -0.9180 0.2222
vn -0.2036 -0.9296 0.3072
vn -0.0767 -0.9180 0.3890
vn -0.2364 -0.9680 0.0838
vn -0.1097 -0.9801 0.1654
vn 0.0149 -0.9680 0.2504
vn -0.1733 -0.9847 -0.0160
vn -0.0431 -0.9970 0.0650
vn 0.0822 -0.9847 0.1534
vn -0.2954 0.2563 -0.9204
vn -0.8227 0.0098 -0.5684
vn -0.9705 -0.2306 0.0701
vn -0.3102 0.3361 -0.8893
vn -0.8187 0.0163 -0.5739
vn -0.9520 -0.3036 0.0388
vn -0.3473 0.4421 -0.8270
vn -0.8169 0.0266 -0.5762
vn -0.9126 -0.4079 -0.0267
vn -0.6414 -0.3370 0.6892
vn -0.5201 -0.3378 0.7845
vn -0.3850 -0.3370 0.8592
vn -0.6141 -0.4489 0.6492
vn -0.4933 -0.4504 0.7441
vn -0.3589 -0.4489 0.8184
vn -0.5517 -0.6235 0.5539
vn -0.4297 -0.6286 0.6482
vn -0.2954 -0.6235 0.7239
vn 0.6289 0.3975 -0.6681
vn 0.5055 0.4039 -0.7625
vn 0.3705 0.3975 -0.8395
vn 0.5945 0.5137 -0.6186
vn 0.4715 0.5214 -0.7112
vn 0.3382 0.5137 -0.7885
vn 0.5322 0.6633 -0.5261
vn 0.4092 0.6720 -0.6172
vn 0.2773 0.6633 -0.6951
vn 0.6469 -0.6208 0.4428
vn 0.7979 0.0180 0.6025
vn 0.6020 0.6365 0.4821
vn 0.6688 -0.6093 0.4260
vn 0.7897 0.0133 0.6134
vn 0.5842 0.6192 0.5247
vn 0.6948 -0.5919 0.4084
vn 0.7834 0.0106 0.6214
vn 0.5730 0.5990 0.5594
vn 0.3465 0.9041 -0.2501
vn 0.2240 0.9141 -0.3379
vn 0.0955 0.9041 -0.4165
vn 0.2677 0.9547 -0.1301
vn 0.1444 0.9652 -0.2178
vn 0.0156 0.9547 -0.2972
vn 0.2053 0.9782 -0.0311
vn 0.0796 0.9896 -0.1201
vn -0.0513 0.9782 -0.2012
vn 0.5036 -0.5891 0.6320
vn 0.8378 0.0337 0.5449
vn 0.7655 0.6144 0.1910
vn 0.5547 -0.6229 0.5517
vn 0.8300 0.0307 0.5568
vn 0.7089 0.6468 0.2811
vn 0.5944 -0.6316 0.4977
vn 0.8205 0.0277 0.5710
vn 0.6644 0.6556 0.3589
vn -0.4740 0.6144 -0.6307
vn -0.8281 0.0337 -0.5595
vn -0.7782 -0.5891 -0.2177
vn -0.5350 0.6468 -0.5435
vn -0.8361 0.0307 -0.5477
vn -0.7241 -0.6229 -0.2961
vn -0.5892 0.6556 -0.4722
vn -0.8454 0.0277 -0.5334
vn -0.6899 -0.6316 -0.3537
vn -0.6785 0.6365 -0.3667
vn -0.8656 0.0180 -0.5004
vn -0.6597 -0.6208 -0.4235
vn -0.7108 0.6192 -0.3338
vn -0.8725 0.0133 -0.4885
vn -0.6528 -0.6093 -0.4501
vn -0.7384 0.5990 -0.3099
vn -0.8774 0.0106 -0.4797
vn -0.6468 -0.5919 -0.4810
vn -0.1008 -0.9847 -0.1419
vn 0.0385 -0.9976 -0.0580
vn 0.1699 -0.9847 0.0375
vn -0.0726 -0.9782 -0.1946
vn 0.0724 -0.9914 -0.1093
vn 0.2075 -0.9782 -0.0089
vn -0.0370 -0.9646 -0.2609
vn 0.1160 -0.9777 -0.1750
vn 0.2547 -0.9646 -0.0676
vn 0.1160 0.9859 0.1204
vn -0.0175 0.9995 0.0264
vn -0.1561 0.9859 -0.0599
vn 0.0903 0.9813 0.1697
vn -0.0477 0.9963 0.0720
vn -0.1915 0.9813 -0.0171
vn 0.0770 0.9761 0.2031
vn -0.0661 0.9928 0.0997
vn -0.2171 0.9761 0.0082
vn -0.7588 0.1374 -0.6367
vn -0.7569 0.1539 -0.6351
vn -0.7559 0.1626 -0.6342
vn -0.6831 0.1374 -0.7173
vn -0.6814 0.1539 -0.7155
vn -0.6805 0.1625 -0.7145
vn -0.5989 0.1374 -0.7890
vn -0.5974 0.1539 -0.7870
vn -0.5966 0.1626 -0.7859
vn -0.4074 0.1374 -0.9028
vn -0.4064 0.1539 -0.9006
vn -0.4058 0.1626 -0.8994
vn -0.3042 0.1374 -0.9427
vn -0.3035 0.1540 -0.9403
vn -0.3029 0.1626 -0.9390
vn -0.1970 0.1373 -0.9707
vn -0.1967 0.1540 -0.9683
vn -0.1963 0.1627 -0.9670
vn 0.0167 0.1390 -0.9902
vn 0.0195 0.1542 -0.9878
vn 0.0188 0.1613 -0.9867
vn 0.1085 0.1466 -0.9832
vn 0.1194 0.1561 -0.9805
vn 0.1174 0.1575 -0.9805
vn 0.1962 0.1664 -0.9663
vn 0.2212 0.1608 -0.9619
vn 0.2175 0.1492 -0.9646
vn 0.4314 0.2135 -0.8765
vn 0.4465 0.1734 -0.8778
vn 0.4540 0.1412 -0.8798
vn 0.5391 0.2193 -0.8132
vn 0.5439 0.1757 -0.8205
vn 0.5469 0.1432 -0.8249
vn 0.6393 0.2135 -0.7387
vn 0.6347 0.1734 -0.7531
vn 0.6336 0.1412 -0.7607
vn 0.8136 0.1664 -0.5570
vn 0.7998 0.1608 -0.5783
vn 0.8037 0.1492 -0.5760
vn 0.8634 0.1466 -0.4828
vn 0.8566 0.1561 -0.4918
vn 0.8574 0.1575 -0.4900
vn 0.9055 0.1390 -0.4009
vn 0.9023 0.1542 -0.4027
vn 0.9015 0.1613 -0.4015
vn 0.9708 0.1373 -0.1965
vn 0.9685 0.1540 -0.1958
vn 0.9671 0.1627 -0.1957
vn 0.9867 0.1374 -0.0869
vn 0.9843 0.1540 -0.0866
vn 0.9829 0.1626 -0.0866
vn 0.9902 0.1374 0.0237
vn 0.9878 0.1539 0.0236
vn 0.9864 0.1626 0.0235
vn 0.9599 0.1374 0.2444
vn 0.9575 0.1539 0.2438
vn 0.9562 0.1626 0.2434
vn 0.9267 0.1374 0.3499
vn 0.9244 0.1539 0.3490
vn 0.9231 0.1625 0.3485
vn 0.8819 0.1374 0.4510
vn 0.8797 0.1539 0.4499
vn 0.8785 0.1626 0.4493
vn 0.7588 0.1374 0.6367
vn 0.7569 0.1539 0.6351
vn 0.7559 0.1626 0.6342
vn 0.6831 0.1374 0.7173
vn 0.6814 0.1539 0.7155
vn 0.6805 0.1625 0.7145
vn 0.5989 0.1374 0.7890
vn 0.5974 0.1539 0.7870
vn 0.5966 0.1626 0.7859
vn 0.4074 0.1374 0.9028
vn 0.4064 0.1539 0.9006
vn 0.4058 0.1626 0.8994
vn 0.3042 0.1374 0.9426
vn 0.3035 0.1539 0.9403
vn 0.3031 0.1625 0.9390
vn 0.1972 0.1374 0.9707
vn 0.1968 0.1539 0.9683
vn 0.1965 0.1626 0.9669
vn -0.0247 0.1374 0.9902
vn -0.0246 0.1539 0.9878
vn -0.0246 0.1626 0.9864
vn -0.1349 0.1374 0.9813
vn -0.1346 0.1539 0.9789
vn -0.1344 0.1625 0.9775
vn -0.2435 0.1374 0.9601
vn -0.2429 0.1539 0.9578
vn -0.2425 0.1626 0.9564
vn -0.4519 0.1374 0.8814
vn -0.4507 0.1539 0.8793
vn -0.4501 0.1626 0.8781
vn -0.5473 0.1374 0.8256
vn -0.5460 0.1539 0.8236
vn -0.5452 0.1625 0.8224
vn -0.6359 0.1374 0.7594
vn -0.6344 0.1539 0.7576
vn -0.6335 0.1626 0.7565
vn -0.7896 0.1374 0.5981
vn -0.7876 0.1539 0.5966
vn -0.7865 0.1626 0.5958
vn -0.8513 0.1374 0.5064
vn -0.8492 0.1539 0.5051
vn -0.8480 0.1625 0.5044
vn -0.9024 0.1374 0.4083
vn -0.9002 0.1539 0.4073
vn -0.8990 0.1626 0.4067
vn -0.9709 0.1374 0.1963
vn -0.9685 0.1539 0.1958
vn -0.9671 0.1626 0.1955
vn -0.9867 0.1374 0.0868
vn -0.9843 0.1539 0.0866
vn -0.9829 0.1625 0.0865
vn -0.9902 0.1374 -0.0237
vn -0.9878 0.1539 -0.0236
vn -0.9864 0.1626 -0.0236
vn -0.9599 0.1374 -0.2444
vn -0.9575 0.1539 -0.2438
vn -0.9562 0.1626 -0.2434
vn -0.9267 0.1374 -0.3499
vn -0.9244 0.1539 -0.3490
vn -0.9231 0.1625 -0.3485
vn -0.8819 0.1374 -0.4510
vn -0.8797 0.1539 -0.4499
vn -0.8785 0.1626 -0.4493
vn 0.8837 -0.0180 -0.4677
vn 0.9499 -0.2378 -0.2030
vn 0.8663 -0.4636 0.1860
vn 0.9379 0.1514 -0.3121
vn 0.9899 0.1085 0.0916
vn 0.8676 0.0451 0.4951
vn 0.8605 0.3902 -0.3274
vn 0.8301 0.5467 0.1094
vn 0.6520 0.5766 0.4923
vn 0.0867 -0.0180 -0.9961
vn -0.0777 0.1514 -0.9854
vn -0.0335 0.3902 -0.9201
vn -0.1829 -0.2378 -0.9539
vn -0.4698 0.1085 -0.8761
vn -0.4240 0.5467 -0.7220
vn -0.5087 -0.4636 -0.7255
vn -0.7939 0.0451 -0.6064
vn -0.7074 0.5766 -0.4089
vn -0.1676 0.9812 -0.0960
vn 0.0547 0.9113 -0.4082
vn 0.3074 0.6194 -0.7224
vn -0.0006 1.0000 0.0009
vn 0.2078 0.9266 -0.3134
vn 0.4332 0.6207 -0.6535
vn 0.1537 0.9812 0.1170
vn 0.3547 0.9113 -0.2093
vn 0.5457 0.6194 -0.5644
vn 0.4580 -0.0465 -0.8878
vn 0.4016 -0.3439 -0.8488
vn 0.2160 -0.7345 -0.6433
vn 0.5523 -0.0300 -0.8331
vn 0.5217 -0.3294 -0.7870
vn 0.3763 -0.7322 -0.5677
vn 0.6394 -0.0465 -0.7675
vn 0.6255 -0.3439 -0.7004
vn 0.5084 -0.7345 -0.4494
vn 0.5840 -0.5472 -0.5996
vn 0.4601 -0.5536 -0.6941
vn 0.3249 -0.5472 -0.7714
vn 0.6249 -0.4171 -0.6599
vn 0.5009 -0.4223 -0.7555
vn 0.3645 -0.4171 -0.8326
vn 0.6506 -0.2989 -0.6981
vn 0.5266 -0.3028 -0.7944
vn 0.3896 -0.2989 -0.8711
vn -0.5784 0.5630 0.5903
vn -0.4537 0.5707 0.6844
vn -0.3185 0.5630 0.7626
vn -0.6247 0.4189 0.6590
vn -0.5004 0.4241 0.7548
vn -0.3637 0.4189 0.8320
vn -0.6511 0.2964 0.6987
vn -0.5271 0.2999 0.7951
vn -0.3900 0.2964 0.8718
vn -0.3259 -0.3663 -0.8715
vn -0.8189 -0.0174 -0.5737
vn -0.9343 0.3564 0.0045
vn -0.3012 -0.2770 -0.9124
vn -0.8188 -0.0124 -0.5740
vn -0.9626 0.2671 0.0464
vn -0.2873 -0.1972 -0.9373
vn -0.8208 -0.0070 -0.5712
vn -0.9790 0.1902 0.0740
vn 0.3597 0.3564 0.8623
vn 0.8473 -0.0174 0.5309
vn 0.9297 -0.3663 -0.0392
vn 0.3321 0.2671 0.9047
vn 0.8475 -0.0124 0.5307
vn 0.9577 -0.2770 -0.0779
vn 0.3131 0.1902 0.9305
vn 0.8457 -0.0070 0.5336
vn 0.9752 -0.1972 -0.1003
vt -0.051699 0.412934
vt -0.051699 0.422786
vt -0.068364 0.422786
vt -0.068364 0.412934
vt -0.051699 0.431806
vt -0.068364 0.431806
vt -0.085028 0.422786
vt -0.085028 0.412934
vt -0.085028 0.431806
vt -0.035034 0.402734
vt -0.035034 0.412934
vt -0.051699 0.402734
vt -0.035034 0.422786
vt -0.035034 0.431806
vt -0.035034 0.439508
vt -0.051699 0.439508
vt -0.068364 0.439508
vt -0.085028 0.439508
vt -0.101693 0.439508
vt -0.101693 0.431806
vt -0.101693 0.422786
vt -0.101693 0.412934
vt -0.085028 0.402734
vt -0.101693 0.402734
vt -0.068364 0.402734
vt -0.118358 0.412934
vt -0.118358 0.422786
vt -0.135024 0.422786
vt -0.135024 0.412934
vt -0.118358 0.431806
vt -0.135024 0.431806
vt -0.151695 0.422786
vt -0.151695 0.412934
vt -0.151695 0.431806
vt -0.118358 0.402734
vt -0.118358 0.439508
vt -0.135024 0.439508
vt -0.151695 0.439508
vt -0.168370 0.439508
vt -0.168370 0.431806
vt -0.168370 0.422786
vt -0.168370 0.412934
vt -0.151695 0.402734
vt -0.168370 0.402734
vt -0.135024 0.402734
vt -0.185052 0.412933
vt -0.185053 0.422798
vt -0.201740 0.422879
vt -0.201740 0.412924
vt -0.185052 0.431842
vt -0.201740 0.432093
vt -0.218431 0.423076
vt -0.218431 0.412900
vt -0.218431 0.432754
vt -0.168370 0.402734
vt -0.168370 0.412934
vt -0.185053 0.402730
vt -0.168370 0.422786
vt -0.168370 0.431806
vt -0.168370 0.439508
vt -0.185053 0.439558
vt -0.201740 0.439908
vt -0.218431 0.440961
vt -0.235124 0.444318
vt -0.235124 0.433830
vt -0.235124 0.423342
vt -0.235124 0.412854
vt -0.218431 0.402623
vt -0.235124 0.402366
vt -0.201740 0.402703
vt 0.684883 0.412818
vt 0.684886 0.423054
vt 0.667212 0.422841
vt 0.667182 0.412791
vt 0.684888 0.432751
vt 0.667225 0.432088
vt 0.649654 0.422754
vt 0.649559 0.412782
vt 0.649691 0.431837
vt 0.702615 0.402366
vt 0.702615 0.412854
vt 0.684877 0.402366
vt 0.702615 0.423342
vt 0.702615 0.433830
vt 0.702615 0.444318
vt 0.684888 0.440961
vt 0.667227 0.439908
vt 0.649696 0.439558
vt 0.632361 0.439508
vt 0.632354 0.431801
vt 0.632303 0.422748
vt 0.632152 0.412801
vt 0.649402 0.402366
vt 0.631665 0.402366
vt 0.667140 0.402366
vt 0.615132 0.412863
vt 0.615224 0.422763
vt 0.598354 0.422779
vt 0.598324 0.412912
vt 0.615261 0.431803
vt 0.598366 0.431805
vt 0.581603 0.422785
vt 0.581599 0.412931
vt 0.581604 0.431806
vt 0.615016 0.402623
vt 0.615266 0.439508
vt 0.598368 0.439508
vt 0.581604 0.439508
vt 0.564911 0.439508
vt 0.564911 0.431806
vt 0.564911 0.422786
vt 0.564911 0.412934
vt 0.581595 0.402730
vt 0.564911 0.402734
vt 0.598296 0.402703
vt 0.548236 0.412934
vt 0.548236 0.422786
vt 0.531566 0.422786
vt 0.531565 0.412934
vt 0.548236 0.431806
vt 0.531565 0.431806
vt 0.514899 0.422786
vt 0.514899 0.412934
vt 0.514899 0.431806
vt 0.564911 0.402734
vt 0.564911 0.412934
vt 0.548236 0.402734
vt 0.564911 0.422786
vt 0.564911 0.431806
vt 0.548236 0.439508
vt 0.531565 0.439508
vt 0.514899 0.439508
vt 0.498234 0.439508
vt 0.498234 0.431806
vt 0.498234 0.422786
vt 0.498234 0.412934
vt 0.514899 0.402734
vt 0.498234 0.402734
vt 0.531565 0.402734
vt 0.481569 0.412934
vt 0.481569 0.422786
vt 0.464904 0.422786
vt 0.464905 0.412934
vt 0.481569 0.431806
vt 0.464905 0.431806
vt 0.448240 0.422786
vt 0.448240 0.412934
vt 0.448240 0.431806
vt 0.481569 0.402734
vt 0.481569 0.439508
vt 0.464905 0.439508
vt 0.448240 0.439508
vt 0.431575 0.439508
vt 0.431575 0.431806
vt 0.431575 0.422786
vt 0.431575 0.412934
vt 0.448240 0.402734
vt 0.431575 0.402734
vt 0.464905 0.402734
vt 0.414911 0.412934
vt 0.414911 0.422786
vt 0.398246 0.422786
vt 0.398246 0.412934
vt 0.414911 0.431806
vt 0.398246 0.431806
vt 0.381582 0.422786
vt 0.381581 0.412934
vt 0.381581 0.431806
vt 0.414911 0.402734
vt 0.414911 0.439508
vt 0.398246 0.439508
vt 0.381582 0.439508
vt 0.364917 0.439508
vt 0.364917 0.431806
vt 0.364917 0.422786
vt 0.364917 0.412934
vt 0.381582 0.402734
vt 0.364917 0.402734
vt 0.398246 0.402734
vt 0.348252 0.412934
vt 0.348252 0.422786
vt 0.331588 0.422786
vt 0.331588 0.412934
vt 0.348252 0.431806
vt 0.331588 0.431806
vt 0.314923 0.422786
vt 0.314923 0.412934
vt 0.314923 0.431806
vt 0.348252 0.402734
vt 0.348252 0.439508
vt 0.331588 0.439508
vt 0.314923 0.439508
vt 0.298258 0.439508
vt 0.298258 0.431806
vt 0.298258 0.422786
vt 0.298258 0.412934
vt 0.314923 0.402734
vt 0.298258 0.402734
vt 0.331588 0.402734
vt 0.281594 0.412934
vt 0.281594 0.422786
vt 0.264929 0.422786
vt 0.264929 0.412934
vt 0.281594 0.431806
vt 0.264929 0.431806
vt 0.248264 0.422786
vt 0.248265 0.412934
vt 0.248265 0.431806
vt 0.281594 0.402734
vt 0.281594 0.439508
vt 0.264929 0.439508
vt 0.248264 0.439508
vt 0.231600 0.439508
vt 0.231600 0.431806
vt 0.231600 0.422786
vt 0.231600 0.412934
vt 0.248264 0.402734
vt 0.231600 0.402734
vt 0.264929 0.402734
vt 0.214935 0.412934
vt 0.214935 0.422786
vt 0.198271 0.422786
vt 0.198271 0.412934
vt 0.214935 0.431806
vt 0.198271 0.431806
vt 0.181606 0.422786
vt 0.181606 0.412934
vt 0.181606 0.431806
vt 0.214935 0.402734
vt 0.214935 0.439508
vt 0.198271 0.439508
vt 0.181606 0.439508
vt 0.164941 0.439508
vt 0.164941 0.431806
vt 0.164941 0.422786
vt 0.164941 0.412934
vt 0.181606 0.402734
vt 0.164941 0.402734
vt 0.198271 0.402734
vt 0.148277 0.412934
vt 0.148277 0.422786
vt 0.131612 0.422786
vt 0.131612 0.412934
vt 0.148277 0.431806
vt 0.131612 0.431806
vt 0.114947 0.422786
vt 0.114947 0.412934
vt 0.114947 0.431806
vt 0.148277 0.402734
vt 0.148277 0.439508
vt 0.131612 0.439508
vt 0.114947 0.439508
vt 0.098283 0.439508
vt 0.098283 0.431806
vt 0.098283 0.422786
vt 0.098283 0.412934
vt 0.114947 0.402734
vt 0.098283 0.402734
vt 0.131612 0.402734
vt 0.014960 0.364680
vt 0.014960 0.380204
vt -0.001705 0.380204
vt -0.001705 0.364680
vt 0.014960 0.392293
vt -0.001705 0.392293
vt -0.018370 0.380204
vt -0.018370 0.364680
vt -0.018370 0.392293
vt 0.031624 0.343933
vt 0.031624 0.364680
vt 0.014960 0.343933
vt 0.031624 0.380204
vt 0.031624 0.392293
vt 0.031624 0.402734
vt 0.014960 0.402734
vt -0.001705 0.402734
vt -0.018370 0.402734
vt -0.035034 0.392293
vt -0.035034 0.380204
vt -0.035034 0.364680
vt -0.018370 0.343933
vt -0.035034 0.343933
vt -0.001705 0.343933
vt 0.081618 0.412934
vt 0.081618 0.422786
vt 0.064954 0.422786
vt 0.064954 0.412934
vt 0.081618 0.431806
vt 0.064954 0.431806
vt 0.048289 0.422786
vt 0.048289 0.412934
vt 0.048289 0.431806
vt 0.081618 0.402734
vt 0.081618 0.439508
vt 0.064954 0.439508
vt 0.048289 0.439508
vt 0.031624 0.439508
vt 0.031624 0.431806
vt 0.031624 0.422786
vt 0.031624 0.412934
vt 0.048289 0.402734
vt 0.064954 0.402734
vt 0.014960 0.412934
vt 0.014960 0.422786
vt -0.001705 0.422786
vt -0.001705 0.412934
vt 0.014960 0.431806
vt -0.001705 0.431806
vt -0.018370 0.422786
vt -0.018370 0.412934
vt -0.018370 0.431806
vt 0.014960 0.439508
vt -0.001705 0.439508
vt -0.018370 0.439508
vt -0.185052 0.098589
vt -0.201740 0.098525
vt -0.201740 0.097466
vt -0.185051 0.097488
vt -0.218431 0.098357
vt -0.218431 0.097411
vt -0.201739 0.096610
vt -0.185049 0.096613
vt -0.218431 0.096603
vt -0.168370 0.100050
vt -0.185053 0.100037
vt -0.168370 0.098598
vt -0.201740 0.099948
vt -0.218431 0.099680
vt -0.235124 0.098826
vt -0.235124 0.098082
vt -0.235124 0.097338
vt -0.235124 0.096594
vt -0.235124 0.095850
vt -0.218431 0.095850
vt -0.201738 0.095850
vt -0.185045 0.095850
vt -0.168365 0.096613
vt -0.168351 0.095850
vt -0.168369 0.097491
vt 0.081618 0.364680
vt 0.081618 0.380204
vt 0.064954 0.380204
vt 0.064954 0.364680
vt 0.081618 0.392293
vt 0.064954 0.392293
vt 0.048289 0.380204
vt 0.048289 0.364680
vt 0.048289 0.392293
vt 0.098283 0.343933
vt 0.098283 0.364680
vt 0.081618 0.343933
vt 0.098283 0.380204
vt 0.098283 0.392293
vt 0.048289 0.343933
vt 0.064954 0.343933
vt 0.148277 0.364680
vt 0.148277 0.380204
vt 0.131612 0.380204
vt 0.131612 0.364680
vt 0.148277 0.392293
vt 0.131612 0.392293
vt 0.114947 0.380204
vt 0.114947 0.364680
vt 0.114947 0.392293
vt 0.164941 0.343933
vt 0.164941 0.364680
vt 0.148277 0.343933
vt 0.164941 0.380204
vt 0.164941 0.392293
vt 0.114947 0.343933
vt 0.131612 0.343933
vt 0.214935 0.364680
vt 0.214935 0.380204
vt 0.198271 0.380204
vt 0.198271 0.364680
vt 0.214935 0.392293
vt 0.198271 0.392293
vt 0.181606 0.380204
vt 0.181606 0.364680
vt 0.181606 0.392293
vt 0.231600 0.343933
vt 0.231600 0.364680
vt 0.214935 0.343933
vt 0.231600 0.380204
vt 0.231600 0.392293
vt 0.181606 0.343933
vt 0.198271 0.343933
vt 0.281594 0.364680
vt 0.281594 0.380204
vt 0.264929 0.380204
vt 0.264929 0.364680
vt 0.281594 0.392293
vt 0.264929 0.392293
vt 0.248264 0.380204
vt 0.248265 0.364680
vt 0.248265 0.392293
vt 0.298258 0.343933
vt 0.298258 0.364680
vt 0.281594 0.343933
vt 0.298258 0.380204
vt 0.298258 0.392293
vt 0.248264 0.343933
vt 0.264929 0.343933
vt 0.348252 0.364680
vt 0.348252 0.380204
vt 0.331588 0.380204
vt 0.331588 0.364680
vt 0.348252 0.392293
vt 0.331588 0.392293
vt 0.314923 0.380204
vt 0.314923 0.364680
vt 0.314923 0.392293
vt 0.364917 0.343933
vt 0.364917 0.364680
vt 0.348252 0.343933
vt 0.364917 0.380204
vt 0.364917 0.392293
vt 0.314923 0.343933
vt 0.331588 0.343933
vt 0.414911 0.364680
vt 0.414911 0.380204
vt 0.398246 0.380204
vt 0.398246 0.364680
vt 0.414911 0.392293
vt 0.398246 0.392293
vt 0.381582 0.380204
vt 0.381581 0.364680
vt 0.381581 0.392293
vt 0.431575 0.343933
vt 0.431575 0.364680
vt 0.414911 0.343933
vt 0.431575 0.380204
vt 0.431575 0.392293
vt 0.381582 0.343933
vt 0.398246 0.343933
vt 0.481569 0.364680
vt 0.481569 0.380204
vt 0.464904 0.380204
vt 0.464905 0.364680
vt 0.481569 0.392293
vt 0.464905 0.392293
vt 0.448240 0.380204
vt 0.448240 0.364680
vt 0.448240 0.392293
vt 0.498234 0.343933
vt 0.498234 0.364680
vt 0.481569 0.343933
vt 0.498234 0.380204
vt 0.498234 0.392293
vt 0.448240 0.343933
vt 0.464905 0.343933
vt 0.548236 0.364680
vt 0.548236 0.380204
vt 0.531566 0.380204
vt 0.531565 0.364680
vt 0.548236 0.392293
vt 0.531565 0.392293
vt 0.514899 0.380204
vt 0.514899 0.364680
vt 0.514899 0.392293
vt 0.564911 0.343933
vt 0.564911 0.364680
vt 0.548236 0.343933
vt 0.564911 0.380204
vt 0.564911 0.392293
vt 0.514899 0.343933
vt 0.531565 0.343933
vt 0.614987 0.368370
vt 0.614972 0.381397
vt 0.598281 0.380586
vt 0.598288 0.365798
vt 0.614976 0.392373
vt 0.598283 0.392320
vt 0.581594 0.380252
vt 0.581594 0.364819
vt 0.581594 0.392297
vt 0.631665 0.362623
vt 0.631665 0.372559
vt 0.615136 0.349555
vt 0.631665 0.382494
vt 0.631665 0.392430
vt 0.564911 0.392293
vt 0.564911 0.380204
vt 0.564911 0.364680
vt 0.581600 0.344128
vt 0.564911 0.343933
vt 0.598336 0.345491
vt -0.185052 0.364819
vt -0.185053 0.380252
vt -0.201740 0.380586
vt -0.201740 0.365798
vt -0.185052 0.392297
vt -0.201740 0.392320
vt -0.218431 0.381397
vt -0.218431 0.368370
vt -0.218431 0.392373
vt -0.168370 0.343933
vt -0.168370 0.364680
vt -0.185053 0.344128
vt -0.168370 0.380204
vt -0.168370 0.392293
vt -0.235124 0.392430
vt -0.235124 0.382494
vt -0.235124 0.372559
vt -0.218431 0.349579
vt -0.235124 0.362623
vt -0.201740 0.345491
vt -0.118358 0.364680
vt -0.118358 0.380204
vt -0.135024 0.380204
vt -0.135024 0.364680
vt -0.118358 0.392293
vt -0.135024 0.392293
vt -0.151695 0.380204
vt -0.151695 0.364680
vt -0.151695 0.392293
vt -0.101693 0.343933
vt -0.101693 0.364680
vt -0.118358 0.343933
vt -0.101693 0.380204
vt -0.101693 0.392293
vt -0.168370 0.392293
vt -0.168370 0.380204
vt -0.168370 0.364680
vt -0.151695 0.343933
vt -0.168370 0.343933
vt -0.135024 0.343933
vt -0.051699 0.364680
vt -0.051699 0.380204
vt -0.068364 0.380204
vt -0.068364 0.364680
vt -0.051699 0.392293
vt -0.068364 0.392293
vt -0.085028 0.380204
vt -0.085028 0.364680
vt -0.085028 0.392293
vt -0.051699 0.343933
vt -0.085028 0.343933
vt -0.068364 0.343933
vt -0.051699 0.179842
vt -0.051699 0.192796
vt -0.068364 0.192796
vt -0.068364 0.179842
vt -0.051699 0.208639
vt -0.068364 0.208639
vt -0.085028 0.192796
vt -0.085028 0.179842
vt -0.085028 0.208639
vt -0.035034 0.167719
vt -0.035034 0.179842
vt -0.051699 0.167718
vt -0.035034 0.192796
vt -0.035034 0.208639
vt -0.035034 0.229431
vt -0.051699 0.229431
vt -0.068364 0.229431
vt -0.085028 0.229431
vt -0.101693 0.229431
vt -0.101693 0.208639
vt -0.101693 0.192796
vt -0.101693 0.179842
vt -0.085028 0.167718
vt -0.101693 0.167719
vt -0.068364 0.167718
vt -0.118358 0.179842
vt -0.118358 0.192796
vt -0.135024 0.192796
vt -0.135024 0.179842
vt -0.118358 0.208639
vt -0.135024 0.208639
vt -0.151695 0.192796
vt -0.151695 0.179842
vt -0.151695 0.208639
vt -0.118358 0.167718
vt -0.118358 0.229431
vt -0.135024 0.229431
vt -0.151695 0.229431
vt -0.168370 0.229431
vt -0.168370 0.208639
vt -0.168370 0.192796
vt -0.168370 0.179842
vt -0.151695 0.167718
vt -0.168370 0.167719
vt -0.135024 0.167718
vt -0.185052 0.179861
vt -0.185053 0.192756
vt -0.201740 0.192475
vt -0.201740 0.179990
vt -0.185052 0.208500
vt -0.201740 0.207528
vt -0.218431 0.191793
vt -0.218431 0.180338
vt -0.218431 0.204973
vt -0.168370 0.167718
vt -0.168370 0.179842
vt -0.185053 0.167753
vt -0.168370 0.192796
vt -0.168370 0.208639
vt -0.168370 0.229431
vt -0.185053 0.229236
vt -0.201740 0.227873
vt -0.218431 0.223785
vt -0.235124 0.210741
vt -0.235124 0.200805
vt -0.235124 0.190870
vt -0.235124 0.180934
vt -0.218431 0.168709
vt -0.235124 0.170998
vt -0.201740 0.167992
vt 0.957221 0.170788
vt 0.970029 0.170692
vt 0.970444 0.188095
vt 0.957644 0.188029
vt 0.982043 0.170437
vt 0.982323 0.188255
vt 0.970588 0.204895
vt 0.957799 0.204602
vt 0.982410 0.205668
vt 0.942339 0.153636
vt 0.956384 0.153614
vt 0.943051 0.170802
vt 0.969116 0.153462
vt 0.981185 0.153007
vt 0.993748 0.151554
vt 0.993748 0.170012
vt 0.993748 0.188471
vt 0.993748 0.206930
vt 0.993748 0.225388
vt 0.982422 0.221414
vt 0.970609 0.220168
vt 0.957821 0.219753
vt 0.943551 0.204560
vt 0.943571 0.219693
vt 0.943417 0.188019
vt 0.614976 0.180338
vt 0.614972 0.191793
vt 0.598281 0.192475
vt 0.598283 0.179990
vt 0.614987 0.204973
vt 0.598288 0.207528
vt 0.581593 0.192756
vt 0.581594 0.179861
vt 0.581594 0.208500
vt 0.631665 0.170998
vt 0.631665 0.180934
vt 0.615016 0.168705
vt 0.631665 0.190870
vt 0.631665 0.200805
vt 0.631665 0.210741
vt 0.615136 0.223809
vt 0.598336 0.227873
vt 0.581600 0.229236
vt 0.564911 0.229431
vt 0.564911 0.208639
vt 0.564911 0.192796
vt 0.564911 0.179842
vt 0.581595 0.167753
vt 0.564911 0.167718
vt 0.598296 0.167992
vt 0.548236 0.179842
vt 0.548236 0.192796
vt 0.531566 0.192796
vt 0.531565 0.179842
vt 0.548236 0.208639
vt 0.531565 0.208639
vt 0.514899 0.192796
vt 0.514899 0.179842
vt 0.514899 0.208639
vt 0.564911 0.167719
vt 0.564911 0.179842
vt 0.548236 0.167718
vt 0.564911 0.192796
vt 0.564911 0.208639
vt 0.548236 0.229431
vt 0.531565 0.229431
vt 0.514899 0.229431
vt 0.498234 0.229431
vt 0.498234 0.208639
vt 0.498234 0.192796
vt 0.498234 0.179842
vt 0.514899 0.167718
vt 0.498234 0.167719
vt 0.531565 0.167718
vt 0.481569 0.179842
vt 0.481569 0.192796
vt 0.464904 0.192796
vt 0.464905 0.179842
vt 0.481569 0.208639
vt 0.464905 0.208639
vt 0.448240 0.192796
vt 0.448240 0.179842
vt 0.448240 0.208639
vt 0.481569 0.167718
vt 0.481569 0.229431
vt 0.464905 0.229431
vt 0.448240 0.229431
vt 0.431575 0.229431
vt 0.431575 0.208639
vt 0.431575 0.192796
vt 0.431575 0.179842
vt 0.448240 0.167718
vt 0.431575 0.167719
vt 0.464905 0.167718
vt 0.414911 0.179842
vt 0.414911 0.192796
vt 0.398246 0.192796
vt 0.398246 0.179842
vt 0.414911 0.208639
vt 0.398246 0.208639
vt 0.381582 0.192796
vt 0.381581 0.179842
vt 0.381581 0.208639
vt 0.414911 0.167718
vt 0.414911 0.229431
vt 0.398246 0.229431
vt 0.381582 0.229431
vt 0.364917 0.229431
vt 0.364917 0.208639
vt 0.364917 0.192796
vt 0.364917 0.179842
vt 0.381582 0.167718
vt 0.364917 0.167719
vt 0.398246 0.167718
vt 0.348252 0.179842
vt 0.348252 0.192796
vt 0.331588 0.192796
vt 0.331588 0.179842
vt 0.348252 0.208639
vt 0.331588 0.208639
vt 0.314923 0.192796
vt 0.314923 0.179842
vt 0.314923 0.208639
vt 0.348252 0.167718
vt 0.348252 0.229431
vt 0.331588 0.229431
vt 0.314923 0.229431
vt 0.298258 0.229431
vt 0.298258 0.208639
vt 0.298258 0.192796
vt 0.298258 0.179842
vt 0.314923 0.167718
vt 0.298258 0.167719
vt 0.331588 0.167718
vt 0.281594 0.179842
vt 0.281594 0.192796
vt 0.264929 0.192796
vt 0.264929 0.179842
vt 0.281594 0.208639
vt 0.264929 0.208639
vt 0.248264 0.192796
vt 0.248265 0.179842
vt 0.248265 0.208639
vt 0.281594 0.167718
vt 0.281594 0.229431
vt 0.264929 0.229431
vt 0.248264 0.229431
vt 0.231600 0.229431
vt 0.231600 0.208639
vt 0.231600 0.192796
vt 0.231600 0.179842
vt 0.248264 0.167718
vt 0.231600 0.167719
vt 0.264929 0.167718
vt 0.214935 0.179842
vt 0.214935 0.192796
vt 0.198271 0.192796
vt 0.198271 0.179842
vt 0.214935 0.208639
vt 0.198271 0.208639
vt 0.181606 0.192796
vt 0.181606 0.179842
vt 0.181606 0.208639
vt 0.214935 0.167718
vt 0.214935 0.229431
vt 0.198271 0.229431
vt 0.181606 0.229431
vt 0.164941 0.229431
vt 0.164941 0.208639
vt 0.164941 0.192796
vt 0.164941 0.179842
vt 0.181606 0.167718
vt 0.164941 0.167719
vt 0.198271 0.167718
vt 0.148277 0.179842
vt 0.148277 0.192796
vt 0.131612 0.192796
vt 0.131612 0.179842
vt 0.148277 0.208639
vt 0.131612 0.208639
vt 0.114947 0.192796
vt 0.114947 0.179842
vt 0.114947 0.208639
vt 0.148277 0.167718
vt 0.148277 0.229431
vt 0.131612 0.229431
vt 0.114947 0.229431
vt 0.098283 0.229431
vt 0.098283 0.208639
vt 0.098283 0.192796
vt 0.098283 0.179842
vt 0.114947 0.167718
vt 0.098283 0.167719
vt 0.131612 0.167718
vt 0.081618 0.179842
vt 0.081618 0.192796
vt 0.064954 0.192796
vt 0.064954 0.179842
vt 0.081618 0.208639
vt 0.064954 0.208639
vt 0.048289 0.192796
vt 0.048289 0.179842
vt 0.048289 0.208639
vt 0.081618 0.167718
vt 0.081618 0.229431
vt 0.064954 0.229431
vt 0.048289 0.229431
vt 0.031624 0.229431
vt 0.031624 0.208639
vt 0.031624 0.192796
vt 0.031624 0.179842
vt 0.048289 0.167718
vt 0.031624 0.167719
vt 0.064954 0.167718
vt 0.014960 0.179842
vt 0.014960 0.192796
vt -0.001705 0.192796
vt -0.001705 0.179842
vt 0.014960 0.208639
vt -0.001705 0.208639
vt -0.018370 0.192796
vt -0.018370 0.179842
vt -0.018370 0.208639
vt 0.014960 0.167718
vt 0.014960 0.229431
vt -0.001705 0.229431
vt -0.018370 0.229431
vt -0.018370 0.167718
vt -0.001705 0.167718
vt -0.085028 0.130388
vt -0.068364 0.130388
vt -0.068364 0.142065
vt -0.085028 0.142065
vt -0.051699 0.130388
vt -0.051699 0.142065
vt -0.068364 0.154908
vt -0.085028 0.154908
vt -0.051699 0.154908
vt -0.101693 0.121075
vt -0.085028 0.121075
vt -0.101693 0.130388
vt -0.068364 0.121075
vt -0.051699 0.121075
vt -0.035034 0.121075
vt -0.035034 0.130388
vt -0.035034 0.142065
vt -0.035034 0.154908
vt -0.051699 0.167718
vt -0.068364 0.167718
vt -0.101693 0.154908
vt -0.101693 0.167719
vt -0.101693 0.142065
vt -0.151695 0.130388
vt -0.135024 0.130388
vt -0.135024 0.142065
vt -0.151695 0.142065
vt -0.118358 0.130388
vt -0.118358 0.142065
vt -0.135024 0.154908
vt -0.151695 0.154908
vt -0.118358 0.154908
vt -0.168370 0.121075
vt -0.151695 0.121075
vt -0.168370 0.130388
vt -0.135024 0.121075
vt -0.118358 0.121075
vt -0.118358 0.167718
vt -0.135024 0.167718
vt -0.151695 0.167718
vt -0.168370 0.154908
vt -0.168370 0.167719
vt -0.168370 0.142065
vt -0.218431 0.128538
vt -0.201740 0.129827
vt -0.201740 0.141935
vt -0.218431 0.141660
vt -0.185053 0.130318
vt -0.185053 0.142049
vt -0.201740 0.155079
vt -0.218431 0.155478
vt -0.185053 0.154929
vt -0.235124 0.111576
vt -0.218431 0.118206
vt -0.235124 0.126432
vt -0.201740 0.120283
vt -0.185053 0.120976
vt -0.168370 0.121075
vt -0.168370 0.130388
vt -0.168370 0.142065
vt -0.168370 0.154908
vt -0.185053 0.167753
vt -0.218431 0.168709
vt -0.235124 0.156143
vt -0.235124 0.141287
vt 0.649691 0.130367
vt 0.667225 0.129870
vt 0.667212 0.142277
vt 0.649654 0.142441
vt 0.684888 0.128562
vt 0.684886 0.141856
vt 0.667182 0.156267
vt 0.649559 0.156270
vt 0.684883 0.156214
vt 0.632361 0.121075
vt 0.649696 0.120976
vt 0.632354 0.130431
vt 0.667227 0.120283
vt 0.684888 0.118206
vt 0.702615 0.111576
vt 0.702615 0.126432
vt 0.702615 0.141287
vt 0.702615 0.156143
vt 0.702615 0.170998
vt 0.684877 0.170998
vt 0.667140 0.170998
vt 0.649402 0.170998
vt 0.632152 0.156086
vt 0.632303 0.142406
vt 0.581604 0.130389
vt 0.598366 0.130396
vt 0.598354 0.142133
vt 0.581603 0.142073
vt 0.615261 0.130414
vt 0.615224 0.142270
vt 0.598325 0.155104
vt 0.581599 0.154932
vt 0.615132 0.155538
vt 0.564911 0.121075
vt 0.581604 0.121075
vt 0.564911 0.130388
vt 0.598368 0.121075
vt 0.615266 0.121075
vt 0.615016 0.168705
vt 0.598296 0.167992
vt 0.581595 0.167753
vt 0.564911 0.154908
vt 0.564911 0.142065
vt 0.514899 0.130388
vt 0.531565 0.130388
vt 0.531566 0.142065
vt 0.514899 0.142065
vt 0.548236 0.130388
vt 0.548236 0.142065
vt 0.531565 0.154908
vt 0.514899 0.154908
vt 0.548236 0.154908
vt 0.498234 0.121075
vt 0.514899 0.121075
vt 0.498234 0.130388
vt 0.531565 0.121075
vt 0.548236 0.121075
vt 0.564911 0.121075
vt 0.564911 0.130388
vt 0.564911 0.142065
vt 0.564911 0.154908
vt 0.564911 0.167719
vt 0.548236 0.167718
vt 0.498234 0.154908
vt 0.498234 0.167719
vt 0.498234 0.142065
vt 0.448240 0.130388
vt 0.464905 0.130388
vt 0.464905 0.142065
vt 0.448240 0.142065
vt 0.481569 0.130388
vt 0.481569 0.142065
vt 0.464905 0.154908
vt 0.448240 0.154908
vt 0.481569 0.154908
vt 0.431575 0.121075
vt 0.448240 0.121075
vt 0.431575 0.130388
vt 0.464905 0.121075
vt 0.481569 0.121075
vt 0.481569 0.167718
vt 0.464905 0.167718
vt 0.448240 0.167718
vt 0.431575 0.154908
vt 0.431575 0.142065
vt 0.381581 0.130388
vt 0.398246 0.130388
vt 0.398246 0.142065
vt 0.381582 0.142065
vt 0.414911 0.130388
vt 0.414911 0.142065
vt 0.398246 0.154908
vt 0.381581 0.154908
vt 0.414911 0.154908
vt 0.364917 0.121075
vt 0.381582 0.121075
vt 0.364917 0.130388
vt 0.398246 0.121075
vt 0.414911 0.121075
vt 0.414911 0.167718
vt 0.364917 0.154908
vt 0.364917 0.167719
vt 0.364917 0.142065
vt 0.314923 0.130388
vt 0.331588 0.130388
vt 0.331588 0.142065
vt 0.314923 0.142065
vt 0.348252 0.130388
vt 0.348252 0.142065
vt 0.331588 0.154908
vt 0.314923 0.154908
vt 0.348252 0.154908
vt 0.298258 0.121075
vt 0.314923 0.121075
vt 0.298258 0.130388
vt 0.331588 0.121075
vt 0.348252 0.121075
vt 0.348252 0.167718
vt 0.331588 0.167718
vt 0.314923 0.167718
vt 0.298258 0.154908
vt 0.298258 0.167719
vt 0.298258 0.142065
vt 0.248265 0.130388
vt 0.264929 0.130388
vt 0.264929 0.142065
vt 0.248264 0.142065
vt 0.281594 0.130388
vt 0.281594 0.142065
vt 0.264929 0.154908
vt 0.248264 0.154908
vt 0.281594 0.154908
vt 0.231600 0.121075
vt 0.248264 0.121075
vt 0.231600 0.130388
vt 0.264929 0.121075
vt 0.281594 0.121075
vt 0.281594 0.167718
vt 0.248264 0.167718
vt 0.231600 0.154908
vt 0.231600 0.142065
vt 0.181606 0.130388
vt 0.198271 0.130388
vt 0.198271 0.142065
vt 0.181606 0.142065
vt 0.214935 0.130388
vt 0.214935 0.142065
vt 0.198271 0.154908
vt 0.181606 0.154908
vt 0.214935 0.154908
vt 0.164941 0.121075
vt 0.181606 0.121075
vt 0.164941 0.130388
vt 0.198271 0.121075
vt 0.214935 0.121075
vt 0.214935 0.167718
vt 0.164941 0.154908
vt 0.164941 0.167719
vt 0.164941 0.142065
vt 0.114947 0.130388
vt 0.131612 0.130388
vt 0.131612 0.142065
vt 0.114947 0.142065
vt 0.148277 0.130388
vt 0.148277 0.142065
vt 0.131612 0.154908
vt 0.114947 0.154908
vt 0.148277 0.154908
vt 0.098283 0.121075
vt 0.114947 0.121075
vt 0.098283 0.130388
vt 0.131612 0.121075
vt 0.148277 0.121075
vt 0.148277 0.167718
vt 0.098283 0.154908
vt 0.098283 0.167719
vt 0.098283 0.142065
vt 0.048289 0.130388
vt 0.064954 0.130388
vt 0.064954 0.142065
vt 0.048289 0.142065
vt 0.081618 0.130388
vt 0.081618 0.142065
vt 0.064954 0.154908
vt 0.048289 0.154908
vt 0.081618 0.154908
vt 0.031624 0.121075
vt 0.048289 0.121075
vt 0.031624 0.130388
vt 0.064954 0.121075
vt 0.081618 0.121075
vt 0.081618 0.167718
vt 0.031624 0.154908
vt 0.031624 0.167719
vt 0.031624 0.142065
vt -0.018370 0.130388
vt -0.001705 0.130388
vt -0.001705 0.142065
vt -0.018370 0.142065
vt 0.014960 0.130388
vt 0.014960 0.142065
vt -0.001705 0.154908
vt -0.018370 0.154908
vt 0.014960 0.154908
vt -0.018370 0.121075
vt -0.001705 0.121075
vt 0.014960 0.121075
vt 0.014960 0.167718
vt -0.001705 0.167718
vt 0.952274 0.931993
vt 0.931179 0.943983
vt 0.864843 0.912038
vt 0.938470 0.912038
vt 0.934957 0.967952
vt 0.910749 0.969602
vt 0.931179 0.943983
vt 0.903753 0.992836
vt 0.881226 0.983819
vt 0.910749 0.969602
vt 0.864843 1.001717
vt 0.848459 0.983819
vt 0.825932 0.992836
vt 0.818937 0.969602
vt 0.794729 0.967952
vt 0.798507 0.943983
vt 0.818937 0.969602
vt 0.777412 0.931993
vt 0.791215 0.912038
vt 0.798507 0.943983
vt 0.777412 0.892082
vt 0.798507 0.880092
vt 0.791216 0.912038
vt 0.794729 0.856124
vt 0.818937 0.854474
vt 0.798507 0.880092
vt 0.825932 0.831240
vt 0.848459 0.840257
vt 0.818937 0.854474
vt 0.864843 0.822359
vt 0.881226 0.840257
vt 0.848459 0.840257
vt 0.903753 0.831240
vt 0.910749 0.854474
vt 0.881226 0.840257
vt 0.934957 0.856124
vt 0.931179 0.880092
vt 0.910749 0.854474
vt 0.952274 0.892082
vt 0.938470 0.912038
vt 0.931179 0.880092
vt 0.981568 0.938680
vt 0.975789 0.950681
vt 0.981568 0.925359
vt 0.970009 0.962683
vt 0.981568 0.912038
vt 0.958449 0.986687
vt 0.948035 0.994992
vt 0.964229 0.974685
vt 0.937620 1.003297
vt 0.916791 1.019908
vt 0.903804 1.022873
vt 0.927205 1.011603
vt 0.890817 1.025837
vt 0.864843 1.031765
vt 0.851856 1.028801
vt 0.877830 1.028801
vt 0.838869 1.025837
vt 0.812895 1.019908
vt 0.802480 1.011603
vt 0.825882 1.022873
vt 0.792066 1.003297
vt 0.771236 0.986687
vt 0.765456 0.974685
vt 0.781651 0.994992
vt 0.759677 0.962683
vt 0.748117 0.938680
vt 0.748117 0.925359
vt 0.753897 0.950681
vt 0.748117 0.912038
vt 0.748117 0.885396
vt 0.753897 0.873394
vt 0.748117 0.898717
vt 0.759677 0.861392
vt 0.748117 0.912038
vt 0.771236 0.837389
vt 0.781651 0.829084
vt 0.765456 0.849391
vt 0.792066 0.820778
vt 0.812895 0.804167
vt 0.825882 0.801203
vt 0.802480 0.812473
vt 0.838869 0.798239
vt 0.864843 0.792311
vt 0.877830 0.795275
vt 0.851856 0.795275
vt 0.890817 0.798239
vt 0.916790 0.804167
vt 0.927205 0.812473
vt 0.903804 0.801203
vt 0.937620 0.820778
vt 0.958449 0.837389
vt 0.964229 0.849391
vt 0.948035 0.829084
vt 0.970009 0.861392
vt 0.981568 0.885396
vt 0.981568 0.898717
vt 0.975789 0.873394
vt 0.970009 0.861392
vt 0.214935 0.098598
vt 0.198271 0.098598
vt 0.198271 0.097491
vt 0.214935 0.097491
vt 0.181606 0.098598
vt 0.181606 0.097491
vt 0.198271 0.096613
vt 0.214935 0.096613
vt 0.181606 0.096613
vt 0.231600 0.100050
vt 0.214935 0.100050
vt 0.231600 0.098598
vt 0.198271 0.100050
vt 0.181606 0.100050
vt 0.164941 0.100050
vt 0.164941 0.098598
vt 0.164941 0.097491
vt 0.164941 0.096613
vt 0.164941 0.095850
vt 0.181606 0.095850
vt 0.198271 0.095850
vt 0.214935 0.095850
vt 0.231600 0.096613
vt 0.231600 0.095850
vt 0.231600 0.097491
vt 0.684888 0.098357
vt 0.667225 0.098525
vt 0.667212 0.097466
vt 0.684886 0.097411
vt 0.649691 0.098589
vt 0.649654 0.097488
vt 0.667182 0.096610
vt 0.684883 0.096603
vt 0.649559 0.096613
vt 0.702615 0.098826
vt 0.684888 0.099680
vt 0.702615 0.098082
vt 0.667227 0.099948
vt 0.649696 0.100037
vt 0.632361 0.100050
vt 0.632354 0.098598
vt 0.632303 0.097491
vt 0.632151 0.096613
vt 0.631665 0.095850
vt 0.649402 0.095850
vt 0.667140 0.095850
vt 0.684877 0.095850
vt 0.702615 0.096594
vt 0.702615 0.095850
vt 0.702615 0.097338
vt 0.148277 0.098598
vt 0.131612 0.098598
vt 0.131612 0.097491
vt 0.148277 0.097491
vt 0.114947 0.098598
vt 0.114947 0.097491
vt 0.131612 0.096613
vt 0.148277 0.096613
vt 0.114947 0.096613
vt 0.148277 0.100050
vt 0.131612 0.100050
vt 0.114947 0.100050
vt 0.098283 0.100050
vt 0.098283 0.098598
vt 0.098283 0.097491
vt 0.098283 0.096613
vt 0.098283 0.095850
vt 0.114947 0.095850
vt 0.131612 0.095850
vt 0.148277 0.095850
vt 0.615261 0.098598
vt 0.598366 0.098598
vt 0.598353 0.097491
vt 0.615224 0.097491
vt 0.581604 0.098598
vt 0.581601 0.097491
vt 0.598321 0.096613
vt 0.615128 0.096613
vt 0.581595 0.096613
vt 0.615266 0.100050
vt 0.598368 0.100050
vt 0.581604 0.100050
vt 0.564911 0.100050
vt 0.564911 0.098598
vt 0.564910 0.097491
vt 0.564906 0.096613
vt 0.564892 0.095850
vt 0.581585 0.095850
vt 0.598279 0.095850
vt 0.614972 0.095850
vt 0.081618 0.098598
vt 0.064954 0.098598
vt 0.064954 0.097491
vt 0.081618 0.097491
vt 0.048289 0.098598
vt 0.048289 0.097491
vt 0.064954 0.096613
vt 0.081618 0.096613
vt 0.048289 0.096613
vt 0.081618 0.100050
vt 0.064954 0.100050
vt 0.048289 0.100050
vt 0.031624 0.100050
vt 0.031624 0.098598
vt 0.031624 0.097491
vt 0.031624 0.096613
vt 0.031624 0.095850
vt 0.048289 0.095850
vt 0.064954 0.095850
vt 0.081618 0.095850
vt 0.548236 0.098598
vt 0.531565 0.098598
vt 0.531565 0.097491
vt 0.548235 0.097491
vt 0.514899 0.098598
vt 0.514899 0.097491
vt 0.531564 0.096613
vt 0.548232 0.096613
vt 0.514899 0.096613
vt 0.548236 0.100050
vt 0.531565 0.100050
vt 0.514899 0.100050
vt 0.498234 0.100050
vt 0.498234 0.098598
vt 0.498234 0.097491
vt 0.498234 0.096613
vt 0.498234 0.095850
vt 0.514898 0.095850
vt 0.531563 0.095850
vt 0.548228 0.095850
vt 0.014960 0.098598
vt -0.001705 0.098598
vt -0.001705 0.097491
vt 0.014960 0.097491
vt -0.018370 0.098598
vt -0.018370 0.097491
vt -0.001705 0.096613
vt 0.014960 0.096613
vt -0.018370 0.096613
vt 0.014960 0.100050
vt -0.001705 0.100050
vt -0.018370 0.100050
vt -0.035034 0.100050
vt -0.035034 0.098598
vt -0.035034 0.097491
vt -0.035034 0.096613
vt -0.035034 0.095850
vt -0.018370 0.095850
vt -0.001705 0.095850
vt 0.014960 0.095850
vt 0.481569 0.098598
vt 0.464905 0.098598
vt 0.464905 0.097491
vt 0.481569 0.097491
vt 0.448240 0.098598
vt 0.448240 0.097491
vt 0.464905 0.096613
vt 0.481569 0.096613
vt 0.448240 0.096613
vt 0.481569 0.100050
vt 0.464905 0.100050
vt 0.448240 0.100050
vt 0.431575 0.100050
vt 0.431575 0.098598
vt 0.431575 0.097491
vt 0.431575 0.096613
vt 0.431575 0.095850
vt 0.448240 0.095850
vt 0.464905 0.095850
vt 0.481569 0.095850
vt 0.414911 0.098598
vt 0.398246 0.098598
vt 0.398246 0.097491
vt 0.414911 0.097491
vt 0.381581 0.098598
vt 0.381581 0.097491
vt 0.398246 0.096613
vt 0.414911 0.096613
vt 0.381582 0.096613
vt 0.414911 0.100050
vt 0.398246 0.100050
vt 0.381582 0.100050
vt 0.364917 0.100050
vt 0.364917 0.098598
vt 0.364917 0.097491
vt 0.364917 0.096613
vt 0.364917 0.095850
vt 0.381582 0.095850
vt 0.398246 0.095850
vt 0.414911 0.095850
vt -0.051699 0.098598
vt -0.068364 0.098598
vt -0.068364 0.097491
vt -0.051699 0.097491
vt -0.085028 0.098598
vt -0.085028 0.097491
vt -0.068364 0.096613
vt -0.051699 0.096613
vt -0.085028 0.096613
vt -0.051699 0.100050
vt -0.068364 0.100050
vt -0.085028 0.100050
vt -0.101693 0.100050
vt -0.101693 0.098598
vt -0.101693 0.097491
vt -0.101693 0.096613
vt -0.101693 0.095850
vt -0.085028 0.095850
vt -0.068364 0.095850
vt -0.051699 0.095850
vt 0.348252 0.098598
vt 0.331588 0.098598
vt 0.331588 0.097491
vt 0.348252 0.097491
vt 0.314923 0.098598
vt 0.314923 0.097491
vt 0.331588 0.096613
vt 0.348252 0.096613
vt 0.314923 0.096613
vt 0.348252 0.100050
vt 0.331588 0.100050
vt 0.314923 0.100050
vt 0.298258 0.100050
vt 0.298258 0.098598
vt 0.298258 0.097491
vt 0.298258 0.096613
vt 0.298258 0.095850
vt 0.314923 0.095850
vt 0.331588 0.095850
vt 0.348252 0.095850
vt -0.118358 0.098598
vt -0.135024 0.098598
vt -0.135024 0.097491
vt -0.118358 0.097491
vt -0.151695 0.098598
vt -0.151694 0.097491
vt -0.135023 0.096613
vt -0.118358 0.096613
vt -0.151691 0.096613
vt -0.118358 0.100050
vt -0.135024 0.100050
vt -0.151695 0.100050
vt -0.151687 0.095850
vt -0.135022 0.095850
vt -0.118357 0.095850
vt 0.281594 0.098598
vt 0.264929 0.098598
vt 0.264929 0.097491
vt 0.281594 0.097491
vt 0.248264 0.098598
vt 0.248264 0.097491
vt 0.264929 0.096613
vt 0.281594 0.096613
vt 0.248264 0.096613
vt 0.281594 0.100050
vt 0.264929 0.100050
vt 0.248264 0.100050
vt 0.248264 0.095850
vt 0.264929 0.095850
vt 0.281594 0.095850
vt 0.281594 0.106030
vt 0.264929 0.106030
vt 0.264929 0.103974
vt 0.281594 0.103974
vt 0.248265 0.106030
vt 0.248264 0.103974
vt 0.264929 0.101902
vt 0.281594 0.101902
vt 0.248265 0.101902
vt 0.298258 0.107831
vt 0.281594 0.107831
vt 0.298258 0.106030
vt 0.264929 0.107831
vt 0.248264 0.107831
vt 0.231600 0.107831
vt 0.231600 0.106030
vt 0.231600 0.103974
vt 0.231600 0.101902
vt 0.248264 0.100050
vt 0.264929 0.100050
vt 0.281594 0.100050
vt 0.298258 0.101902
vt 0.298258 0.103974
vt -0.118358 0.106030
vt -0.135024 0.106030
vt -0.135024 0.103974
vt -0.118358 0.103974
vt -0.151695 0.106030
vt -0.151695 0.103974
vt -0.135024 0.101902
vt -0.118358 0.101902
vt -0.151695 0.101902
vt -0.101693 0.107831
vt -0.118358 0.107831
vt -0.101693 0.106030
vt -0.135024 0.107831
vt -0.151695 0.107831
vt -0.168370 0.107831
vt -0.168370 0.106030
vt -0.168370 0.103974
vt -0.168370 0.101902
vt -0.151695 0.100050
vt -0.118358 0.100050
vt -0.101693 0.101902
vt -0.101693 0.100050
vt -0.101693 0.103974
vt 0.348252 0.106030
vt 0.331588 0.106030
vt 0.331588 0.103974
vt 0.348252 0.103974
vt 0.314923 0.106030
vt 0.314923 0.103974
vt 0.331588 0.101902
vt 0.348252 0.101902
vt 0.314923 0.101902
vt 0.364917 0.107831
vt 0.348252 0.107831
vt 0.364917 0.106030
vt 0.331588 0.107831
vt 0.314923 0.107831
vt 0.314923 0.100050
vt 0.331588 0.100050
vt 0.348252 0.100050
vt 0.364917 0.101902
vt 0.364917 0.100050
vt 0.364917 0.103974
vt -0.051699 0.106030
vt -0.068364 0.106030
vt -0.068364 0.103974
vt -0.051699 0.103974
vt -0.085028 0.106030
vt -0.085028 0.103974
vt -0.068364 0.101902
vt -0.051699 0.101902
vt -0.085028 0.101902
vt -0.035034 0.107831
vt -0.051699 0.107831
vt -0.035034 0.106030
vt -0.068364 0.107831
vt -0.085028 0.107831
vt -0.051699 0.100050
vt -0.035034 0.101902
vt -0.035034 0.103974
vt 0.414911 0.106030
vt 0.398246 0.106030
vt 0.398246 0.103974
vt 0.414911 0.103974
vt 0.381581 0.106030
vt 0.381582 0.103974
vt 0.398246 0.101902
vt 0.414911 0.101902
vt 0.381581 0.101902
vt 0.431575 0.107831
vt 0.414911 0.107831
vt 0.431575 0.106030
vt 0.398246 0.107831
vt 0.381582 0.107831
vt 0.398246 0.100050
vt 0.414911 0.100050
vt 0.431575 0.101902
vt 0.431575 0.100050
vt 0.431575 0.103974
vt 0.481569 0.106030
vt 0.464905 0.106030
vt 0.464905 0.103974
vt 0.481569 0.103974
vt 0.448240 0.106030
vt 0.448240 0.103974
vt 0.464905 0.101902
vt 0.481569 0.101902
vt 0.448240 0.101902
vt 0.498234 0.107831
vt 0.481569 0.107831
vt 0.498234 0.106030
vt 0.464905 0.107831
vt 0.448240 0.107831
vt 0.464905 0.100050
vt 0.481569 0.100050
vt 0.498234 0.101902
vt 0.498234 0.103974
vt 0.014960 0.106030
vt -0.001705 0.106030
vt -0.001705 0.103974
vt 0.014960 0.103974
vt -0.018370 0.106030
vt -0.018370 0.103974
vt -0.001705 0.101902
vt 0.014960 0.101902
vt -0.018370 0.101902
vt 0.031624 0.107831
vt 0.014960 0.107831
vt 0.031624 0.106030
vt -0.001705 0.107831
vt -0.018370 0.107831
vt -0.001705 0.100050
vt 0.014960 0.100050
vt 0.031624 0.101902
vt 0.031624 0.100050
vt 0.031624 0.103974
vt 0.548236 0.106030
vt 0.531565 0.106030
vt 0.531566 0.103974
vt 0.548236 0.103974
vt 0.514899 0.106030
vt 0.514899 0.103974
vt 0.531565 0.101902
vt 0.548236 0.101902
vt 0.514899 0.101902
vt 0.564911 0.107831
vt 0.548236 0.107831
vt 0.564911 0.106030
vt 0.531565 0.107831
vt 0.514899 0.107831
vt 0.514899 0.100050
vt 0.548236 0.100050
vt 0.564911 0.101902
vt 0.564911 0.100050
vt 0.564911 0.103974
vt 0.081618 0.106030
vt 0.064954 0.106030
vt 0.064954 0.103974
vt 0.081618 0.103974
vt 0.048289 0.106030
vt 0.048289 0.103974
vt 0.064954 0.101902
vt 0.081618 0.101902
vt 0.048289 0.101902
vt 0.098283 0.107831
vt 0.081618 0.107831
vt 0.098283 0.106030
vt 0.064954 0.107831
vt 0.048289 0.107831
vt 0.081618 0.100050
vt 0.098283 0.101902
vt 0.098283 0.103974
vt 0.615266 0.106030
vt 0.598368 0.106030
vt 0.598368 0.103974
vt 0.615266 0.103974
vt 0.581604 0.106030
vt 0.581604 0.103974
vt 0.598368 0.101902
vt 0.615266 0.101902
vt 0.581604 0.101902
vt 0.632361 0.107831
vt 0.615266 0.107831
vt 0.632361 0.106030
vt 0.598368 0.107831
vt 0.581604 0.107831
vt 0.598368 0.100050
vt 0.615266 0.100050
vt 0.632361 0.101902
vt 0.632361 0.100050
vt 0.632361 0.103974
vt 0.148277 0.106030
vt 0.131612 0.106030
vt 0.131612 0.103974
vt 0.148277 0.103974
vt 0.114947 0.106030
vt 0.114947 0.103974
vt 0.131612 0.101902
vt 0.148277 0.101902
vt 0.114947 0.101902
vt 0.164941 0.107831
vt 0.148277 0.107831
vt 0.164941 0.106030
vt 0.131612 0.107831
vt 0.114947 0.107831
vt 0.114947 0.100050
vt 0.148277 0.100050
vt 0.164941 0.101902
vt 0.164941 0.100050
vt 0.164941 0.103974
vt 0.684888 0.106280
vt 0.667227 0.106106
vt 0.667227 0.103976
vt 0.684888 0.103980
vt 0.649696 0.106040
vt 0.649696 0.103975
vt 0.667227 0.101832
vt 0.684888 0.101671
vt 0.649696 0.101893
vt 0.702615 0.109145
vt 0.684888 0.108228
vt 0.702615 0.106566
vt 0.667227 0.107940
vt 0.649696 0.107844
vt 0.632361 0.107831
vt 0.632361 0.106030
vt 0.632361 0.103974
vt 0.632361 0.101902
vt 0.702615 0.101406
vt 0.702615 0.103986
vt 0.214935 0.106030
vt 0.198271 0.106030
vt 0.198271 0.103974
vt 0.214935 0.103974
vt 0.181606 0.106030
vt 0.181606 0.103974
vt 0.198271 0.101902
vt 0.214935 0.101902
vt 0.181606 0.101902
vt 0.214935 0.107831
vt 0.198271 0.107831
vt 0.181606 0.107831
vt 0.181606 0.100050
vt 0.198271 0.100050
vt 0.214935 0.100050
vt -0.185052 0.106040
vt -0.201740 0.106106
vt -0.201740 0.103976
vt -0.185053 0.103975
vt -0.218431 0.106280
vt -0.218431 0.103980
vt -0.201740 0.101832
vt -0.185053 0.101893
vt -0.218431 0.101671
vt -0.168370 0.107831
vt -0.185053 0.107844
vt -0.168370 0.106030
vt -0.201740 0.107940
vt -0.218431 0.108228
vt -0.235124 0.109145
vt -0.235124 0.106566
vt -0.235124 0.103986
vt -0.235124 0.101406
vt -0.168370 0.101902
vt -0.168370 0.103974
vt -0.185052 0.114885
vt -0.201740 0.114390
vt -0.201740 0.111213
vt -0.185053 0.111363
vt -0.218431 0.113089
vt -0.218431 0.110851
vt -0.201740 0.109401
vt -0.185052 0.109354
vt -0.218431 0.109529
vt -0.168370 0.121075
vt -0.185053 0.120976
vt -0.168370 0.114955
vt -0.201740 0.120283
vt -0.218431 0.118206
vt -0.235124 0.110969
vt -0.235124 0.110361
vt -0.235124 0.109753
vt -0.168370 0.109347
vt -0.168370 0.111384
vt 0.214935 0.114955
vt 0.198271 0.114955
vt 0.198271 0.111384
vt 0.214935 0.111384
vt 0.181606 0.114955
vt 0.181606 0.111384
vt 0.198271 0.109347
vt 0.214935 0.109347
vt 0.181606 0.109347
vt 0.231600 0.121075
vt 0.214935 0.121075
vt 0.231600 0.114955
vt 0.198271 0.121075
vt 0.181606 0.121075
vt 0.164941 0.121075
vt 0.164941 0.114955
vt 0.164941 0.111384
vt 0.164941 0.109347
vt 0.231600 0.109347
vt 0.231600 0.111384
vt 0.684888 0.113089
vt 0.667227 0.114390
vt 0.667227 0.111213
vt 0.684888 0.110851
vt 0.649696 0.114885
vt 0.649696 0.111363
vt 0.667227 0.109401
vt 0.684888 0.109529
vt 0.649696 0.109354
vt 0.684888 0.118206
vt 0.702615 0.110969
vt 0.667227 0.120283
vt 0.649696 0.120976
vt 0.632361 0.121075
vt 0.632361 0.114955
vt 0.632361 0.111384
vt 0.632361 0.109347
vt 0.702615 0.109753
vt 0.702615 0.110361
vt 0.148277 0.114955
vt 0.131612 0.114955
vt 0.131612 0.111384
vt 0.148277 0.111384
vt 0.114947 0.114955
vt 0.114947 0.111384
vt 0.131612 0.109347
vt 0.148277 0.109347
vt 0.114947 0.109347
vt 0.148277 0.121075
vt 0.131612 0.121075
vt 0.114947 0.121075
vt 0.098283 0.121075
vt 0.098283 0.114955
vt 0.098283 0.111384
vt 0.098283 0.109347
vt 0.615266 0.114955
vt 0.598368 0.114955
vt 0.598368 0.111384
vt 0.615266 0.111384
vt 0.581604 0.114955
vt 0.581604 0.111384
vt 0.598368 0.109347
vt 0.615266 0.109347
vt 0.581604 0.109347
vt 0.632361 0.121075
vt 0.615266 0.121075
vt 0.632361 0.114955
vt 0.598368 0.121075
vt 0.581604 0.121075
vt 0.564911 0.121075
vt 0.564911 0.114955
vt 0.564911 0.111384
vt 0.564911 0.109347
vt 0.632361 0.109347
vt 0.632361 0.111384
vt 0.081618 0.114955
vt 0.064954 0.114955
vt 0.064954 0.111384
vt 0.081618 0.111384
vt 0.048289 0.114955
vt 0.048289 0.111384
vt 0.064954 0.109347
vt 0.081618 0.109347
vt 0.048289 0.109347
vt 0.081618 0.121075
vt 0.064954 0.121075
vt 0.048289 0.121075
vt 0.031624 0.121075
vt 0.031624 0.114955
vt 0.031624 0.111384
vt 0.031624 0.109347
vt 0.548236 0.114955
vt 0.531565 0.114955
vt 0.531566 0.111384
vt 0.548236 0.111384
vt 0.514899 0.114955
vt 0.514899 0.111384
vt 0.531565 0.109347
vt 0.548236 0.109347
vt 0.514899 0.109347
vt 0.548236 0.121075
vt 0.531565 0.121075
vt 0.514899 0.121075
vt 0.498234 0.121075
vt 0.498234 0.114955
vt 0.498234 0.111384
vt 0.498234 0.109347
vt 0.014960 0.114955
vt -0.001705 0.114955
vt -0.001705 0.111384
vt 0.014960 0.111384
vt -0.018370 0.114955
vt -0.018370 0.111384
vt -0.001705 0.109347
vt 0.014960 0.109347
vt -0.018370 0.109347
vt 0.014960 0.121075
vt -0.001705 0.121075
vt -0.018370 0.121075
vt -0.035034 0.121075
vt -0.035034 0.114955
vt -0.035034 0.111384
vt -0.035034 0.109347
vt 0.481569 0.114955
vt 0.464905 0.114955
vt 0.464905 0.111384
vt 0.481569 0.111384
vt 0.448240 0.114955
vt 0.448240 0.111384
vt 0.464905 0.109347
vt 0.481569 0.109347
vt 0.448240 0.109347
vt 0.481569 0.121075
vt 0.464905 0.121075
vt 0.448240 0.121075
vt 0.431575 0.121075
vt 0.431575 0.114955
vt 0.431575 0.111384
vt 0.431575 0.109347
vt 0.414911 0.114955
vt 0.398246 0.114955
vt 0.398246 0.111384
vt 0.414911 0.111384
vt 0.381581 0.114955
vt 0.381582 0.111384
vt 0.398246 0.109347
vt 0.414911 0.109347
vt 0.381581 0.109347
vt 0.414911 0.121075
vt 0.398246 0.121075
vt 0.381582 0.121075
vt 0.364917 0.121075
vt 0.364917 0.114955
vt 0.364917 0.111384
vt 0.364917 0.109347
vt -0.051699 0.114955
vt -0.068364 0.114955
vt -0.068364 0.111384
vt -0.051699 0.111384
vt -0.085028 0.114955
vt -0.085028 0.111384
vt -0.068364 0.109347
vt -0.051699 0.109347
vt -0.085028 0.109347
vt -0.051699 0.121075
vt -0.068364 0.121075
vt -0.085028 0.121075
vt -0.101693 0.121075
vt -0.101693 0.114955
vt -0.101693 0.111384
vt -0.101693 0.109347
vt 0.348252 0.114955
vt 0.331588 0.114955
vt 0.331588 0.111384
vt 0.348252 0.111384
vt 0.314923 0.114955
vt 0.314923 0.111384
vt 0.331588 0.109347
vt 0.348252 0.109347
vt 0.314923 0.109347
vt 0.348252 0.121075
vt 0.331588 0.121075
vt 0.314923 0.121075
vt 0.298258 0.121075
vt 0.298258 0.114955
vt 0.298258 0.111384
vt 0.298258 0.109347
vt -0.118358 0.114955
vt -0.135024 0.114955
vt -0.135024 0.111384
vt -0.118358 0.111384
vt -0.151695 0.114955
vt -0.151695 0.111384
vt -0.135024 0.109347
vt -0.118358 0.109347
vt -0.151695 0.109347
vt -0.118358 0.121075
vt -0.135024 0.121075
vt -0.151695 0.121075
vt -0.168370 0.114955
vt -0.168370 0.111384
vt 0.281594 0.114955
vt 0.264929 0.114955
vt 0.264929 0.111384
vt 0.281594 0.111384
vt 0.248265 0.114955
vt 0.248264 0.111384
vt 0.264929 0.109347
vt 0.281594 0.109347
vt 0.248265 0.109347
vt 0.281594 0.121075
vt 0.264929 0.121075
vt 0.248264 0.121075
vt -0.051699 0.499358
vt -0.068364 0.499358
vt -0.068364 0.482148
vt -0.051699 0.482148
vt -0.085028 0.499358
vt -0.085028 0.482148
vt -0.068364 0.470388
vt -0.051699 0.470388
vt -0.085028 0.470388
vt -0.035034 0.523831
vt -0.051699 0.523831
vt -0.035034 0.499358
vt -0.068364 0.523831
vt -0.085028 0.523831
vt -0.101693 0.523831
vt -0.101693 0.499358
vt -0.101693 0.482148
vt -0.101693 0.470388
vt -0.101693 0.462263
vt -0.085028 0.462263
vt -0.068364 0.462263
vt -0.051699 0.462263
vt -0.035034 0.470388
vt -0.035034 0.462263
vt -0.035034 0.482148
vt -0.118358 0.499358
vt -0.135024 0.499358
vt -0.135024 0.482148
vt -0.118358 0.482148
vt -0.151695 0.499358
vt -0.151695 0.482148
vt -0.135024 0.470388
vt -0.118358 0.470388
vt -0.151695 0.470388
vt -0.118358 0.523831
vt -0.135024 0.523831
vt -0.151695 0.523831
vt -0.168370 0.523831
vt -0.168370 0.499358
vt -0.168370 0.482148
vt -0.168370 0.470388
vt -0.168370 0.462263
vt -0.151695 0.462263
vt -0.135024 0.462263
vt -0.118358 0.462263
vt -0.185052 0.499175
vt -0.201740 0.497895
vt -0.201740 0.481543
vt -0.185053 0.482073
vt -0.218431 0.494535
vt -0.218431 0.480256
vt -0.201740 0.470035
vt -0.185053 0.470344
vt -0.218431 0.469232
vt -0.168370 0.523831
vt -0.185053 0.523579
vt -0.168370 0.499358
vt -0.201740 0.521814
vt -0.218431 0.516518
vt -0.235124 0.499621
vt -0.235124 0.489068
vt -0.235124 0.478516
vt -0.235124 0.467963
vt -0.235124 0.457410
vt -0.218431 0.460797
vt -0.201740 0.461859
vt -0.185053 0.462212
vt -0.168370 0.470388
vt -0.168370 0.462263
vt -0.168370 0.482148
vt 0.684888 0.494535
vt 0.667227 0.497895
vt 0.667227 0.481543
vt 0.684888 0.480256
vt 0.649696 0.499175
vt 0.649696 0.482073
vt 0.667227 0.470035
vt 0.684888 0.469232
vt 0.649696 0.470344
vt 0.702615 0.499621
vt 0.684888 0.516518
vt 0.702615 0.489068
vt 0.667227 0.521813
vt 0.649696 0.523579
vt 0.632361 0.523831
vt 0.632361 0.499358
vt 0.632361 0.482148
vt 0.632361 0.470388
vt 0.632361 0.462263
vt 0.649696 0.462212
vt 0.667227 0.461858
vt 0.684888 0.460797
vt 0.702615 0.467963
vt 0.702615 0.457410
vt 0.702615 0.478516
vt 0.615266 0.499358
vt 0.598368 0.499358
vt 0.598368 0.482148
vt 0.615266 0.482148
vt 0.581604 0.499358
vt 0.581604 0.482148
vt 0.598368 0.470388
vt 0.615266 0.470388
vt 0.581604 0.470388
vt 0.632361 0.523831
vt 0.615266 0.523831
vt 0.632361 0.499358
vt 0.598368 0.523831
vt 0.581604 0.523831
vt 0.564911 0.523831
vt 0.564911 0.499358
vt 0.564911 0.482148
vt 0.564911 0.470388
vt 0.564911 0.462263
vt 0.581604 0.462263
vt 0.598368 0.462263
vt 0.615266 0.462263
vt 0.632361 0.470388
vt 0.632361 0.462263
vt 0.632361 0.482148
vt 0.548236 0.499358
vt 0.531565 0.499358
vt 0.531566 0.482148
vt 0.548236 0.482148
vt 0.514899 0.499358
vt 0.514899 0.482148
vt 0.531565 0.470388
vt 0.548236 0.470388
vt 0.514899 0.470388
vt 0.548236 0.523831
vt 0.531565 0.523831
vt 0.514899 0.523831
vt 0.498234 0.523831
vt 0.498234 0.499358
vt 0.498234 0.482148
vt 0.498234 0.470388
vt 0.498234 0.462263
vt 0.514899 0.462263
vt 0.531565 0.462263
vt 0.548236 0.462263
vt 0.481569 0.499358
vt 0.464905 0.499358
vt 0.464905 0.482148
vt 0.481569 0.482148
vt 0.448240 0.499358
vt 0.448240 0.482148
vt 0.464905 0.470388
vt 0.481569 0.470388
vt 0.448240 0.470388
vt 0.481569 0.523831
vt 0.464905 0.523831
vt 0.448240 0.523831
vt 0.431575 0.523831
vt 0.431575 0.499358
vt 0.431575 0.482148
vt 0.431575 0.470388
vt 0.431575 0.462263
vt 0.448240 0.462263
vt 0.464905 0.462263
vt 0.481569 0.462263
vt 0.414911 0.499358
vt 0.398246 0.499358
vt 0.398246 0.482148
vt 0.414911 0.482148
vt 0.381581 0.499358
vt 0.381582 0.482148
vt 0.398246 0.470388
vt 0.414911 0.470388
vt 0.381581 0.470388
vt 0.414911 0.523831
vt 0.398246 0.523831
vt 0.381582 0.523831
vt 0.364917 0.523831
vt 0.364917 0.499358
vt 0.364917 0.482148
vt 0.364917 0.470388
vt 0.364917 0.462263
vt 0.381582 0.462263
vt 0.398246 0.462263
vt 0.414911 0.462263
vt 0.348252 0.499358
vt 0.331588 0.499358
vt 0.331588 0.482148
vt 0.348252 0.482148
vt 0.314923 0.499358
vt 0.314923 0.482148
vt 0.331588 0.470388
vt 0.348252 0.470388
vt 0.314923 0.470388
vt 0.348252 0.523831
vt 0.331588 0.523831
vt 0.314923 0.523831
vt 0.298258 0.523831
vt 0.298258 0.499358
vt 0.298258 0.482148
vt 0.298258 0.470388
vt 0.298258 0.462263
vt 0.314923 0.462263
vt 0.331588 0.462263
vt 0.348252 0.462263
vt 0.281594 0.499358
vt 0.264929 0.499358
vt 0.264929 0.482148
vt 0.281594 0.482148
vt 0.248265 0.499358
vt 0.248264 0.482148
vt 0.264929 0.470388
vt 0.281594 0.470388
vt 0.248265 0.470388
vt 0.281594 0.523831
vt 0.264929 0.523831
vt 0.248264 0.523831
vt 0.231600 0.523831
vt 0.231600 0.499358
vt 0.231600 0.482148
vt 0.231600 0.470388
vt 0.231600 0.462263
vt 0.248264 0.462263
vt 0.264929 0.462263
vt 0.281594 0.462263
vt 0.214935 0.499358
vt 0.198271 0.499358
vt 0.198271 0.482148
vt 0.214935 0.482148
vt 0.181606 0.499358
vt 0.181606 0.482148
vt 0.198271 0.470388
vt 0.214935 0.470388
vt 0.181606 0.470388
vt 0.214935 0.523831
vt 0.198271 0.523831
vt 0.181606 0.523831
vt 0.164941 0.523831
vt 0.164941 0.499358
vt 0.164941 0.482148
vt 0.164941 0.470388
vt 0.164941 0.462263
vt 0.181606 0.462263
vt 0.198271 0.462263
vt 0.214935 0.462263
vt 0.148277 0.499358
vt 0.131612 0.499358
vt 0.131612 0.482148
vt 0.148277 0.482148
vt 0.114947 0.499358
vt 0.114947 0.482148
vt 0.131612 0.470388
vt 0.148277 0.470388
vt 0.114947 0.470388
vt 0.148277 0.523831
vt 0.131612 0.523831
vt 0.114947 0.523831
vt 0.098283 0.523831
vt 0.098283 0.499358
vt 0.098283 0.482148
vt 0.098283 0.470388
vt 0.098283 0.462263
vt 0.114947 0.462263
vt 0.131612 0.462263
vt 0.148277 0.462263
vt 0.014960 0.630367
vt -0.001705 0.630367
vt -0.001705 0.593350
vt 0.014960 0.593350
vt -0.018370 0.630367
vt -0.018370 0.593350
vt -0.001705 0.556323
vt 0.014960 0.556323
vt -0.018370 0.556323
vt 0.031624 0.662831
vt 0.014960 0.662831
vt 0.031624 0.630367
vt -0.001705 0.662831
vt -0.018370 0.662831
vt -0.035034 0.662831
vt -0.035034 0.630367
vt -0.035034 0.593350
vt -0.035034 0.556323
vt -0.018370 0.523831
vt -0.001705 0.523831
vt 0.014960 0.523831
vt 0.031624 0.556323
vt 0.031624 0.523831
vt 0.031624 0.593350
vt 0.081618 0.499358
vt 0.064954 0.499358
vt 0.064954 0.482148
vt 0.081618 0.482148
vt 0.048289 0.499358
vt 0.048289 0.482148
vt 0.064954 0.470388
vt 0.081618 0.470388
vt 0.048289 0.470388
vt 0.081618 0.523831
vt 0.064954 0.523831
vt 0.048289 0.523831
vt 0.031624 0.499358
vt 0.031624 0.482148
vt 0.031624 0.470388
vt 0.031624 0.462263
vt 0.048289 0.462263
vt 0.064954 0.462263
vt 0.081618 0.462263
vt 0.014960 0.499358
vt -0.001705 0.499358
vt -0.001705 0.482148
vt 0.014960 0.482148
vt -0.018370 0.499358
vt -0.018370 0.482148
vt -0.001705 0.470388
vt 0.014960 0.470388
vt -0.018370 0.470388
vt -0.018370 0.462263
vt -0.001705 0.462263
vt 0.014960 0.462263
vt -0.185052 0.808361
vt -0.185051 0.810180
vt -0.201740 0.810191
vt -0.201740 0.808394
vt -0.185049 0.811882
vt -0.201739 0.811884
vt -0.218431 0.810219
vt -0.218431 0.808481
vt -0.218431 0.811887
vt -0.168370 0.806358
vt -0.168370 0.808357
vt -0.185053 0.806364
vt -0.168369 0.810178
vt -0.168365 0.811882
vt -0.168351 0.813527
vt -0.185045 0.813527
vt -0.201738 0.813527
vt -0.218431 0.813527
vt -0.235124 0.813527
vt -0.235124 0.811892
vt -0.235124 0.810257
vt -0.235124 0.808622
vt -0.218431 0.806548
vt -0.235124 0.806987
vt -0.201740 0.806410
vt 0.081618 0.630367
vt 0.064954 0.630367
vt 0.064954 0.593350
vt 0.081618 0.593350
vt 0.048289 0.630367
vt 0.048289 0.593350
vt 0.064954 0.556323
vt 0.081618 0.556323
vt 0.048289 0.556323
vt 0.098283 0.662831
vt 0.081618 0.662831
vt 0.098283 0.630367
vt 0.064954 0.662831
vt 0.048289 0.662831
vt 0.098283 0.556323
vt 0.098283 0.593350
vt 0.148277 0.630367
vt 0.131612 0.630367
vt 0.131612 0.593350
vt 0.148277 0.593350
vt 0.114947 0.630367
vt 0.114947 0.593350
vt 0.131612 0.556323
vt 0.148277 0.556323
vt 0.114947 0.556323
vt 0.164941 0.662831
vt 0.148277 0.662831
vt 0.164941 0.630367
vt 0.131612 0.662831
vt 0.114947 0.662831
vt 0.164941 0.556323
vt 0.164941 0.593350
vt 0.214935 0.630367
vt 0.198271 0.630367
vt 0.198271 0.593350
vt 0.214935 0.593350
vt 0.181606 0.630367
vt 0.181606 0.593350
vt 0.198271 0.556323
vt 0.214935 0.556323
vt 0.181606 0.556323
vt 0.231600 0.662831
vt 0.214935 0.662831
vt 0.231600 0.630367
vt 0.198271 0.662831
vt 0.181606 0.662831
vt 0.231600 0.556323
vt 0.231600 0.593350
vt 0.281594 0.630367
vt 0.264929 0.630367
vt 0.264929 0.593350
vt 0.281594 0.593350
vt 0.248265 0.630367
vt 0.248264 0.593350
vt 0.264929 0.556323
vt 0.281594 0.556323
vt 0.248265 0.556323
vt 0.298258 0.662831
vt 0.281594 0.662831
vt 0.298258 0.630367
vt 0.264929 0.662831
vt 0.248264 0.662831
vt 0.298258 0.556323
vt 0.298258 0.593350
vt 0.348252 0.630367
vt 0.331588 0.630367
vt 0.331588 0.593350
vt 0.348252 0.593350
vt 0.314923 0.630367
vt 0.314923 0.593350
vt 0.331588 0.556323
vt 0.348252 0.556323
vt 0.314923 0.556323
vt 0.364917 0.662831
vt 0.348252 0.662831
vt 0.364917 0.630367
vt 0.331588 0.662831
vt 0.314923 0.662831
vt 0.364917 0.556323
vt 0.364917 0.593350
vt 0.414911 0.630367
vt 0.398246 0.630367
vt 0.398246 0.593350
vt 0.414911 0.593350
vt 0.381581 0.630367
vt 0.381582 0.593350
vt 0.398246 0.556323
vt 0.414911 0.556323
vt 0.381581 0.556323
vt 0.431575 0.662831
vt 0.414911 0.662831
vt 0.431575 0.630367
vt 0.398246 0.662831
vt 0.381582 0.662831
vt 0.431575 0.556323
vt 0.431575 0.593350
vt 0.481569 0.630367
vt 0.464905 0.630367
vt 0.464905 0.593350
vt 0.481569 0.593350
vt 0.448240 0.630367
vt 0.448240 0.593350
vt 0.464905 0.556323
vt 0.481569 0.556323
vt 0.448240 0.556323
vt 0.498234 0.662831
vt 0.481569 0.662831
vt 0.498234 0.630367
vt 0.464905 0.662831
vt 0.448240 0.662831
vt 0.498234 0.556323
vt 0.498234 0.593350
vt 0.548236 0.630367
vt 0.531565 0.630367
vt 0.531566 0.593350
vt 0.548236 0.593350
vt 0.514899 0.630367
vt 0.514899 0.593350
vt 0.531565 0.556323
vt 0.548236 0.556323
vt 0.514899 0.556323
vt 0.564911 0.662831
vt 0.548236 0.662831
vt 0.564911 0.630367
vt 0.531565 0.662831
vt 0.514899 0.662831
vt 0.564911 0.556323
vt 0.564911 0.593350
vt 0.615266 0.630367
vt 0.598368 0.630367
vt 0.598368 0.593350
vt 0.615266 0.593350
vt 0.581604 0.630367
vt 0.581604 0.593350
vt 0.598368 0.556323
vt 0.615266 0.556323
vt 0.581604 0.556323
vt 0.632361 0.662831
vt 0.615266 0.662831
vt 0.632361 0.630367
vt 0.598368 0.662831
vt 0.581604 0.662831
vt 0.632361 0.556323
vt 0.632361 0.593350
vt 0.684888 0.634963
vt 0.667227 0.631757
vt 0.667227 0.593351
vt 0.684888 0.593353
vt 0.649696 0.630541
vt 0.649696 0.593350
vt 0.667227 0.554936
vt 0.684888 0.551737
vt 0.649696 0.556150
vt 0.702615 0.687091
vt 0.684888 0.670159
vt 0.702615 0.640223
vt 0.667227 0.664853
vt 0.649696 0.663083
vt 0.632361 0.662831
vt 0.632361 0.630367
vt 0.632361 0.593350
vt 0.632361 0.556323
vt 0.702615 0.546489
vt 0.702615 0.593356
vt -0.185053 0.630541
vt -0.201740 0.631757
vt -0.201740 0.593351
vt -0.185053 0.593350
vt -0.218431 0.634963
vt -0.218431 0.593353
vt -0.201740 0.554936
vt -0.185052 0.556150
vt -0.218431 0.551737
vt -0.168370 0.662831
vt -0.185053 0.663084
vt -0.168370 0.630367
vt -0.201740 0.664852
vt -0.218431 0.670159
vt -0.235124 0.687091
vt -0.235124 0.640223
vt -0.235124 0.593356
vt -0.235124 0.546489
vt -0.168370 0.556323
vt -0.168370 0.593350
vt -0.118358 0.630367
vt -0.135024 0.630367
vt -0.135024 0.593350
vt -0.118358 0.593350
vt -0.151695 0.630367
vt -0.151695 0.593350
vt -0.135024 0.556323
vt -0.118358 0.556323
vt -0.151695 0.556323
vt -0.101693 0.662831
vt -0.118358 0.662831
vt -0.101693 0.630367
vt -0.135024 0.662831
vt -0.151695 0.662831
vt -0.168370 0.662831
vt -0.168370 0.630367
vt -0.168370 0.556323
vt -0.101693 0.556323
vt -0.101693 0.593350
vt -0.051699 0.630367
vt -0.068364 0.630367
vt -0.068364 0.593350
vt -0.051699 0.593350
vt -0.085028 0.630367
vt -0.085028 0.593350
vt -0.068364 0.556323
vt -0.051699 0.556323
vt -0.085028 0.556323
vt -0.051699 0.662831
vt -0.068364 0.662831
vt -0.085028 0.662831
vt -0.051699 0.719368
vt -0.068364 0.719368
vt -0.068364 0.705376
vt -0.051699 0.705376
vt -0.085028 0.719367
vt -0.085028 0.705376
vt -0.068364 0.687379
vt -0.051699 0.687379
vt -0.085028 0.687379
vt -0.035034 0.731900
vt -0.051699 0.731900
vt -0.035034 0.719367
vt -0.068364 0.731900
vt -0.085028 0.731900
vt -0.101693 0.731900
vt -0.101693 0.719367
vt -0.101693 0.705376
vt -0.101693 0.687379
vt -0.035034 0.687379
vt -0.035034 0.705376
vt -0.118358 0.719368
vt -0.135024 0.719368
vt -0.135024 0.705376
vt -0.118358 0.705376
vt -0.151695 0.719367
vt -0.151695 0.705376
vt -0.135024 0.687379
vt -0.118358 0.687379
vt -0.151695 0.687379
vt -0.118358 0.731900
vt -0.135024 0.731900
vt -0.151695 0.731900
vt -0.168370 0.731900
vt -0.168370 0.719367
vt -0.168370 0.705376
vt -0.168370 0.687379
vt -0.185053 0.719354
vt -0.201740 0.719257
vt -0.201740 0.705821
vt -0.185053 0.705432
vt -0.218431 0.718992
vt -0.218431 0.706767
vt -0.201740 0.688825
vt -0.185053 0.687560
vt -0.218431 0.692149
vt -0.168370 0.731900
vt -0.185053 0.731870
vt -0.168370 0.719368
vt -0.201740 0.731658
vt -0.218431 0.731024
vt -0.235124 0.729002
vt -0.235124 0.718524
vt -0.235124 0.708046
vt -0.235124 0.697568
vt -0.168370 0.687379
vt -0.168370 0.705376
vt 0.684888 0.718992
vt 0.667227 0.719257
vt 0.667227 0.705821
vt 0.684888 0.706767
vt 0.649696 0.719354
vt 0.649696 0.705432
vt 0.667227 0.688825
vt 0.684888 0.692149
vt 0.649696 0.687560
vt 0.702615 0.729002
vt 0.684888 0.731024
vt 0.702615 0.718524
vt 0.667227 0.731658
vt 0.649696 0.731870
vt 0.632361 0.731900
vt 0.632361 0.719368
vt 0.632361 0.705376
vt 0.632361 0.687379
vt 0.702615 0.697568
vt 0.702615 0.708046
vt 0.615266 0.719368
vt 0.598368 0.719368
vt 0.598368 0.705376
vt 0.615266 0.705376
vt 0.581604 0.719367
vt 0.581604 0.705376
vt 0.598368 0.687379
vt 0.615266 0.687379
vt 0.581604 0.687379
vt 0.632361 0.731900
vt 0.615266 0.731900
vt 0.632361 0.719367
vt 0.598368 0.731900
vt 0.581604 0.731900
vt 0.564911 0.731900
vt 0.564911 0.719367
vt 0.564911 0.705376
vt 0.564911 0.687379
vt 0.632361 0.687379
vt 0.632361 0.705376
vt 0.548236 0.719368
vt 0.531565 0.719368
vt 0.531566 0.705376
vt 0.548236 0.705376
vt 0.514899 0.719367
vt 0.514899 0.705376
vt 0.531565 0.687379
vt 0.548236 0.687379
vt 0.514899 0.687379
vt 0.548236 0.731900
vt 0.531565 0.731900
vt 0.514899 0.731900
vt 0.498234 0.731900
vt 0.498234 0.719367
vt 0.498234 0.705376
vt 0.498234 0.687379
vt 0.481569 0.719368
vt 0.464905 0.719368
vt 0.464905 0.705376
vt 0.481569 0.705376
vt 0.448240 0.719367
vt 0.448240 0.705376
vt 0.464905 0.687379
vt 0.481569 0.687379
vt 0.448240 0.687379
vt 0.481569 0.731900
vt 0.464905 0.731900
vt 0.448240 0.731900
vt 0.431575 0.731900
vt 0.431575 0.719367
vt 0.431575 0.705376
vt 0.431575 0.687379
vt 0.414911 0.719368
vt 0.398246 0.719368
vt 0.398246 0.705376
vt 0.414911 0.705376
vt 0.381581 0.719367
vt 0.381582 0.705376
vt 0.398246 0.687379
vt 0.414911 0.687379
vt 0.381581 0.687379
vt 0.414911 0.731900
vt 0.398246 0.731900
vt 0.381582 0.731900
vt 0.364917 0.731900
vt 0.364917 0.719367
vt 0.364917 0.705376
vt 0.364917 0.687379
vt 0.348252 0.719368
vt 0.331588 0.719368
vt 0.331588 0.705376
vt 0.348252 0.705376
vt 0.314923 0.719367
vt 0.314923 0.705376
vt 0.331588 0.687379
vt 0.348252 0.687379
vt 0.314923 0.687379
vt 0.348252 0.731900
vt 0.331588 0.731900
vt 0.314923 0.731900
vt 0.298258 0.731900
vt 0.298258 0.719367
vt 0.298258 0.705376
vt 0.298258 0.687379
vt 0.281594 0.719368
vt 0.264929 0.719368
vt 0.264929 0.705376
vt 0.281594 0.705376
vt 0.248265 0.719367
vt 0.248264 0.705376
vt 0.264929 0.687379
vt 0.281594 0.687379
vt 0.248265 0.687379
vt 0.281594 0.731900
vt 0.264929 0.731900
vt 0.248264 0.731900
vt 0.231600 0.731900
vt 0.231600 0.719367
vt 0.231600 0.705376
vt 0.231600 0.687379
vt 0.214935 0.719368
vt 0.198271 0.719368
vt 0.198271 0.705376
vt 0.214935 0.705376
vt 0.181606 0.719367
vt 0.181606 0.705376
vt 0.198271 0.687379
vt 0.214935 0.687379
vt 0.181606 0.687379
vt 0.214935 0.731900
vt 0.198271 0.731900
vt 0.181606 0.731900
vt 0.164941 0.731900
vt 0.164941 0.719367
vt 0.164941 0.705376
vt 0.164941 0.687379
vt 0.148277 0.719368
vt 0.131612 0.719368
vt 0.131612 0.705376
vt 0.148277 0.705376
vt 0.114947 0.719367
vt 0.114947 0.705376
vt 0.131612 0.687379
vt 0.148277 0.687379
vt 0.114947 0.687379
vt 0.148277 0.731900
vt 0.131612 0.731900
vt 0.114947 0.731900
vt 0.098283 0.731900
vt 0.098283 0.719367
vt 0.098283 0.705376
vt 0.098283 0.687379
vt 0.081618 0.719368
vt 0.064954 0.719368
vt 0.064954 0.705376
vt 0.081618 0.705376
vt 0.048289 0.719367
vt 0.048289 0.705376
vt 0.064954 0.687379
vt 0.081618 0.687379
vt 0.048289 0.687379
vt 0.081618 0.731900
vt 0.064954 0.731900
vt 0.048289 0.731900
vt 0.031624 0.731900
vt 0.031624 0.719367
vt 0.031624 0.705376
vt 0.031624 0.687379
vt 0.014960 0.719368
vt -0.001705 0.719368
vt -0.001705 0.705376
vt 0.014960 0.705376
vt -0.018370 0.719367
vt -0.018370 0.705376
vt -0.001705 0.687379
vt 0.014960 0.687379
vt -0.018370 0.687379
vt 0.014960 0.731900
vt -0.001705 0.731900
vt -0.018370 0.731900
vt -0.085028 0.769941
vt -0.085028 0.757953
vt -0.068364 0.757953
vt -0.068364 0.769941
vt -0.085028 0.744917
vt -0.068364 0.744917
vt -0.051699 0.757953
vt -0.051699 0.769941
vt -0.051699 0.744917
vt -0.101693 0.779813
vt -0.101693 0.769941
vt -0.085028 0.779813
vt -0.101693 0.757953
vt -0.101693 0.744917
vt -0.101693 0.731900
vt -0.085028 0.731900
vt -0.068364 0.731900
vt -0.051699 0.731900
vt -0.035034 0.731900
vt -0.035034 0.744917
vt -0.035034 0.757953
vt -0.035034 0.769941
vt -0.051699 0.779813
vt -0.035034 0.779813
vt -0.068364 0.779813
vt -0.151695 0.769941
vt -0.151695 0.757953
vt -0.135024 0.757953
vt -0.135024 0.769941
vt -0.151695 0.744917
vt -0.135024 0.744917
vt -0.118358 0.757953
vt -0.118358 0.769941
vt -0.118358 0.744917
vt -0.168370 0.779813
vt -0.168370 0.769941
vt -0.151695 0.779813
vt -0.168370 0.757953
vt -0.168370 0.744917
vt -0.168370 0.731900
vt -0.135024 0.731900
vt -0.118358 0.731900
vt -0.118358 0.779813
vt -0.135024 0.779813
vt -0.218431 0.771595
vt -0.218431 0.758317
vt -0.201740 0.758070
vt -0.201740 0.770442
vt -0.218431 0.744413
vt -0.201740 0.744765
vt -0.185053 0.757968
vt -0.185053 0.770004
vt -0.185053 0.744898
vt -0.235124 0.788302
vt -0.235124 0.773477
vt -0.218431 0.782378
vt -0.235124 0.758652
vt -0.235124 0.743827
vt -0.218431 0.731025
vt -0.185053 0.731870
vt -0.168370 0.744917
vt -0.168370 0.757953
vt -0.168370 0.769941
vt -0.185053 0.779902
vt -0.168370 0.779813
vt -0.201740 0.780521
vt 0.649696 0.770004
vt 0.649696 0.757968
vt 0.667227 0.758070
vt 0.667227 0.770442
vt 0.649696 0.744898
vt 0.667227 0.744765
vt 0.684888 0.758317
vt 0.684888 0.771595
vt 0.684888 0.744413
vt 0.632361 0.779813
vt 0.632361 0.769941
vt 0.649696 0.779902
vt 0.632361 0.757953
vt 0.632361 0.744917
vt 0.649696 0.731870
vt 0.667227 0.731658
vt 0.684888 0.731024
vt 0.702615 0.743827
vt 0.702615 0.758652
vt 0.702615 0.773477
vt 0.684888 0.782378
vt 0.702615 0.788302
vt 0.667227 0.780521
vt 0.581604 0.769941
vt 0.581604 0.757953
vt 0.598368 0.757953
vt 0.598368 0.769941
vt 0.581604 0.744917
vt 0.598368 0.744917
vt 0.615266 0.757953
vt 0.615266 0.769941
vt 0.615266 0.744917
vt 0.564911 0.779813
vt 0.564911 0.769941
vt 0.581604 0.779813
vt 0.564911 0.757953
vt 0.564911 0.744917
vt 0.564911 0.731900
vt 0.615266 0.731900
vt 0.632361 0.731900
vt 0.632361 0.744917
vt 0.632361 0.769941
vt 0.615266 0.779813
vt 0.632361 0.779813
vt 0.598368 0.779813
vt 0.514899 0.769941
vt 0.514899 0.757953
vt 0.531566 0.757953
vt 0.531565 0.769941
vt 0.514899 0.744917
vt 0.531565 0.744917
vt 0.548236 0.757953
vt 0.548236 0.769941
vt 0.548236 0.744917
vt 0.498234 0.779813
vt 0.498234 0.769941
vt 0.514899 0.779813
vt 0.498234 0.757953
vt 0.498234 0.744917
vt 0.498234 0.731900
vt 0.514899 0.731900
vt 0.531565 0.731900
vt 0.548236 0.731900
vt 0.548236 0.779813
vt 0.531565 0.779813
vt 0.448240 0.769941
vt 0.448240 0.757953
vt 0.464905 0.757953
vt 0.464905 0.769941
vt 0.448240 0.744917
vt 0.464905 0.744917
vt 0.481569 0.757953
vt 0.481569 0.769941
vt 0.481569 0.744917
vt 0.431575 0.779813
vt 0.431575 0.769941
vt 0.448240 0.779813
vt 0.431575 0.757953
vt 0.431575 0.744917
vt 0.431575 0.731900
vt 0.481569 0.731900
vt 0.481569 0.779813
vt 0.464905 0.779813
vt 0.381581 0.769941
vt 0.381581 0.757953
vt 0.398246 0.757953
vt 0.398246 0.769941
vt 0.381581 0.744917
vt 0.398246 0.744917
vt 0.414911 0.757953
vt 0.414911 0.769941
vt 0.414911 0.744917
vt 0.364917 0.779813
vt 0.364917 0.769941
vt 0.381581 0.779813
vt 0.364917 0.757953
vt 0.364917 0.744917
vt 0.364917 0.731900
vt 0.381581 0.731900
vt 0.414911 0.731900
vt 0.414911 0.779813
vt 0.398246 0.779813
vt 0.314923 0.769941
vt 0.314923 0.757953
vt 0.331588 0.757953
vt 0.331588 0.769941
vt 0.314923 0.744917
vt 0.331588 0.744917
vt 0.348252 0.757953
vt 0.348252 0.769941
vt 0.348252 0.744917
vt 0.298258 0.779813
vt 0.298258 0.769941
vt 0.314923 0.779813
vt 0.298258 0.757953
vt 0.298258 0.744917
vt 0.298258 0.731900
vt 0.331588 0.731900
vt 0.348252 0.731900
vt 0.348252 0.779813
vt 0.331588 0.779813
vt 0.248264 0.769941
vt 0.248264 0.757953
vt 0.264929 0.757953
vt 0.264929 0.769941
vt 0.248264 0.744917
vt 0.264929 0.744917
vt 0.281594 0.757953
vt 0.281594 0.769941
vt 0.281594 0.744917
vt 0.231600 0.779813
vt 0.231600 0.769941
vt 0.248264 0.779813
vt 0.231600 0.757953
vt 0.231600 0.744917
vt 0.231600 0.731900
vt 0.264929 0.731900
vt 0.281594 0.731900
vt 0.281594 0.779813
vt 0.264929 0.779813
vt 0.181606 0.769941
vt 0.181606 0.757953
vt 0.198271 0.757953
vt 0.198271 0.769941
vt 0.181606 0.744917
vt 0.198271 0.744917
vt 0.214935 0.757953
vt 0.214935 0.769941
vt 0.214935 0.744917
vt 0.164941 0.779813
vt 0.164941 0.769941
vt 0.181606 0.779813
vt 0.164941 0.757953
vt 0.164941 0.744917
vt 0.164941 0.731900
vt 0.181606 0.731900
vt 0.198271 0.731900
vt 0.214935 0.731900
vt 0.214935 0.779813
vt 0.198271 0.779813
vt 0.114947 0.769941
vt 0.114947 0.757953
vt 0.131612 0.757953
vt 0.131612 0.769941
vt 0.114947 0.744917
vt 0.131612 0.744917
vt 0.148277 0.757953
vt 0.148277 0.769941
vt 0.148277 0.744917
vt 0.098283 0.779813
vt 0.098283 0.769941
vt 0.114947 0.779813
vt 0.098283 0.757953
vt 0.098283 0.744917
vt 0.098283 0.731900
vt 0.114947 0.731900
vt 0.131612 0.731900
vt 0.148277 0.731900
vt 0.148277 0.779813
vt 0.131612 0.779813
vt 0.048289 0.769941
vt 0.048289 0.757953
vt 0.064954 0.757953
vt 0.064954 0.769941
vt 0.048289 0.744917
vt 0.064954 0.744917
vt 0.081618 0.757953
vt 0.081618 0.769941
vt 0.081618 0.744917
vt 0.031624 0.779813
vt 0.031624 0.769941
vt 0.048289 0.779813
vt 0.031624 0.757953
vt 0.031624 0.744917
vt 0.031624 0.731900
vt 0.064954 0.731900
vt 0.081618 0.731900
vt 0.081618 0.779813
vt 0.064954 0.779813
vt -0.018370 0.769941
vt -0.018370 0.757953
vt -0.001705 0.757953
vt -0.001705 0.769941
vt -0.018370 0.744917
vt -0.001705 0.744917
vt 0.014960 0.757953
vt 0.014960 0.769941
vt 0.014960 0.744917
vt -0.018370 0.779813
vt -0.001705 0.731900
vt 0.014960 0.731900
vt 0.014960 0.779813
vt -0.001705 0.779813
vt 0.944413 0.680157
vt 0.924887 0.691255
vt 0.863486 0.661686
vt 0.931636 0.661686
vt 0.928384 0.713441
vt 0.905977 0.714968
vt 0.924887 0.691255
vt 0.899502 0.736474
vt 0.878651 0.728127
vt 0.863486 0.744694
vt 0.848321 0.728127
vt 0.878651 0.728127
vt 0.827470 0.736474
vt 0.820995 0.714968
vt 0.848321 0.728127
vt 0.798587 0.713441
vt 0.802085 0.691255
vt 0.782559 0.680157
vt 0.795336 0.661686
vt 0.782559 0.643215
vt 0.802085 0.632117
vt 0.798588 0.609931
vt 0.820995 0.608404
vt 0.827470 0.586898
vt 0.848321 0.595245
vt 0.863486 0.578678
vt 0.878651 0.595245
vt 0.848321 0.595244
vt 0.899502 0.586898
vt 0.905977 0.608404
vt 0.878651 0.595245
vt 0.928384 0.609931
vt 0.924887 0.632117
vt 0.944413 0.643215
vt 0.931636 0.661686
vt 0.924887 0.632117
vt 0.971528 0.686346
vt 0.966179 0.697455
vt 0.971528 0.674016
vt 0.960829 0.708564
vt 0.971528 0.661686
vt 0.950129 0.730782
vt 0.940489 0.738469
vt 0.955479 0.719673
vt 0.930849 0.746157
vt 0.960829 0.708564
vt 0.911569 0.761532
vt 0.899549 0.764276
vt 0.921209 0.753844
vt 0.887528 0.767020
vt 0.930849 0.746157
vt 0.863486 0.772507
vt 0.851465 0.769763
vt 0.875507 0.769763
vt 0.839444 0.767020
vt 0.815403 0.761532
vt 0.805763 0.753844
vt 0.827423 0.764276
vt 0.796123 0.746157
vt 0.776843 0.730782
vt 0.771493 0.719673
vt 0.786483 0.738469
vt 0.766143 0.708564
vt 0.796122 0.746157
vt 0.755444 0.686346
vt 0.755444 0.674016
vt 0.760793 0.697455
vt 0.755444 0.661686
vt 0.766143 0.708564
vt 0.755444 0.637026
vt 0.760793 0.625917
vt 0.755444 0.649356
vt 0.766143 0.614808
vt 0.776843 0.592590
vt 0.786483 0.584903
vt 0.771493 0.603699
vt 0.796123 0.577215
vt 0.815403 0.561840
vt 0.827423 0.559096
vt 0.805763 0.569527
vt 0.839444 0.556352
vt 0.796123 0.577215
vt 0.863486 0.550865
vt 0.875507 0.553609
vt 0.851465 0.553609
vt 0.887528 0.556352
vt 0.839444 0.556352
vt 0.911569 0.561840
vt 0.921209 0.569527
vt 0.899549 0.559096
vt 0.930849 0.577215
vt 0.950129 0.592590
vt 0.955479 0.603699
vt 0.940489 0.584903
vt 0.960829 0.614808
vt 0.930849 0.577215
vt 0.971528 0.637026
vt 0.971528 0.649356
vt 0.966179 0.625917
vt 0.214935 0.808357
vt 0.214935 0.810178
vt 0.198271 0.810178
vt 0.198271 0.808357
vt 0.214935 0.811882
vt 0.198271 0.811882
vt 0.181606 0.810178
vt 0.181606 0.808357
vt 0.181606 0.811882
vt 0.231600 0.806358
vt 0.231600 0.808357
vt 0.214935 0.806358
vt 0.231600 0.810178
vt 0.231600 0.811882
vt 0.231600 0.813527
vt 0.214935 0.813527
vt 0.198271 0.813527
vt 0.181606 0.813527
vt 0.164941 0.813527
vt 0.164941 0.811882
vt 0.164941 0.810178
vt 0.164941 0.808357
vt 0.181606 0.806358
vt 0.164941 0.806358
vt 0.198271 0.806358
vt 0.684888 0.808481
vt 0.684886 0.810219
vt 0.667212 0.810191
vt 0.667225 0.808394
vt 0.684883 0.811887
vt 0.667182 0.811884
vt 0.649654 0.810180
vt 0.649691 0.808361
vt 0.649559 0.811882
vt 0.702615 0.806987
vt 0.702615 0.808622
vt 0.684888 0.806548
vt 0.702615 0.810257
vt 0.702615 0.811892
vt 0.702615 0.813527
vt 0.684877 0.813527
vt 0.667140 0.813527
vt 0.649402 0.813527
vt 0.631665 0.813527
vt 0.632151 0.811882
vt 0.632303 0.810178
vt 0.632354 0.808357
vt 0.649696 0.806364
vt 0.632361 0.806358
vt 0.667227 0.806410
vt 0.148277 0.808357
vt 0.148277 0.810178
vt 0.131612 0.810178
vt 0.131612 0.808357
vt 0.148277 0.811882
vt 0.131612 0.811882
vt 0.114947 0.810178
vt 0.114947 0.808357
vt 0.114947 0.811882
vt 0.148277 0.806358
vt 0.148277 0.813527
vt 0.131612 0.813527
vt 0.114947 0.813527
vt 0.098283 0.813527
vt 0.098283 0.811882
vt 0.098283 0.810178
vt 0.098283 0.808357
vt 0.114947 0.806358
vt 0.098283 0.806358
vt 0.131612 0.806358
vt 0.615261 0.808357
vt 0.615224 0.810178
vt 0.598353 0.810178
vt 0.598366 0.808357
vt 0.615128 0.811882
vt 0.598321 0.811882
vt 0.581601 0.810178
vt 0.581604 0.808357
vt 0.581595 0.811882
vt 0.615266 0.806358
vt 0.614972 0.813527
vt 0.598279 0.813527
vt 0.581585 0.813527
vt 0.564892 0.813527
vt 0.564906 0.811882
vt 0.564910 0.810178
vt 0.564911 0.808357
vt 0.581604 0.806358
vt 0.564911 0.806358
vt 0.598368 0.806358
vt 0.081618 0.808357
vt 0.081618 0.810178
vt 0.064954 0.810178
vt 0.064954 0.808357
vt 0.081618 0.811882
vt 0.064954 0.811882
vt 0.048289 0.810178
vt 0.048289 0.808357
vt 0.048289 0.811882
vt 0.081618 0.806358
vt 0.081618 0.813527
vt 0.064954 0.813527
vt 0.048289 0.813527
vt 0.031624 0.813527
vt 0.031624 0.811882
vt 0.031624 0.810178
vt 0.031624 0.808357
vt 0.048289 0.806358
vt 0.031624 0.806358
vt 0.064954 0.806358
vt 0.548236 0.808357
vt 0.548235 0.810178
vt 0.531565 0.810178
vt 0.531565 0.808357
vt 0.548232 0.811882
vt 0.531564 0.811882
vt 0.514899 0.810178
vt 0.514899 0.808357
vt 0.514899 0.811882
vt 0.548236 0.806358
vt 0.548228 0.813527
vt 0.531563 0.813527
vt 0.514898 0.813527
vt 0.498234 0.813527
vt 0.498234 0.811882
vt 0.498234 0.810178
vt 0.498234 0.808357
vt 0.514899 0.806358
vt 0.498234 0.806358
vt 0.531565 0.806358
vt 0.014960 0.808357
vt 0.014960 0.810178
vt -0.001705 0.810178
vt -0.001705 0.808357
vt 0.014960 0.811882
vt -0.001705 0.811882
vt -0.018370 0.810178
vt -0.018370 0.808357
vt -0.018370 0.811882
vt 0.014960 0.806358
vt 0.014960 0.813527
vt -0.001705 0.813527
vt -0.018370 0.813527
vt -0.035034 0.813527
vt -0.035034 0.811882
vt -0.035034 0.810178
vt -0.035034 0.808357
vt -0.018370 0.806358
vt -0.035034 0.806358
vt -0.001705 0.806358
vt 0.481569 0.808357
vt 0.481569 0.810178
vt 0.464905 0.810178
vt 0.464905 0.808357
vt 0.481569 0.811882
vt 0.464905 0.811882
vt 0.448240 0.810178
vt 0.448240 0.808357
vt 0.448240 0.811882
vt 0.481569 0.806358
vt 0.481569 0.813527
vt 0.464905 0.813527
vt 0.448240 0.813527
vt 0.431575 0.813527
vt 0.431575 0.811882
vt 0.431575 0.810178
vt 0.431575 0.808357
vt 0.448240 0.806358
vt 0.431575 0.806358
vt 0.464905 0.806358
vt 0.414911 0.808357
vt 0.414911 0.810178
vt 0.398246 0.810178
vt 0.398246 0.808357
vt 0.414911 0.811882
vt 0.398246 0.811882
vt 0.381581 0.810178
vt 0.381581 0.808357
vt 0.381582 0.811882
vt 0.414911 0.806358
vt 0.414911 0.813527
vt 0.398246 0.813527
vt 0.381582 0.813527
vt 0.364917 0.813527
vt 0.364917 0.811882
vt 0.364917 0.810178
vt 0.364917 0.808357
vt 0.381582 0.806358
vt 0.364917 0.806358
vt 0.398246 0.806358
vt -0.051699 0.808357
vt -0.051699 0.810178
vt -0.068364 0.810178
vt -0.068364 0.808357
vt -0.051699 0.811882
vt -0.068364 0.811882
vt -0.085028 0.810178
vt -0.085028 0.808357
vt -0.085028 0.811882
vt -0.051699 0.806358
vt -0.051699 0.813527
vt -0.068364 0.813527
vt -0.085028 0.813527
vt -0.101693 0.813527
vt -0.101693 0.811882
vt -0.101693 0.810178
vt -0.101693 0.808357
vt -0.085028 0.806358
vt -0.101693 0.806358
vt -0.068364 0.806358
vt 0.348252 0.808357
vt 0.348252 0.810178
vt 0.331588 0.810178
vt 0.331588 0.808357
vt 0.348252 0.811882
vt 0.331588 0.811882
vt 0.314923 0.810178
vt 0.314923 0.808357
vt 0.314923 0.811882
vt 0.348252 0.806358
vt 0.348252 0.813527
vt 0.331588 0.813527
vt 0.314923 0.813527
vt 0.298258 0.813527
vt 0.298258 0.811882
vt 0.298258 0.810178
vt 0.298258 0.808357
vt 0.314923 0.806358
vt 0.298258 0.806358
vt 0.331588 0.806358
vt -0.118358 0.808357
vt -0.118358 0.810178
vt -0.135024 0.810178
vt -0.135024 0.808357
vt -0.118358 0.811882
vt -0.135023 0.811882
vt -0.151694 0.810178
vt -0.151695 0.808357
vt -0.151691 0.811882
vt -0.118358 0.806358
vt -0.118357 0.813527
vt -0.135022 0.813527
vt -0.151687 0.813527
vt -0.151695 0.806358
vt -0.135024 0.806358
vt 0.281594 0.808357
vt 0.281594 0.810178
vt 0.264929 0.810178
vt 0.264929 0.808357
vt 0.281594 0.811882
vt 0.264929 0.811882
vt 0.248264 0.810178
vt 0.248264 0.808357
vt 0.248264 0.811882
vt 0.281594 0.806358
vt 0.281594 0.813527
vt 0.264929 0.813527
vt 0.248264 0.813527
vt 0.248264 0.806358
vt 0.264929 0.806358
vt 0.281594 0.799375
vt 0.281594 0.801790
vt 0.264929 0.801790
vt 0.264929 0.799375
vt 0.281594 0.804147
vt 0.264929 0.804147
vt 0.248264 0.801790
vt 0.248265 0.799375
vt 0.248265 0.804147
vt 0.298258 0.796994
vt 0.298258 0.799375
vt 0.281594 0.796994
vt 0.298258 0.801790
vt 0.298258 0.804147
vt 0.298258 0.806357
vt 0.281594 0.806357
vt 0.248264 0.806357
vt 0.231600 0.806357
vt 0.231600 0.804147
vt 0.231600 0.801790
vt 0.231600 0.799375
vt 0.248264 0.796994
vt 0.231600 0.796994
vt 0.264929 0.796994
vt -0.118358 0.799375
vt -0.118358 0.801790
vt -0.135024 0.801790
vt -0.135024 0.799375
vt -0.118358 0.804147
vt -0.135024 0.804147
vt -0.151695 0.801790
vt -0.151695 0.799375
vt -0.151695 0.804147
vt -0.101693 0.796994
vt -0.101693 0.799375
vt -0.118358 0.796994
vt -0.101693 0.801790
vt -0.101693 0.804147
vt -0.101693 0.806357
vt -0.118358 0.806357
vt -0.151695 0.806357
vt -0.168370 0.806357
vt -0.168370 0.804147
vt -0.168370 0.801790
vt -0.168370 0.799375
vt -0.151695 0.796994
vt -0.168370 0.796994
vt -0.135024 0.796994
vt 0.348252 0.799375
vt 0.348252 0.801790
vt 0.331588 0.801790
vt 0.331588 0.799375
vt 0.348252 0.804147
vt 0.331588 0.804147
vt 0.314923 0.801790
vt 0.314923 0.799375
vt 0.314923 0.804147
vt 0.364917 0.796994
vt 0.364917 0.799375
vt 0.348252 0.796994
vt 0.364917 0.801790
vt 0.364917 0.804147
vt 0.364917 0.806357
vt 0.348252 0.806357
vt 0.331588 0.806358
vt 0.314923 0.806357
vt 0.314923 0.796994
vt 0.331588 0.796994
vt -0.051699 0.799375
vt -0.051699 0.801790
vt -0.068364 0.801790
vt -0.068364 0.799375
vt -0.051699 0.804147
vt -0.068364 0.804147
vt -0.085028 0.801790
vt -0.085028 0.799375
vt -0.085028 0.804147
vt -0.035034 0.796994
vt -0.035034 0.799375
vt -0.051699 0.796994
vt -0.035034 0.801790
vt -0.035034 0.804147
vt -0.035034 0.806357
vt -0.051699 0.806357
vt -0.085028 0.806357
vt -0.085028 0.796994
vt -0.068364 0.796994
vt 0.414911 0.799375
vt 0.414911 0.801790
vt 0.398246 0.801790
vt 0.398246 0.799375
vt 0.414911 0.804147
vt 0.398246 0.804147
vt 0.381582 0.801790
vt 0.381581 0.799375
vt 0.381581 0.804147
vt 0.431575 0.796994
vt 0.431575 0.799375
vt 0.414911 0.796994
vt 0.431575 0.801790
vt 0.431575 0.804147
vt 0.431575 0.806357
vt 0.414911 0.806357
vt 0.398246 0.806358
vt 0.381582 0.806357
vt 0.381582 0.796994
vt 0.398246 0.796994
vt 0.481569 0.799375
vt 0.481569 0.801790
vt 0.464904 0.801790
vt 0.464905 0.799375
vt 0.481569 0.804147
vt 0.464905 0.804147
vt 0.448240 0.801790
vt 0.448240 0.799375
vt 0.448240 0.804147
vt 0.498234 0.796994
vt 0.498234 0.799375
vt 0.481569 0.796994
vt 0.498234 0.801790
vt 0.498234 0.804147
vt 0.498234 0.806357
vt 0.481569 0.806357
vt 0.464905 0.806358
vt 0.448240 0.806357
vt 0.448240 0.796994
vt 0.464905 0.796994
vt 0.014960 0.799375
vt 0.014960 0.801790
vt -0.001705 0.801790
vt -0.001705 0.799375
vt 0.014960 0.804147
vt -0.001705 0.804147
vt -0.018370 0.801790
vt -0.018370 0.799375
vt -0.018370 0.804147
vt 0.031624 0.796994
vt 0.031624 0.799375
vt 0.014960 0.796994
vt 0.031624 0.801790
vt 0.031624 0.804147
vt 0.031624 0.806357
vt 0.014960 0.806357
vt -0.001705 0.806358
vt -0.018370 0.806357
vt -0.018370 0.796994
vt -0.001705 0.796994
vt 0.548236 0.799375
vt 0.548236 0.801790
vt 0.531566 0.801790
vt 0.531565 0.799375
vt 0.548236 0.804147
vt 0.531565 0.804147
vt 0.514899 0.801790
vt 0.514899 0.799375
vt 0.514899 0.804147
vt 0.564911 0.796994
vt 0.564911 0.799375
vt 0.548236 0.796994
vt 0.564911 0.801790
vt 0.564911 0.804147
vt 0.564911 0.806357
vt 0.548236 0.806357
vt 0.531565 0.806358
vt 0.514899 0.806357
vt 0.514899 0.796994
vt 0.531565 0.796994
vt 0.081618 0.799375
vt 0.081618 0.801790
vt 0.064954 0.801790
vt 0.064954 0.799375
vt 0.081618 0.804147
vt 0.064954 0.804147
vt 0.048289 0.801790
vt 0.048289 0.799375
vt 0.048289 0.804147
vt 0.098283 0.796994
vt 0.098283 0.799375
vt 0.081618 0.796994
vt 0.098283 0.801790
vt 0.098283 0.804147
vt 0.098283 0.806357
vt 0.081618 0.806357
vt 0.064954 0.806358
vt 0.048289 0.806357
vt 0.048289 0.796994
vt 0.064954 0.796994
vt 0.615266 0.799375
vt 0.615266 0.801790
vt 0.598368 0.801790
vt 0.598368 0.799375
vt 0.615266 0.804147
vt 0.598368 0.804147
vt 0.581604 0.801790
vt 0.581604 0.799375
vt 0.581604 0.804147
vt 0.632361 0.796994
vt 0.632361 0.799375
vt 0.615266 0.796994
vt 0.632361 0.801790
vt 0.632361 0.804147
vt 0.632361 0.806357
vt 0.615266 0.806357
vt 0.598368 0.806358
vt 0.581604 0.806357
vt 0.581604 0.796994
vt 0.598368 0.796994
vt 0.148277 0.799375
vt 0.148277 0.801790
vt 0.131612 0.801790
vt 0.131612 0.799375
vt 0.148277 0.804147
vt 0.131612 0.804147
vt 0.114947 0.801790
vt 0.114947 0.799375
vt 0.114947 0.804147
vt 0.164941 0.796994
vt 0.164941 0.799375
vt 0.148277 0.796994
vt 0.164941 0.801790
vt 0.164941 0.804147
vt 0.164941 0.806357
vt 0.148277 0.806357
vt 0.131612 0.806358
vt 0.114947 0.806357
vt 0.114947 0.796994
vt 0.131612 0.796994
vt 0.684888 0.799316
vt 0.684888 0.801809
vt 0.667227 0.801796
vt 0.667227 0.799358
vt 0.684888 0.804269
vt 0.667227 0.804184
vt 0.649696 0.801791
vt 0.649696 0.799373
vt 0.649696 0.804152
vt 0.702615 0.796668
vt 0.702615 0.799248
vt 0.684888 0.796895
vt 0.702615 0.801828
vt 0.702615 0.804408
vt 0.632361 0.804147
vt 0.632361 0.799376
vt 0.649696 0.796990
vt 0.632361 0.796994
vt 0.667227 0.796966
vt 0.214935 0.799375
vt 0.214935 0.801790
vt 0.198271 0.801790
vt 0.198271 0.799375
vt 0.214935 0.804147
vt 0.198271 0.804147
vt 0.181606 0.801790
vt 0.181606 0.799375
vt 0.181606 0.804147
vt 0.214935 0.796994
vt 0.214935 0.806357
vt 0.198271 0.806358
vt 0.181606 0.806357
vt 0.181606 0.796994
vt 0.198271 0.796994
vt -0.185052 0.799373
vt -0.185053 0.801790
vt -0.201740 0.801796
vt -0.201740 0.799358
vt -0.185052 0.804152
vt -0.201740 0.804184
vt -0.218431 0.801809
vt -0.218431 0.799316
vt -0.218431 0.804269
vt -0.168370 0.796994
vt -0.168370 0.799376
vt -0.185053 0.796990
vt -0.168370 0.801790
vt -0.168370 0.804147
vt -0.235124 0.804408
vt -0.235124 0.801828
vt -0.235124 0.799248
vt -0.218431 0.796895
vt -0.235124 0.796668
vt -0.201740 0.796966
vt -0.185052 0.786881
vt -0.185053 0.791486
vt -0.201740 0.791635
vt -0.201740 0.787325
vt -0.185052 0.794582
vt -0.201740 0.794584
vt -0.218431 0.791996
vt -0.218431 0.788492
vt -0.218431 0.794586
vt -0.168370 0.786818
vt -0.168370 0.791465
vt -0.168370 0.794581
vt -0.235124 0.794577
vt -0.235124 0.792485
vt -0.235124 0.790394
vt -0.218431 0.782378
vt -0.201740 0.780521
vt 0.214935 0.786817
vt 0.214935 0.791465
vt 0.198271 0.791465
vt 0.198271 0.786818
vt 0.214935 0.794581
vt 0.198271 0.794581
vt 0.181606 0.791465
vt 0.181606 0.786817
vt 0.181606 0.794581
vt 0.231600 0.779813
vt 0.231600 0.786817
vt 0.214935 0.779813
vt 0.231600 0.791465
vt 0.231600 0.794581
vt 0.164941 0.794581
vt 0.164941 0.791465
vt 0.164941 0.786817
vt 0.181606 0.779813
vt 0.164941 0.779813
vt 0.198271 0.779813
vt 0.684888 0.788492
vt 0.684888 0.791996
vt 0.667227 0.791635
vt 0.667227 0.787325
vt 0.684888 0.794586
vt 0.667227 0.794584
vt 0.649696 0.791486
vt 0.649696 0.786881
vt 0.649696 0.794582
vt 0.702615 0.790394
vt 0.684888 0.782378
vt 0.702615 0.792485
vt 0.702615 0.794577
vt 0.632361 0.794581
vt 0.632361 0.791465
vt 0.632361 0.786818
vt 0.649696 0.779902
vt 0.632361 0.779813
vt 0.667227 0.780521
vt 0.148277 0.786817
vt 0.148277 0.791465
vt 0.131612 0.791465
vt 0.131612 0.786818
vt 0.148277 0.794581
vt 0.131612 0.794581
vt 0.114947 0.791465
vt 0.114947 0.786817
vt 0.114947 0.794581
vt 0.148277 0.779813
vt 0.098283 0.794581
vt 0.098283 0.791465
vt 0.098283 0.786817
vt 0.114947 0.779813
vt 0.098283 0.779813
vt 0.131612 0.779813
vt 0.615266 0.786817
vt 0.615266 0.791465
vt 0.598368 0.791465
vt 0.598368 0.786818
vt 0.615266 0.794581
vt 0.598368 0.794581
vt 0.581604 0.791465
vt 0.581604 0.786817
vt 0.581604 0.794581
vt 0.632361 0.779813
vt 0.632361 0.786817
vt 0.615266 0.779813
vt 0.632361 0.791465
vt 0.632361 0.794581
vt 0.564911 0.794581
vt 0.564911 0.791465
vt 0.564911 0.786817
vt 0.581604 0.779813
vt 0.564911 0.779813
vt 0.598368 0.779813
vt 0.081618 0.786817
vt 0.081618 0.791465
vt 0.064954 0.791465
vt 0.064954 0.786818
vt 0.081618 0.794581
vt 0.064954 0.794581
vt 0.048289 0.791465
vt 0.048289 0.786817
vt 0.048289 0.794581
vt 0.081618 0.779813
vt 0.031624 0.794581
vt 0.031624 0.791465
vt 0.031624 0.786817
vt 0.031624 0.779813
vt 0.064954 0.779813
vt 0.548236 0.786817
vt 0.548236 0.791465
vt 0.531566 0.791465
vt 0.531565 0.786818
vt 0.548236 0.794581
vt 0.531565 0.794581
vt 0.514899 0.791465
vt 0.514899 0.786817
vt 0.514899 0.794581
vt 0.548236 0.779813
vt 0.498234 0.794581
vt 0.498234 0.791465
vt 0.498234 0.786817
vt 0.514899 0.779813
vt 0.498234 0.779813
vt 0.531565 0.779813
vt 0.014960 0.786817
vt 0.014960 0.791465
vt -0.001705 0.791465
vt -0.001705 0.786818
vt 0.014960 0.794581
vt -0.001705 0.794581
vt -0.018370 0.791465
vt -0.018370 0.786817
vt -0.018370 0.794581
vt 0.014960 0.779813
vt -0.035034 0.794581
vt -0.035034 0.791465
vt -0.035034 0.786817
vt -0.035034 0.779813
vt -0.001705 0.779813
vt 0.481569 0.786817
vt 0.481569 0.791465
vt 0.464904 0.791465
vt 0.464905 0.786818
vt 0.481569 0.794581
vt 0.464905 0.794581
vt 0.448240 0.791465
vt 0.448240 0.786817
vt 0.448240 0.794581
vt 0.481569 0.779813
vt 0.431575 0.794581
vt 0.431575 0.791465
vt 0.431575 0.786817
vt 0.431575 0.779813
vt 0.464905 0.779813
vt 0.414911 0.786817
vt 0.414911 0.791465
vt 0.398246 0.791465
vt 0.398246 0.786818
vt 0.414911 0.794581
vt 0.398246 0.794581
vt 0.381582 0.791465
vt 0.381581 0.786817
vt 0.381581 0.794581
vt 0.414911 0.779813
vt 0.364917 0.794581
vt 0.364917 0.791465
vt 0.364917 0.786817
vt 0.381582 0.779813
vt 0.364917 0.779813
vt 0.398246 0.779813
vt -0.051699 0.786817
vt -0.051699 0.791465
vt -0.068364 0.791465
vt -0.068364 0.786818
vt -0.051699 0.794581
vt -0.068364 0.794581
vt -0.085028 0.791465
vt -0.085028 0.786817
vt -0.085028 0.794581
vt -0.051699 0.779813
vt -0.101693 0.794581
vt -0.101693 0.791465
vt -0.101693 0.786817
vt -0.085028 0.779813
vt -0.101693 0.779813
vt -0.068364 0.779813
vt 0.348252 0.786817
vt 0.348252 0.791465
vt 0.331588 0.791465
vt 0.331588 0.786818
vt 0.348252 0.794581
vt 0.331588 0.794581
vt 0.314923 0.791465
vt 0.314923 0.786817
vt 0.314923 0.794581
vt 0.348252 0.779813
vt 0.298258 0.794581
vt 0.298258 0.791465
vt 0.298258 0.786817
vt 0.314923 0.779813
vt 0.298258 0.779813
vt 0.331588 0.779813
vt -0.118358 0.786817
vt -0.118358 0.791465
vt -0.135024 0.791465
vt -0.135024 0.786818
vt -0.118358 0.794581
vt -0.135024 0.794581
vt -0.151695 0.791465
vt -0.151695 0.786817
vt -0.151695 0.794581
vt -0.118358 0.779813
vt -0.168370 0.794581
vt -0.168370 0.791465
vt -0.168370 0.786817
vt -0.151695 0.779813
vt -0.168370 0.779813
vt -0.135024 0.779813
vt 0.281594 0.786817
vt 0.281594 0.791465
vt 0.264929 0.791465
vt 0.264929 0.786818
vt 0.281594 0.794581
vt 0.264929 0.794581
vt 0.248264 0.791465
vt 0.248265 0.786817
vt 0.248265 0.794581
vt 0.281594 0.779813
vt 0.248264 0.779813
vt 0.264929 0.779813
vt -0.085028 0.445637
vt -0.068364 0.445637
vt -0.068364 0.450869
vt -0.085028 0.450869
vt -0.051699 0.445637
vt -0.051699 0.450869
vt -0.068364 0.456109
vt -0.085028 0.456109
vt -0.051699 0.456109
vt -0.101693 0.439508
vt -0.085028 0.439508
vt -0.101693 0.445637
vt -0.068364 0.439508
vt -0.051699 0.439508
vt -0.035034 0.445637
vt -0.035034 0.450869
vt -0.035034 0.456109
vt -0.051699 0.462263
vt -0.085028 0.462263
vt -0.101693 0.456109
vt -0.101693 0.462263
vt -0.101693 0.450869
vt -0.151695 0.445637
vt -0.135024 0.445637
vt -0.135024 0.450869
vt -0.151695 0.450869
vt -0.118358 0.445637
vt -0.118358 0.450869
vt -0.135024 0.456109
vt -0.151695 0.456109
vt -0.118358 0.456109
vt -0.168370 0.439508
vt -0.151695 0.439508
vt -0.168370 0.445637
vt -0.135024 0.439508
vt -0.118358 0.462263
vt -0.135024 0.462263
vt -0.151695 0.462263
vt -0.168370 0.456109
vt -0.168370 0.462263
vt -0.168370 0.450869
vt -0.218431 0.446548
vt -0.201740 0.445913
vt -0.201740 0.450868
vt -0.218431 0.450866
vt -0.185053 0.445672
vt -0.185053 0.450869
vt -0.201740 0.455831
vt -0.218431 0.455189
vt -0.185053 0.456074
vt -0.218431 0.440961
vt -0.235124 0.447591
vt -0.201740 0.439908
vt -0.168370 0.445637
vt -0.168370 0.450869
vt -0.168370 0.456109
vt -0.185053 0.462212
vt -0.201740 0.461859
vt -0.218431 0.460797
vt -0.235124 0.454137
vt -0.235124 0.450864
vt 0.649696 0.445672
vt 0.667227 0.445913
vt 0.667227 0.450868
vt 0.649696 0.450869
vt 0.684888 0.446548
vt 0.684888 0.450866
vt 0.667227 0.455831
vt 0.649696 0.456074
vt 0.684888 0.455189
vt 0.632361 0.439508
vt 0.649696 0.439558
vt 0.632361 0.445637
vt 0.667227 0.439908
vt 0.702615 0.447591
vt 0.702615 0.450864
vt 0.702615 0.454137
vt 0.684888 0.460797
vt 0.667227 0.461859
vt 0.649696 0.462212
vt 0.632361 0.456109
vt 0.632361 0.462263
vt 0.632361 0.450869
vt 0.581604 0.445637
vt 0.598368 0.445637
vt 0.598368 0.450869
vt 0.581604 0.450869
vt 0.615266 0.445637
vt 0.615266 0.450869
vt 0.598368 0.456109
vt 0.581604 0.456109
vt 0.615266 0.456109
vt 0.564911 0.439508
vt 0.581604 0.439508
vt 0.564911 0.445637
vt 0.598368 0.439508
vt 0.632361 0.445637
vt 0.632361 0.450869
vt 0.632361 0.456109
vt 0.615266 0.462263
vt 0.598368 0.462263
vt 0.581604 0.462263
vt 0.564911 0.456109
vt 0.564911 0.450869
vt 0.514899 0.445637
vt 0.531565 0.445637
vt 0.531566 0.450869
vt 0.514899 0.450869
vt 0.548236 0.445637
vt 0.548236 0.450869
vt 0.531565 0.456109
vt 0.514899 0.456109
vt 0.548236 0.456109
vt 0.498234 0.439508
vt 0.514899 0.439508
vt 0.498234 0.445637
vt 0.531565 0.439508
vt 0.548236 0.439508
vt 0.548236 0.462263
vt 0.531565 0.462263
vt 0.514899 0.462263
vt 0.498234 0.456109
vt 0.498234 0.450869
vt 0.448240 0.445637
vt 0.464905 0.445637
vt 0.464905 0.450869
vt 0.448240 0.450869
vt 0.481569 0.445637
vt 0.481569 0.450869
vt 0.464905 0.456109
vt 0.448240 0.456109
vt 0.481569 0.456109
vt 0.448240 0.439508
vt 0.431575 0.445637
vt 0.464905 0.439508
vt 0.481569 0.439508
vt 0.448240 0.462263
vt 0.431575 0.456109
vt 0.431575 0.462263
vt 0.431575 0.450869
vt 0.381581 0.445637
vt 0.398246 0.445637
vt 0.398246 0.450869
vt 0.381582 0.450869
vt 0.414911 0.445637
vt 0.414911 0.450869
vt 0.398246 0.456109
vt 0.381581 0.456109
vt 0.414911 0.456109
vt 0.364917 0.439508
vt 0.381582 0.439508
vt 0.364917 0.445637
vt 0.398246 0.439508
vt 0.414911 0.439508
vt 0.414911 0.462263
vt 0.398246 0.462263
vt 0.381582 0.462263
vt 0.364917 0.456109
vt 0.364917 0.462263
vt 0.364917 0.450869
vt 0.314923 0.445637
vt 0.331588 0.445637
vt 0.331588 0.450869
vt 0.314923 0.450869
vt 0.348252 0.445637
vt 0.348252 0.450869
vt 0.331588 0.456109
vt 0.314923 0.456109
vt 0.348252 0.456109
vt 0.298258 0.439508
vt 0.314923 0.439508
vt 0.298258 0.445637
vt 0.331588 0.439508
vt 0.348252 0.439508
vt 0.331588 0.462263
vt 0.314923 0.462263
vt 0.298258 0.456109
vt 0.298258 0.462263
vt 0.298258 0.450869
vt 0.248265 0.445637
vt 0.264929 0.445637
vt 0.264929 0.450869
vt 0.248264 0.450869
vt 0.281594 0.445637
vt 0.281594 0.450869
vt 0.264929 0.456109
vt 0.248264 0.456109
vt 0.281594 0.456109
vt 0.248264 0.439508
vt 0.231600 0.445637
vt 0.264929 0.439508
vt 0.281594 0.439508
vt 0.264929 0.462263
vt 0.248264 0.462263
vt 0.231600 0.456109
vt 0.231600 0.450869
vt 0.181606 0.445637
vt 0.198271 0.445637
vt 0.198271 0.450869
vt 0.181606 0.450869
vt 0.214935 0.445637
vt 0.214935 0.450869
vt 0.198271 0.456109
vt 0.181606 0.456109
vt 0.214935 0.456109
vt 0.164941 0.439508
vt 0.181606 0.439508
vt 0.164941 0.445637
vt 0.198271 0.439508
vt 0.214935 0.439508
vt 0.214935 0.462263
vt 0.181606 0.462263
vt 0.164941 0.456109
vt 0.164941 0.462263
vt 0.164941 0.450869
vt 0.114947 0.445637
vt 0.131612 0.445637
vt 0.131612 0.450869
vt 0.114947 0.450869
vt 0.148277 0.445637
vt 0.148277 0.450869
vt 0.131612 0.456109
vt 0.114947 0.456109
vt 0.148277 0.456109
vt 0.098283 0.439508
vt 0.114947 0.439508
vt 0.098283 0.445637
vt 0.131612 0.439508
vt 0.148277 0.439508
vt 0.114947 0.462263
vt 0.098283 0.456109
vt 0.098283 0.450869
vt 0.048289 0.445637
vt 0.064954 0.445637
vt 0.064954 0.450869
vt 0.048289 0.450869
vt 0.081618 0.445637
vt 0.081618 0.450869
vt 0.064954 0.456109
vt 0.048289 0.456109
vt 0.081618 0.456109
vt 0.031624 0.439508
vt 0.048289 0.439508
vt 0.031624 0.445637
vt 0.064954 0.439508
vt 0.048289 0.462263
vt 0.031624 0.456109
vt 0.031624 0.450869
vt -0.018370 0.445637
vt -0.001705 0.445637
vt -0.001705 0.450869
vt -0.018370 0.450869
vt 0.014960 0.445637
vt 0.014960 0.450869
vt -0.001705 0.456109
vt -0.018370 0.456109
vt 0.014960 0.456109
vt -0.018370 0.439508
vt -0.001705 0.439508
vt 0.014960 0.439508
vt 0.014960 0.462263
vt -0.001705 0.462263
vt -0.018370 0.462263
vt 0.835874 0.273758
vt 0.849847 0.273758
vt 0.849847 0.283263
vt 0.835874 0.283263
vt 0.863431 0.273758
vt 0.863431 0.283263
vt 0.849847 0.293295
vt 0.835874 0.293295
vt 0.863431 0.293295
vt 0.820342 0.264394
vt 0.835874 0.264394
vt 0.820342 0.273758
vt 0.849847 0.264394
vt 0.863431 0.264394
vt 0.877795 0.264394
vt 0.877795 0.273758
vt 0.877795 0.283263
vt 0.877795 0.293295
vt 0.877795 0.304241
vt 0.863431 0.304241
vt 0.849847 0.304241
vt 0.835874 0.304241
vt 0.820342 0.293295
vt 0.820342 0.304241
vt 0.820342 0.283263
vt 0.836080 0.170802
vt 0.849959 0.170802
vt 0.849880 0.188019
vt 0.835935 0.188019
vt 0.863451 0.170802
vt 0.863437 0.188019
vt 0.849851 0.204560
vt 0.835882 0.204560
vt 0.863432 0.204560
vt 0.821076 0.153636
vt 0.836361 0.153636
vt 0.820652 0.170802
vt 0.850111 0.153636
vt 0.863478 0.153636
vt 0.877613 0.153636
vt 0.877718 0.170802
vt 0.877773 0.188019
vt 0.877792 0.204560
vt 0.877795 0.219693
vt 0.863431 0.219693
vt 0.849847 0.219693
vt 0.835874 0.219693
vt 0.820354 0.204560
vt 0.820342 0.219693
vt 0.820434 0.188019
vt 0.893567 0.170802
vt 0.910385 0.170802
vt 0.910595 0.188019
vt 0.893697 0.188019
vt 0.927202 0.170802
vt 0.927492 0.188019
vt 0.910672 0.204560
vt 0.893745 0.204560
vt 0.927599 0.204560
vt 0.893315 0.153636
vt 0.909976 0.153636
vt 0.926637 0.153636
vt 0.942339 0.153636
vt 0.943051 0.170802
vt 0.943417 0.188019
vt 0.943551 0.204560
vt 0.943570 0.219693
vt 0.927614 0.219693
vt 0.910683 0.219693
vt 0.893752 0.219693
vt 0.761339 0.170437
vt 0.782837 0.170692
vt 0.782518 0.188095
vt 0.761109 0.188255
vt 0.802806 0.170788
vt 0.802513 0.188029
vt 0.782409 0.204895
vt 0.761041 0.205668
vt 0.802406 0.204602
vt 0.738988 0.151554
vt 0.762098 0.153007
vt 0.738988 0.170012
vt 0.783563 0.153462
vt 0.803390 0.153614
vt 0.821077 0.153636
vt 0.820652 0.170802
vt 0.820434 0.188019
vt 0.820354 0.204560
vt 0.820343 0.219693
vt 0.802391 0.219753
vt 0.782393 0.220168
vt 0.761032 0.221414
vt 0.738988 0.206930
vt 0.738988 0.225388
vt 0.738988 0.188471
vt 0.768654 0.105563
vt 0.788864 0.105575
vt 0.786673 0.121100
vt 0.766166 0.121008
vt 0.808298 0.105579
vt 0.805968 0.121138
vt 0.784863 0.136972
vt 0.763861 0.136685
vt 0.804386 0.137081
vt 0.751176 0.090212
vt 0.771214 0.090212
vt 0.748129 0.105548
vt 0.791251 0.090212
vt 0.811288 0.090212
vt 0.831326 0.090212
vt 0.825644 0.105580
vt 0.823185 0.121143
vt 0.821822 0.137097
vt 0.742035 0.136218
vt 0.745082 0.120883
vt 0.890889 0.105580
vt 0.907492 0.105580
vt 0.908474 0.121143
vt 0.892118 0.121143
vt 0.924094 0.105580
vt 0.924831 0.121143
vt 0.909325 0.137097
vt 0.892879 0.137097
vt 0.925771 0.137097
vt 0.872000 0.090212
vt 0.889221 0.090212
vt 0.875552 0.105580
vt 0.906443 0.090212
vt 0.923664 0.090212
vt 0.940885 0.090212
vt 0.939431 0.105580
vt 0.940115 0.121143
vt 0.941253 0.137097
vt 0.926638 0.153636
vt 0.909976 0.153636
vt 0.877396 0.137097
vt 0.877613 0.153636
vt 0.876834 0.121143
vt 0.839332 0.105580
vt 0.851159 0.105580
vt 0.850710 0.121143
vt 0.837776 0.121143
vt 0.862767 0.105580
vt 0.863313 0.121143
vt 0.850359 0.137097
vt 0.836857 0.137097
vt 0.863488 0.137097
vt 0.841494 0.090212
vt 0.851663 0.090212
vt 0.861831 0.090212
vt 0.863478 0.153636
vt 0.836361 0.153636
vt 0.952165 0.105579
vt 0.963414 0.105575
vt 0.965554 0.121100
vt 0.953550 0.121138
vt 0.974120 0.105563
vt 0.976783 0.121008
vt 0.967548 0.136972
vt 0.955068 0.137081
vt 0.979268 0.136685
vt 0.951054 0.090212
vt 0.961222 0.090212
vt 0.971391 0.090212
vt 0.981560 0.090212
vt 0.984607 0.105548
vt 0.987654 0.120883
vt 0.990701 0.136218
vt 0.893752 0.316311
vt 0.910683 0.316311
vt 0.910683 0.329002
vt 0.893752 0.329002
vt 0.927614 0.316311
vt 0.927614 0.329002
vt 0.910683 0.341633
vt 0.893752 0.341633
vt 0.927614 0.341633
vt 0.893752 0.304241
vt 0.877795 0.316311
vt 0.910683 0.304241
vt 0.927614 0.304241
vt 0.943570 0.304241
vt 0.943570 0.316311
vt 0.943571 0.329002
vt 0.943570 0.341633
vt 0.943570 0.353523
vt 0.927614 0.353523
vt 0.910683 0.353523
vt 0.893752 0.353523
vt 0.877795 0.341633
vt 0.877795 0.353523
vt 0.877795 0.329002
vt 0.957821 0.273762
vt 0.970609 0.273789
vt 0.970609 0.283204
vt 0.957821 0.283255
vt 0.982422 0.273860
vt 0.982422 0.283080
vt 0.970609 0.293089
vt 0.957821 0.293269
vt 0.982422 0.292614
vt 0.943571 0.264394
vt 0.957821 0.264401
vt 0.943571 0.273758
vt 0.970609 0.264449
vt 0.982422 0.264593
vt 0.993748 0.265052
vt 0.993748 0.273982
vt 0.993748 0.282911
vt 0.993748 0.291841
vt 0.993748 0.300770
vt 0.982422 0.303193
vt 0.970609 0.303952
vt 0.957821 0.304205
vt 0.943571 0.293295
vt 0.943571 0.304241
vt 0.943570 0.283263
vt 0.761032 0.273860
vt 0.782393 0.273789
vt 0.782393 0.283204
vt 0.761032 0.283080
vt 0.802391 0.273762
vt 0.802391 0.283255
vt 0.782393 0.293089
vt 0.761032 0.292614
vt 0.802391 0.293269
vt 0.738988 0.265052
vt 0.761032 0.264593
vt 0.738988 0.273982
vt 0.782393 0.264449
vt 0.802391 0.264401
vt 0.820343 0.264394
vt 0.820342 0.273758
vt 0.820343 0.283263
vt 0.820342 0.293295
vt 0.820343 0.304241
vt 0.802391 0.304205
vt 0.782393 0.303952
vt 0.761032 0.303193
vt 0.738988 0.291841
vt 0.738988 0.300770
vt 0.738988 0.282911
vt 0.893752 0.273758
vt 0.910683 0.273758
vt 0.910683 0.283263
vt 0.893752 0.283263
vt 0.927614 0.273758
vt 0.927614 0.283263
vt 0.910683 0.293295
vt 0.893752 0.293295
vt 0.927614 0.293295
vt 0.893752 0.264394
vt 0.910683 0.264394
vt 0.927614 0.264394
vt 0.943570 0.264394
vt 0.943570 0.273758
vt 0.943571 0.283263
vt 0.943570 0.293295
vt 0.835874 0.364190
vt 0.849847 0.364190
vt 0.849847 0.373946
vt 0.835874 0.373946
vt 0.863431 0.364190
vt 0.863431 0.373946
vt 0.849847 0.383302
vt 0.835874 0.383302
vt 0.863431 0.383302
vt 0.820342 0.353523
vt 0.835874 0.353523
vt 0.820342 0.364190
vt 0.849847 0.353523
vt 0.863431 0.353523
vt 0.877795 0.364190
vt 0.877795 0.373946
vt 0.877795 0.383302
vt 0.877795 0.392767
vt 0.863431 0.392767
vt 0.849847 0.392767
vt 0.835874 0.392767
vt 0.820342 0.383302
vt 0.820342 0.392767
vt 0.820342 0.373946
vt 0.835874 0.316311
vt 0.849847 0.316311
vt 0.849847 0.329002
vt 0.835874 0.329002
vt 0.863431 0.316311
vt 0.863431 0.329002
vt 0.849847 0.341633
vt 0.835874 0.341633
vt 0.863431 0.341633
vt 0.820342 0.316311
vt 0.820342 0.341633
vt 0.820342 0.329002
vt 0.957821 0.316287
vt 0.970609 0.316113
vt 0.970609 0.329009
vt 0.957821 0.329003
vt 0.982422 0.315656
vt 0.982422 0.329023
vt 0.970609 0.341851
vt 0.957821 0.341660
vt 0.982422 0.342354
vt 0.943571 0.316311
vt 0.993748 0.314906
vt 0.993748 0.329042
vt 0.993748 0.343178
vt 0.993748 0.357314
vt 0.982422 0.354668
vt 0.970609 0.353839
vt 0.957821 0.353563
vt 0.943571 0.341633
vt 0.943571 0.353523
vt 0.943570 0.329002
vt 0.761032 0.315656
vt 0.782393 0.316113
vt 0.782393 0.329009
vt 0.761032 0.329023
vt 0.802391 0.316287
vt 0.802391 0.329003
vt 0.782393 0.341851
vt 0.761032 0.342354
vt 0.802391 0.341660
vt 0.738988 0.314906
vt 0.820342 0.316311
vt 0.820343 0.329002
vt 0.820343 0.353523
vt 0.802391 0.353563
vt 0.782393 0.353839
vt 0.761032 0.354668
vt 0.738988 0.343178
vt 0.738988 0.357314
vt 0.738988 0.329042
vt 0.761032 0.402425
vt 0.782393 0.402660
vt 0.782393 0.413284
vt 0.761032 0.413153
vt 0.802391 0.402750
vt 0.802391 0.413338
vt 0.782393 0.424401
vt 0.761032 0.424213
vt 0.802391 0.424473
vt 0.738988 0.391112
vt 0.761032 0.392267
vt 0.738988 0.402044
vt 0.782393 0.392629
vt 0.802391 0.392750
vt 0.820343 0.392767
vt 0.820342 0.402763
vt 0.820343 0.413346
vt 0.820342 0.424484
vt 0.820343 0.436144
vt 0.802391 0.436130
vt 0.782393 0.436035
vt 0.761032 0.435750
vt 0.738988 0.423908
vt 0.738988 0.434839
vt 0.738988 0.412976
vt 0.957821 0.364218
vt 0.970609 0.364413
vt 0.970609 0.373991
vt 0.957821 0.373952
vt 0.982422 0.364926
vt 0.982422 0.374085
vt 0.970609 0.383212
vt 0.957821 0.383291
vt 0.982422 0.383006
vt 0.943571 0.364190
vt 0.993748 0.365764
vt 0.993748 0.374213
vt 0.993748 0.382663
vt 0.993748 0.391112
vt 0.982422 0.392267
vt 0.970609 0.392629
vt 0.957821 0.392750
vt 0.943571 0.383302
vt 0.943571 0.392767
vt 0.943570 0.373946
vt 0.761032 0.364926
vt 0.782393 0.364413
vt 0.782393 0.373991
vt 0.761032 0.374085
vt 0.802391 0.364218
vt 0.802391 0.373952
vt 0.782393 0.383212
vt 0.761032 0.383006
vt 0.802391 0.383290
vt 0.738988 0.365764
vt 0.820342 0.364190
vt 0.820343 0.373946
vt 0.738988 0.382663
vt 0.738988 0.374213
vt 0.893752 0.364190
vt 0.910683 0.364190
vt 0.910683 0.373946
vt 0.893752 0.373946
vt 0.927614 0.364190
vt 0.927614 0.373946
vt 0.910683 0.383302
vt 0.893752 0.383302
vt 0.927614 0.383302
vt 0.943570 0.364190
vt 0.943571 0.373946
vt 0.943570 0.383302
vt 0.943570 0.392767
vt 0.927614 0.392767
vt 0.910683 0.392767
vt 0.893752 0.392767
vt 0.835883 0.448281
vt 0.849854 0.448281
vt 0.849901 0.460809
vt 0.835946 0.460809
vt 0.863436 0.448281
vt 0.863468 0.460809
vt 0.850028 0.473627
vt 0.836115 0.473627
vt 0.863555 0.473627
vt 0.820342 0.436144
vt 0.835874 0.436144
vt 0.820355 0.448281
vt 0.849847 0.436144
vt 0.863431 0.436144
vt 0.877795 0.436144
vt 0.877796 0.448281
vt 0.877804 0.460809
vt 0.877825 0.473627
vt 0.877866 0.486637
vt 0.863725 0.486636
vt 0.850275 0.486637
vt 0.836446 0.486636
vt 0.820690 0.473627
vt 0.821167 0.486637
vt 0.820446 0.460809
vt 0.893752 0.402763
vt 0.910683 0.402763
vt 0.910683 0.413346
vt 0.893752 0.413346
vt 0.927614 0.402763
vt 0.927614 0.413346
vt 0.910683 0.424484
vt 0.893752 0.424484
vt 0.927614 0.424484
vt 0.877795 0.402763
vt 0.943570 0.402763
vt 0.943571 0.413346
vt 0.943570 0.424484
vt 0.943570 0.436144
vt 0.927614 0.436144
vt 0.910683 0.436144
vt 0.893752 0.436144
vt 0.877795 0.424484
vt 0.877795 0.413346
vt 0.835874 0.402763
vt 0.849847 0.402763
vt 0.849847 0.413346
vt 0.835874 0.413346
vt 0.863431 0.402763
vt 0.863431 0.413346
vt 0.849847 0.424484
vt 0.835874 0.424484
vt 0.863431 0.424484
vt 0.820342 0.402763
vt 0.820342 0.424484
vt 0.820342 0.413346
vt 0.957821 0.402750
vt 0.970609 0.402660
vt 0.970609 0.413284
vt 0.957821 0.413338
vt 0.982422 0.402425
vt 0.982422 0.413153
vt 0.970609 0.424401
vt 0.957821 0.424473
vt 0.982422 0.424213
vt 0.943571 0.402763
vt 0.993748 0.402044
vt 0.993748 0.412976
vt 0.993748 0.423908
vt 0.993748 0.434839
vt 0.982422 0.435750
vt 0.970609 0.436035
vt 0.957821 0.436130
vt 0.943571 0.424484
vt 0.943571 0.436144
vt 0.943570 0.413346
vt 0.957786 0.448271
vt 0.970576 0.448203
vt 0.970342 0.460777
vt 0.957540 0.460805
vt 0.982402 0.448022
vt 0.982262 0.460708
vt 0.969675 0.473609
vt 0.956869 0.473625
vt 0.981807 0.473568
vt 0.943541 0.448281
vt 0.993748 0.447727
vt 0.993748 0.460615
vt 0.993748 0.473503
vt 0.993748 0.486391
vt 0.980417 0.486562
vt 0.968202 0.486616
vt 0.955541 0.486634
vt 0.942780 0.473627
vt 0.941695 0.486637
vt 0.943336 0.460809
vt 0.761045 0.448022
vt 0.782414 0.448203
vt 0.782556 0.460777
vt 0.761135 0.460708
vt 0.802410 0.448271
vt 0.802540 0.460805
vt 0.782977 0.473609
vt 0.761455 0.473568
vt 0.802898 0.473625
vt 0.738988 0.447727
vt 0.820355 0.448281
vt 0.820446 0.460809
vt 0.820690 0.473627
vt 0.821167 0.486637
vt 0.803617 0.486634
vt 0.783971 0.486616
vt 0.762584 0.486562
vt 0.738988 0.473503
vt 0.738988 0.486391
vt 0.738988 0.460615
vt 0.893747 0.448281
vt 0.910670 0.448281
vt 0.910582 0.460809
vt 0.893713 0.460809
vt 0.927593 0.448281
vt 0.927445 0.460809
vt 0.910341 0.473627
vt 0.893620 0.473627
vt 0.927042 0.473627
vt 0.943541 0.448281
vt 0.943336 0.460809
vt 0.942779 0.473627
vt 0.941695 0.486637
vt 0.926259 0.486636
vt 0.909872 0.486637
vt 0.893440 0.486636
vt -0.051699 0.256304
vt -0.051699 0.286682
vt -0.068364 0.286682
vt -0.068364 0.256304
vt -0.051699 0.317060
vt -0.068364 0.317060
vt -0.085028 0.286682
vt -0.085028 0.256304
vt -0.085028 0.317060
vt -0.035034 0.256304
vt -0.035034 0.286682
vt -0.035034 0.317060
vt -0.101693 0.317060
vt -0.101693 0.286682
vt -0.101693 0.256304
vt -0.118358 0.256304
vt -0.118358 0.286682
vt -0.135024 0.286682
vt -0.135024 0.256304
vt -0.118358 0.317060
vt -0.135024 0.317060
vt -0.151695 0.286682
vt -0.151695 0.256304
vt -0.151695 0.317060
vt -0.168370 0.317060
vt -0.168370 0.286682
vt -0.168370 0.256304
vt -0.185052 0.256170
vt -0.185053 0.286682
vt -0.201740 0.286682
vt -0.201740 0.255233
vt -0.185052 0.317194
vt -0.201740 0.318130
vt -0.218431 0.286682
vt -0.218431 0.252763
vt -0.218431 0.320601
vt -0.168370 0.256304
vt -0.168370 0.286682
vt -0.168370 0.317060
vt -0.235124 0.324653
vt -0.235124 0.286682
vt -0.235124 0.248711
vt 0.693598 0.248711
vt 0.693606 0.286682
vt 0.673160 0.286682
vt 0.673092 0.248711
vt 0.693598 0.324652
vt 0.673092 0.324653
vt 0.653097 0.286682
vt 0.652873 0.248809
vt 0.652873 0.324555
vt 0.714217 0.210741
vt 0.714217 0.248711
vt 0.693579 0.210741
vt 0.714217 0.286682
vt 0.714217 0.324653
vt 0.714217 0.362623
vt 0.693579 0.362623
vt 0.672941 0.362623
vt 0.652303 0.362623
vt 0.633476 0.323533
vt 0.633856 0.286682
vt 0.633476 0.249831
vt 0.652303 0.210741
vt 0.672941 0.210741
vt 0.615557 0.252861
vt 0.615766 0.286682
vt 0.598500 0.286682
vt 0.598439 0.255233
vt 0.615557 0.320503
vt 0.598439 0.318131
vt 0.581621 0.286682
vt 0.581613 0.256170
vt 0.581613 0.317194
vt 0.564911 0.317060
vt 0.564911 0.286682
vt 0.564911 0.256304
vt 0.548236 0.256304
vt 0.548236 0.286682
vt 0.531566 0.286682
vt 0.531565 0.256304
vt 0.548236 0.317060
vt 0.531565 0.317060
vt 0.514899 0.286682
vt 0.514899 0.256304
vt 0.514899 0.317060
vt 0.564911 0.256304
vt 0.564911 0.286682
vt 0.564911 0.317060
vt 0.498234 0.317060
vt 0.498234 0.286682
vt 0.498234 0.256304
vt 0.481569 0.256304
vt 0.481569 0.286682
vt 0.464904 0.286682
vt 0.464905 0.256304
vt 0.481569 0.317060
vt 0.464905 0.317060
vt 0.448240 0.286682
vt 0.448240 0.256304
vt 0.448240 0.317060
vt 0.431575 0.317060
vt 0.431575 0.286682
vt 0.431575 0.256304
vt 0.414911 0.256304
vt 0.414911 0.286682
vt 0.398246 0.286682
vt 0.398246 0.256304
vt 0.414911 0.317060
vt 0.398246 0.317060
vt 0.381582 0.286682
vt 0.381581 0.256304
vt 0.381581 0.317060
vt 0.364917 0.317060
vt 0.364917 0.286682
vt 0.364917 0.256304
vt 0.348252 0.256304
vt 0.348252 0.286682
vt 0.331588 0.286682
vt 0.331588 0.256304
vt 0.348252 0.317060
vt 0.331588 0.317060
vt 0.314923 0.286682
vt 0.314923 0.256304
vt 0.314923 0.317060
vt 0.298258 0.317060
vt 0.298258 0.286682
vt 0.298258 0.256304
vt 0.281594 0.256304
vt 0.281594 0.286682
vt 0.264929 0.286682
vt 0.264929 0.256304
vt 0.281594 0.317060
vt 0.264929 0.317060
vt 0.248264 0.286682
vt 0.248265 0.256304
vt 0.248265 0.317060
vt 0.231600 0.317060
vt 0.231600 0.286682
vt 0.231600 0.256304
vt 0.214935 0.256304
vt 0.214935 0.286682
vt 0.198271 0.286682
vt 0.198271 0.256304
vt 0.214935 0.317060
vt 0.198271 0.317060
vt 0.181606 0.286682
vt 0.181606 0.256304
vt 0.181606 0.317060
vt 0.164941 0.317060
vt 0.164941 0.286682
vt 0.164941 0.256304
vt 0.148277 0.256304
vt 0.148277 0.286682
vt 0.131612 0.286682
vt 0.131612 0.256304
vt 0.148277 0.317060
vt 0.131612 0.317060
vt 0.114947 0.286682
vt 0.114947 0.256304
vt 0.114947 0.317060
vt 0.098283 0.317060
vt 0.098283 0.286682
vt 0.098283 0.256304
vt 0.081618 0.256304
vt 0.081618 0.286682
vt 0.064954 0.286682
vt 0.064954 0.256304
vt 0.081618 0.317060
vt 0.064954 0.317060
vt 0.048289 0.286682
vt 0.048289 0.256304
vt 0.048289 0.317060
vt 0.031624 0.317060
vt 0.031624 0.286682
vt 0.031624 0.256304
vt 0.014960 0.256304
vt 0.014960 0.286682
vt -0.001705 0.286682
vt -0.001705 0.256304
vt 0.014960 0.317060
vt -0.001705 0.317060
vt -0.018370 0.286682
vt -0.018370 0.256304
vt -0.018370 0.317060
vt 0.839217 0.526164
vt 0.837891 0.512935
vt 0.851219 0.512935
vt 0.851892 0.526164
vt 0.837001 0.499751
vt 0.850673 0.499751
vt 0.864227 0.512934
vt 0.864355 0.526164
vt 0.863980 0.499751
vt 0.829237 0.539417
vt 0.825258 0.526164
vt 0.840934 0.539417
vt 0.823248 0.512935
vt 0.821968 0.499751
vt 0.821167 0.486637
vt 0.836446 0.486637
vt 0.863725 0.486637
vt 0.877908 0.499751
vt 0.877833 0.512935
vt 0.877451 0.526164
vt 0.864328 0.539417
vt 0.876025 0.539417
vt 0.852631 0.539417
vt 0.968930 0.526162
vt 0.958747 0.526164
vt 0.962374 0.512929
vt 0.973270 0.512919
vt 0.948094 0.526164
vt 0.950816 0.512934
vt 0.965662 0.499736
vt 0.977308 0.499702
vt 0.953425 0.499749
vt 0.973976 0.539417
vt 0.964477 0.539417
vt 0.978919 0.526160
vt 0.954978 0.539417
vt 0.945479 0.539417
vt 0.935979 0.539417
vt 0.936209 0.526164
vt 0.938016 0.512935
vt 0.940005 0.499751
vt 0.941695 0.486636
vt 0.955541 0.486634
vt 0.968202 0.486616
vt 0.988805 0.499647
vt 0.983862 0.512904
vt 0.925036 0.499751
vt 0.923592 0.512935
vt 0.908180 0.512935
vt 0.909129 0.499751
vt 0.922198 0.526164
vt 0.907118 0.526164
vt 0.892656 0.512935
vt 0.893137 0.499751
vt 0.891941 0.526164
vt 0.926259 0.486637
vt 0.938016 0.512935
vt 0.936209 0.526164
vt 0.920991 0.539417
vt 0.906002 0.539417
vt 0.891013 0.539417
vt 0.877451 0.526164
vt 0.877908 0.499751
vt 0.893440 0.486637
vt 0.877866 0.486637
vt 0.909872 0.486636
vt 0.772541 0.526162
vt 0.768789 0.512919
vt 0.788194 0.512929
vt 0.791004 0.526164
vt 0.765278 0.499702
vt 0.785765 0.499736
vt 0.806557 0.512934
vt 0.808861 0.526164
vt 0.804818 0.499749
vt 0.758759 0.539417
vt 0.753816 0.526160
vt 0.776379 0.539417
vt 0.748874 0.512904
vt 0.743931 0.499647
vt 0.762584 0.486562
vt 0.783971 0.486616
vt 0.803617 0.486634
vt 0.811618 0.539417
vt 0.793998 0.539417
vt 0.893752 0.232891
vt 0.910683 0.232891
vt 0.910683 0.244426
vt 0.893752 0.244426
vt 0.927614 0.232891
vt 0.927614 0.244426
vt 0.910683 0.254770
vt 0.893752 0.254770
vt 0.927614 0.254770
vt 0.877795 0.232891
vt 0.943570 0.232891
vt 0.943571 0.244426
vt 0.943570 0.254770
vt 0.877795 0.254770
vt 0.877795 0.244426
vt 0.761032 0.234022
vt 0.782393 0.233234
vt 0.782393 0.244558
vt 0.761032 0.244840
vt 0.802391 0.232934
vt 0.802391 0.244443
vt 0.782393 0.254824
vt 0.761032 0.254946
vt 0.802391 0.254776
vt 0.738988 0.235304
vt 0.820342 0.232891
vt 0.820343 0.244426
vt 0.820342 0.254770
vt 0.738988 0.255136
vt 0.738988 0.245220
vt 0.957821 0.232934
vt 0.970609 0.233234
vt 0.970609 0.244558
vt 0.957821 0.244443
vt 0.982422 0.234022
vt 0.982422 0.244840
vt 0.970609 0.254824
vt 0.957821 0.254776
vt 0.982422 0.254946
vt 0.943571 0.232891
vt 0.993748 0.235304
vt 0.993748 0.245220
vt 0.993748 0.255136
vt 0.943571 0.254770
vt 0.943570 0.244426
vt 0.835874 0.232891
vt 0.849847 0.232891
vt 0.849847 0.244426
vt 0.835874 0.244426
vt 0.863431 0.232891
vt 0.863431 0.244426
vt 0.849847 0.254770
vt 0.835874 0.254770
vt 0.863431 0.254770
vt 0.820342 0.232891
vt 0.820342 0.244426
s 1
f 1861/1/1833 1862/2/1834 1865/3/1837 1864/4/1836
f 1862/2/1834 1863/5/1835 1866/6/1838 1865/3/1837
f 1864/4/1836 1865/3/1837 1868/7/1840 1867/8/1839
f 1865/3/1837 1866/6/1838 1869/9/1841 1868/7/1840
f 29/10/29 277/11/277 1861/1/1833 478/12/478
f 277/11/277 278/13/278 1862/2/1834 1861/1/1833
f 278/13/278 279/14/279 1863/5/1835 1862/2/1834
f 279/14/279 2/15/2 276/16/276 1863/5/1835
f 1863/5/1835 276/16/276 275/17/275 1866/6/1838
f 1866/6/1838 275/17/275 274/18/274 1869/9/1841
f 1869/9/1841 274/18/274 4/19/4 400/20/400
f 1868/7/1840 1869/9/1841 400/20/400 401/21/401
f 1867/8/1839 1868/7/1840 401/21/401 402/22/402
f 480/23/480 1867/8/1839 402/22/402 30/24/30
f 479/25/479 1864/4/1836 1867/8/1839 480/23/480
f 478/12/478 1861/1/1833 1864/4/1836 479/25/479
f 1870/26/1842 1871/27/1843 1874/28/1846 1873/29/1845
f 1871/27/1843 1872/30/1844 1875/31/1847 1874/28/1846
f 1873/29/1845 1874/28/1846 1877/32/1849 1876/33/1848
f 1874/28/1846 1875/31/1847 1878/34/1850 1877/32/1849
f 30/24/30 402/22/402 1870/26/1842 475/35/475
f 402/22/402 401/21/401 1871/27/1843 1870/26/1842
f 401/21/401 400/20/400 1872/30/1844 1871/27/1843
f 400/20/400 4/19/4 288/36/288 1872/30/1844
f 1872/30/1844 288/36/288 287/37/287 1875/31/1847
f 1875/31/1847 287/37/287 286/38/286 1878/34/1850
f 1878/34/1850 286/38/286 6/39/6 403/40/403
f 1877/32/1849 1878/34/1850 403/40/403 404/41/404
f 1876/33/1848 1877/32/1849 404/41/404 405/42/405
f 477/43/477 1876/33/1848 405/42/405 31/44/31
f 476/45/476 1873/29/1845 1876/33/1848 477/43/477
f 475/35/475 1870/26/1842 1873/29/1845 476/45/476
f 1879/46/1851 1880/47/1852 1883/48/1855 1882/49/1854
f 1880/47/1852 1881/50/1853 1884/51/1856 1883/48/1855
f 1882/49/1854 1883/48/1855 1886/52/1858 1885/53/1857
f 1883/48/1855 1884/51/1856 1887/54/1859 1886/52/1858
f 31/55/31 405/56/405 1879/46/1851 472/57/472
f 405/56/405 404/58/404 1880/47/1852 1879/46/1851
f 404/58/404 403/59/403 1881/50/1853 1880/47/1852
f 403/59/403 6/60/6 297/61/297 1881/50/1853
f 1881/50/1853 297/61/297 296/62/296 1884/51/1856
f 1884/51/1856 296/62/296 295/63/295 1887/54/1859
f 1887/54/1859 295/63/295 8/64/8 406/65/406
f 1886/52/1858 1887/54/1859 406/65/406 407/66/407
f 1885/53/1857 1886/52/1858 407/66/407 408/67/408
f 474/68/474 1885/53/1857 408/67/408 32/69/32
f 473/70/473 1882/49/1854 1885/53/1857 474/68/474
f 472/57/472 1879/46/1851 1882/49/1854 473/70/473
f 1888/71/1860 1889/72/1861 1892/73/1864 1891/74/1863
f 1889/72/1861 1890/75/1862 1893/76/1865 1892/73/1864
f 1891/74/1863 1892/73/1864 1895/77/1867 1894/78/1866
f 1892/73/1864 1893/76/1865 1896/79/1868 1895/77/1867
f 32/80/32 408/81/408 1888/71/1860 469/82/469
f 408/81/408 407/83/407 1889/72/1861 1888/71/1860
f 407/83/407 406/84/406 1890/75/1862 1889/72/1861
f 406/84/406 8/85/8 306/86/306 1890/75/1862
f 1890/75/1862 306/86/306 305/87/305 1893/76/1865
f 1893/76/1865 305/87/305 304/88/304 1896/79/1868
f 1896/79/1868 304/88/304 10/89/10 409/90/409
f 1895/77/1867 1896/79/1868 409/90/409 410/91/410
f 1894/78/1866 1895/77/1867 410/91/410 411/92/411
f 471/93/471 1894/78/1866 411/92/411 33/94/33
f 470/95/470 1891/74/1863 1894/78/1866 471/93/471
f 469/82/469 1888/71/1860 1891/74/1863 470/95/470
f 1897/96/1869 1898/97/1870 1901/98/1873 1900/99/1872
f 1898/97/1870 1899/100/1871 1902/101/1874 1901/98/1873
f 1900/99/1872 1901/98/1873 1904/102/1876 1903/103/1875
f 1901/98/1873 1902/101/1874 1905/104/1877 1904/102/1876
f 33/94/33 411/92/411 1897/96/1869 466/105/466
f 411/92/411 410/91/410 1898/97/1870 1897/96/1869
f 410/91/410 409/90/409 1899/100/1871 1898/97/1870
f 409/90/409 10/89/10 315/106/315 1899/100/1871
f 1899/100/1871 315/106/315 314/107/314 1902/101/1874
f 1902/101/1874 314/107/314 313/108/313 1905/104/1877
f 1905/104/1877 313/108/313 12/109/12 412/110/412
f 1904/102/1876 1905/104/1877 412/110/412 413/111/413
f 1903/103/1875 1904/102/1876 413/111/413 414/112/414
f 468/113/468 1903/103/1875 414/112/414 34/114/34
f 467/115/467 1900/99/1872 1903/103/1875 468/113/468
f 466/105/466 1897/96/1869 1900/99/1872 467/115/467
f 1906/116/1878 1907/117/1879 1910/118/1882 1909/119/1881
f 1907/117/1879 1908/120/1880 1911/121/1883 1910/118/1882
f 1909/119/1881 1910/118/1882 1913/122/1885 1912/123/1884
f 1910/118/1882 1911/121/1883 1914/124/1886 1913/122/1885
f 34/125/34 414/126/414 1906/116/1878 463/127/463
f 414/126/414 413/128/413 1907/117/1879 1906/116/1878
f 413/128/413 412/129/412 1908/120/1880 1907/117/1879
f 412/129/412 12/109/12 324/130/324 1908/120/1880
f 1908/120/1880 324/130/324 323/131/323 1911/121/1883
f 1911/121/1883 323/131/323 322/132/322 1914/124/1886
f 1914/124/1886 322/132/322 14/133/14 415/134/415
f 1913/122/1885 1914/124/1886 415/134/415 416/135/416
f 1912/123/1884 1913/122/1885 416/135/416 417/136/417
f 465/137/465 1912/123/1884 417/136/417 35/138/35
f 464/139/464 1909/119/1881 1912/123/1884 465/137/465
f 463/127/463 1906/116/1878 1909/119/1881 464/139/464
f 1915/140/1887 1916/141/1888 1919/142/1891 1918/143/1890
f 1916/141/1888 1917/144/1889 1920/145/1892 1919/142/1891
f 1918/143/1890 1919/142/1891 1922/146/1894 1921/147/1893
f 1919/142/1891 1920/145/1892 1923/148/1895 1922/146/1894
f 35/138/35 417/136/417 1915/140/1887 460/149/460
f 417/136/417 416/135/416 1916/141/1888 1915/140/1887
f 416/135/416 415/134/415 1917/144/1889 1916/141/1888
f 415/134/415 14/133/14 333/150/333 1917/144/1889
f 1917/144/1889 333/150/333 332/151/332 1920/145/1892
f 1920/145/1892 332/151/332 331/152/331 1923/148/1895
f 1923/148/1895 331/152/331 16/153/16 418/154/418
f 1922/146/1894 1923/148/1895 418/154/418 419/155/419
f 1921/147/1893 1922/146/1894 419/155/419 420/156/420
f 462/157/462 1921/147/1893 420/156/420 36/158/36
f 461/159/461 1918/143/1890 1921/147/1893 462/157/462
f 460/149/460 1915/140/1887 1918/143/1890 461/159/461
f 1924/160/1896 1925/161/1897 1928/162/1900 1927/163/1899
f 1925/161/1897 1926/164/1898 1929/165/1901 1928/162/1900
f 1927/163/1899 1928/162/1900 1931/166/1903 1930/167/1902
f 1928/162/1900 1929/165/1901 1932/168/1904 1931/166/1903
f 36/158/36 420/156/420 1924/160/1896 457/169/457
f 420/156/420 419/155/419 1925/161/1897 1924/160/1896
f 419/155/419 418/154/418 1926/164/1898 1925/161/1897
f 418/154/418 16/153/16 342/170/342 1926/164/1898
f 1926/164/1898 342/170/342 341/171/341 1929/165/1901
f 1929/165/1901 341/171/341 340/172/340 1932/168/1904
f 1932/168/1904 340/172/340 18/173/18 421/174/421
f 1931/166/1903 1932/168/1904 421/174/421 422/175/422
f 1930/167/1902 1931/166/1903 422/175/422 423/176/423
f 459/177/459 1930/167/1902 423/176/423 37/178/37
f 458/179/458 1927/163/1899 1930/167/1902 459/177/459
f 457/169/457 1924/160/1896 1927/163/1899 458/179/458
f 1933/180/1905 1934/181/1906 1937/182/1909 1936/183/1908
f 1934/181/1906 1935/184/1907 1938/185/1910 1937/182/1909
f 1936/183/1908 1937/182/1909 1940/186/1912 1939/187/1911
f 1937/182/1909 1938/185/1910 1941/188/1913 1940/186/1912
f 37/178/37 423/176/423 1933/180/1905 454/189/454
f 423/176/423 422/175/422 1934/181/1906 1933/180/1905
f 422/175/422 421/174/421 1935/184/1907 1934/181/1906
f 421/174/421 18/173/18 351/190/351 1935/184/1907
f 1935/184/1907 351/190/351 350/191/350 1938/185/1910
f 1938/185/1910 350/191/350 349/192/349 1941/188/1913
f 1941/188/1913 349/192/349 20/193/20 424/194/424
f 1940/186/1912 1941/188/1913 424/194/424 425/195/425
f 1939/187/1911 1940/186/1912 425/195/425 426/196/426
f 456/197/456 1939/187/1911 426/196/426 38/198/38
f 455/199/455 1936/183/1908 1939/187/1911 456/197/456
f 454/189/454 1933/180/1905 1936/183/1908 455/199/455
f 1942/200/1914 1943/201/1915 1946/202/1918 1945/203/1917
f 1943/201/1915 1944/204/1916 1947/205/1919 1946/202/1918
f 1945/203/1917 1946/202/1918 1949/206/1921 1948/207/1920
f 1946/202/1918 1947/205/1919 1950/208/1922 1949/206/1921
f 38/198/38 426/196/426 1942/200/1914 451/209/451
f 426/196/426 425/195/425 1943/201/1915 1942/200/1914
f 425/195/425 424/194/424 1944/204/1916 1943/201/1915
f 424/194/424 20/193/20 360/210/360 1944/204/1916
f 1944/204/1916 360/210/360 359/211/359 1947/205/1919
f 1947/205/1919 359/211/359 358/212/358 1950/208/1922
f 1950/208/1922 358/212/358 22/213/22 427/214/427
f 1949/206/1921 1950/208/1922 427/214/427 428/215/428
f 1948/207/1920 1949/206/1921 428/215/428 429/216/429
f 453/217/453 1948/207/1920 429/216/429 39/218/39
f 452/219/452 1945/203/1917 1948/207/1920 453/217/453
f 451/209/451 1942/200/1914 1945/203/1917 452/219/452
f 1951/220/1923 1952/221/1924 1955/222/1927 1954/223/1926
f 1952/221/1924 1953/224/1925 1956/225/1928 1955/222/1927
f 1954/223/1926 1955/222/1927 1958/226/1930 1957/227/1929
f 1955/222/1927 1956/225/1928 1959/228/1931 1958/226/1930
f 39/218/39 429/216/429 1951/220/1923 448/229/448
f 429/216/429 428/215/428 1952/221/1924 1951/220/1923
f 428/215/428 427/214/427 1953/224/1925 1952/221/1924
f 427/214/427 22/213/22 369/230/369 1953/224/1925
f 1953/224/1925 369/230/369 368/231/368 1956/225/1928
f 1956/225/1928 368/231/368 367/232/367 1959/228/1931
f 1959/228/1931 367/232/367 24/233/24 430/234/430
f 1958/226/1930 1959/228/1931 430/234/430 431/235/431
f 1957/227/1929 1958/226/1930 431/235/431 432/236/432
f 450/237/450 1957/227/1929 432/236/432 40/238/40
f 449/239/449 1954/223/1926 1957/227/1929 450/237/450
f 448/229/448 1951/220/1923 1954/223/1926 449/239/449
f 1960/240/1932 1961/241/1933 1964/242/1936 1963/243/1935
f 1961/241/1933 1962/244/1934 1965/245/1937 1964/242/1936
f 1963/243/1935 1964/242/1936 1967/246/1939 1966/247/1938
f 1964/242/1936 1965/245/1937 1968/248/1940 1967/246/1939
f 40/238/40 432/236/432 1960/240/1932 445/249/445
f 432/236/432 431/235/431 1961/241/1933 1960/240/1932
f 431/235/431 430/234/430 1962/244/1934 1961/241/1933
f 430/234/430 24/233/24 378/250/378 1962/244/1934
f 1962/244/1934 378/250/378 377/251/377 1965/245/1937
f 1965/245/1937 377/251/377 376/252/376 1968/248/1940
f 1968/248/1940 376/252/376 26/253/26 433/254/433
f 1967/246/1939 1968/248/1940 433/254/433 434/255/434
f 1966/247/1938 1967/246/1939 434/255/434 435/256/435
f 447/257/447 1966/247/1938 435/256/435 41/258/41
f 446/259/446 1963/243/1935 1966/247/1938 447/257/447
f 445/249/445 1960/240/1932 1963/243/1935 446/259/446
f 1969/260/1941 1970/261/1942 1973/262/1945 1972/263/1944
f 1970/261/1942 1971/264/1943 1974/265/1946 1973/262/1945
f 1972/263/1944 1973/262/1945 1976/266/1948 1975/267/1947
f 1973/262/1945 1974/265/1946 1977/268/1949 1976/266/1948
f 266/269/266 1782/270/1754 1969/260/1941 1822/271/1794
f 1782/270/1754 1781/272/1753 1970/261/1942 1969/260/1941
f 1781/272/1753 1780/273/1752 1971/264/1943 1970/261/1942
f 1780/273/1752 42/274/42 439/275/439 1971/264/1943
f 1971/264/1943 439/275/439 440/276/440 1974/265/1946
f 1974/265/1946 440/276/440 441/277/441 1977/268/1949
f 1977/268/1949 441/277/441 29/10/29 399/278/399
f 1976/266/1948 1977/268/1949 399/278/399 398/279/398
f 1975/267/1947 1976/266/1948 398/279/398 397/280/397
f 1824/281/1796 1975/267/1947 397/280/397 253/282/253
f 1823/283/1795 1972/263/1944 1975/267/1947 1824/281/1796
f 1822/271/1794 1969/260/1941 1972/263/1944 1823/283/1795
f 1978/284/1950 1979/285/1951 1982/286/1954 1981/287/1953
f 1979/285/1951 1980/288/1952 1983/289/1955 1982/286/1954
f 1981/287/1953 1982/286/1954 1985/290/1957 1984/291/1956
f 1982/286/1954 1983/289/1955 1986/292/1958 1985/290/1957
f 41/258/41 435/256/435 1978/284/1950 442/293/442
f 435/256/435 434/255/434 1979/285/1951 1978/284/1950
f 434/255/434 433/254/433 1980/288/1952 1979/285/1951
f 433/254/433 26/253/26 387/294/387 1980/288/1952
f 1980/288/1952 387/294/387 386/295/386 1983/289/1955
f 1983/289/1955 386/295/386 385/296/385 1986/292/1958
f 1986/292/1958 385/296/385 28/297/28 436/298/436
f 1985/290/1957 1986/292/1958 436/298/436 437/299/437
f 1984/291/1956 1985/290/1957 437/299/437 438/300/438
f 444/301/444 1984/291/1956 438/300/438 42/274/42
f 443/302/443 1981/287/1953 1984/291/1956 444/301/444
f 442/293/442 1978/284/1950 1981/287/1953 443/302/443
f 1987/303/1959 1988/304/1960 1991/305/1963 1990/306/1962
f 1988/304/1960 1989/307/1961 1992/308/1964 1991/305/1963
f 1990/306/1962 1991/305/1963 1994/309/1966 1993/310/1965
f 1991/305/1963 1992/308/1964 1995/311/1967 1994/309/1966
f 42/274/42 438/300/438 1987/303/1959 439/275/439
f 438/300/438 437/299/437 1988/304/1960 1987/303/1959
f 437/299/437 436/298/436 1989/307/1961 1988/304/1960
f 436/298/436 28/297/28 396/312/396 1989/307/1961
f 1989/307/1961 396/312/396 395/313/395 1992/308/1964
f 1992/308/1964 395/313/395 394/314/394 1995/311/1967
f 1995/311/1967 394/314/394 2/15/2 279/14/279
f 1994/309/1966 1995/311/1967 279/14/279 278/13/278
f 1993/310/1965 1994/309/1966 278/13/278 277/11/277
f 441/277/441 1993/310/1965 277/11/277 29/10/29
f 440/276/440 1990/306/1962 1993/310/1965 441/277/441
f 439/275/439 1987/303/1959 1990/306/1962 440/276/440
f 1996/315/1968 1997/316/1969 2000/317/1972 1999/318/1971
f 1997/316/1969 1998/319/1970 2001/320/1973 2000/317/1972
f 1999/318/1971 2000/317/1972 2003/321/1975 2002/322/1974
f 2000/317/1972 2001/320/1973 2004/323/1976 2003/321/1975
f 86/324/86 816/325/792 1996/315/1968 738/326/736
f 816/325/792 815/327/791 1997/316/1969 1996/315/1968
f 815/327/791 814/328/790 1998/319/1970 1997/316/1969
f 814/328/790 85/329/85 691/330/691 1998/319/1970
f 1998/319/1970 691/330/691 692/331/692 2001/320/1973
f 2001/320/1973 692/331/692 693/332/693 2004/323/1976
f 2004/323/1976 693/332/693 74/333/74 657/334/657
f 2003/321/1975 2004/323/1976 657/334/657 656/335/656
f 2002/322/1974 2003/321/1975 656/335/656 655/336/655
f 736/337/734 2002/322/1974 655/336/655 73/338/73
f 737/339/735 1999/318/1971 2002/322/1974 736/337/734
f 738/326/736 1996/315/1968 1999/318/1971 737/339/735
f 2005/340/1977 2006/341/1978 2009/342/1981 2008/343/1980
f 2006/341/1978 2007/344/1979 2010/345/1982 2009/342/1981
f 2008/343/1980 2009/342/1981 2012/346/1984 2011/347/1983
f 2009/342/1981 2010/345/1982 2013/348/1985 2012/346/1984
f 265/349/265 1779/350/1751 2005/340/1977 1819/351/1791
f 1779/350/1751 1778/352/1750 2006/341/1978 2005/340/1977
f 1778/352/1750 1777/353/1749 2007/344/1979 2006/341/1978
f 1777/353/1749 41/258/41 442/293/442 2007/344/1979
f 2007/344/1979 442/293/442 443/302/443 2010/345/1982
f 2010/345/1982 443/302/443 444/301/444 2013/348/1985
f 2013/348/1985 444/301/444 42/274/42 1780/273/1752
f 2012/346/1984 2013/348/1985 1780/273/1752 1781/272/1753
f 2011/347/1983 2012/346/1984 1781/272/1753 1782/270/1754
f 1821/354/1793 2011/347/1983 1782/270/1754 266/269/266
f 1820/355/1792 2008/343/1980 2011/347/1983 1821/354/1793
f 1819/351/1791 2005/340/1977 2008/343/1980 1820/355/1792
f 2014/356/1986 2015/357/1987 2018/358/1990 2017/359/1989
f 2015/357/1987 2016/360/1988 2019/361/1991 2018/358/1990
f 2017/359/1989 2018/358/1990 2021/362/1993 2020/363/1992
f 2018/358/1990 2019/361/1991 2022/364/1994 2021/362/1993
f 264/365/264 1776/366/1748 2014/356/1986 1816/367/1788
f 1776/366/1748 1775/368/1747 2015/357/1987 2014/356/1986
f 1775/368/1747 1774/369/1746 2016/360/1988 2015/357/1987
f 1774/369/1746 40/238/40 445/249/445 2016/360/1988
f 2016/360/1988 445/249/445 446/259/446 2019/361/1991
f 2019/361/1991 446/259/446 447/257/447 2022/364/1994
f 2022/364/1994 447/257/447 41/258/41 1777/353/1749
f 2021/362/1993 2022/364/1994 1777/353/1749 1778/352/1750
f 2020/363/1992 2021/362/1993 1778/352/1750 1779/350/1751
f 1818/370/1790 2020/363/1992 1779/350/1751 265/349/265
f 1817/371/1789 2017/359/1989 2020/363/1992 1818/370/1790
f 1816/367/1788 2014/356/1986 2017/359/1989 1817/371/1789
f 2023/372/1995 2024/373/1996 2027/374/1999 2026/375/1998
f 2024/373/1996 2025/376/1997 2028/377/2000 2027/374/1999
f 2026/375/1998 2027/374/1999 2030/378/2002 2029/379/2001
f 2027/374/1999 2028/377/2000 2031/380/2003 2030/378/2002
f 263/381/263 1773/382/1745 2023/372/1995 1813/383/1785
f 1773/382/1745 1772/384/1744 2024/373/1996 2023/372/1995
f 1772/384/1744 1771/385/1743 2025/376/1997 2024/373/1996
f 1771/385/1743 39/218/39 448/229/448 2025/376/1997
f 2025/376/1997 448/229/448 449/239/449 2028/377/2000
f 2028/377/2000 449/239/449 450/237/450 2031/380/2003
f 2031/380/2003 450/237/450 40/238/40 1774/369/1746
f 2030/378/2002 2031/380/2003 1774/369/1746 1775/368/1747
f 2029/379/2001 2030/378/2002 1775/368/1747 1776/366/1748
f 1815/386/1787 2029/379/2001 1776/366/1748 264/365/264
f 1814/387/1786 2026/375/1998 2029/379/2001 1815/386/1787
f 1813/383/1785 2023/372/1995 2026/375/1998 1814/387/1786
f 2032/388/2004 2033/389/2005 2036/390/2008 2035/391/2007
f 2033/389/2005 2034/392/2006 2037/393/2009 2036/390/2008
f 2035/391/2007 2036/390/2008 2039/394/2011 2038/395/2010
f 2036/390/2008 2037/393/2009 2040/396/2012 2039/394/2011
f 262/397/262 1770/398/1742 2032/388/2004 1810/399/1782
f 1770/398/1742 1769/400/1741 2033/389/2005 2032/388/2004
f 1769/400/1741 1768/401/1740 2034/392/2006 2033/389/2005
f 1768/401/1740 38/198/38 451/209/451 2034/392/2006
f 2034/392/2006 451/209/451 452/219/452 2037/393/2009
f 2037/393/2009 452/219/452 453/217/453 2040/396/2012
f 2040/396/2012 453/217/453 39/218/39 1771/385/1743
f 2039/394/2011 2040/396/2012 1771/385/1743 1772/384/1744
f 2038/395/2010 2039/394/2011 1772/384/1744 1773/382/1745
f 1812/402/1784 2038/395/2010 1773/382/1745 263/381/263
f 1811/403/1783 2035/391/2007 2038/395/2010 1812/402/1784
f 1810/399/1782 2032/388/2004 2035/391/2007 1811/403/1783
f 2041/404/2013 2042/405/2014 2045/406/2017 2044/407/2016
f 2042/405/2014 2043/408/2015 2046/409/2018 2045/406/2017
f 2044/407/2016 2045/406/2017 2048/410/2020 2047/411/2019
f 2045/406/2017 2046/409/2018 2049/412/2021 2048/410/2020
f 261/413/261 1767/414/1739 2041/404/2013 1807/415/1779
f 1767/414/1739 1766/416/1738 2042/405/2014 2041/404/2013
f 1766/416/1738 1765/417/1737 2043/408/2015 2042/405/2014
f 1765/417/1737 37/178/37 454/189/454 2043/408/2015
f 2043/408/2015 454/189/454 455/199/455 2046/409/2018
f 2046/409/2018 455/199/455 456/197/456 2049/412/2021
f 2049/412/2021 456/197/456 38/198/38 1768/401/1740
f 2048/410/2020 2049/412/2021 1768/401/1740 1769/400/1741
f 2047/411/2019 2048/410/2020 1769/400/1741 1770/398/1742
f 1809/418/1781 2047/411/2019 1770/398/1742 262/397/262
f 1808/419/1780 2044/407/2016 2047/411/2019 1809/418/1781
f 1807/415/1779 2041/404/2013 2044/407/2016 1808/419/1780
f 2050/420/2022 2051/421/2023 2054/422/2026 2053/423/2025
f 2051/421/2023 2052/424/2024 2055/425/2027 2054/422/2026
f 2053/423/2025 2054/422/2026 2057/426/2029 2056/427/2028
f 2054/422/2026 2055/425/2027 2058/428/2030 2057/426/2029
f 260/429/260 1764/430/1736 2050/420/2022 1804/431/1776
f 1764/430/1736 1763/432/1735 2051/421/2023 2050/420/2022
f 1763/432/1735 1762/433/1734 2052/424/2024 2051/421/2023
f 1762/433/1734 36/158/36 457/169/457 2052/424/2024
f 2052/424/2024 457/169/457 458/179/458 2055/425/2027
f 2055/425/2027 458/179/458 459/177/459 2058/428/2030
f 2058/428/2030 459/177/459 37/178/37 1765/417/1737
f 2057/426/2029 2058/428/2030 1765/417/1737 1766/416/1738
f 2056/427/2028 2057/426/2029 1766/416/1738 1767/414/1739
f 1806/434/1778 2056/427/2028 1767/414/1739 261/413/261
f 1805/435/1777 2053/423/2025 2056/427/2028 1806/434/1778
f 1804/431/1776 2050/420/2022 2053/423/2025 1805/435/1777
f 2059/436/2031 2060/437/2032 2063/438/2035 2062/439/2034
f 2060/437/2032 2061/440/2033 2064/441/2036 2063/438/2035
f 2062/439/2034 2063/438/2035 2066/442/2038 2065/443/2037
f 2063/438/2035 2064/441/2036 2067/444/2039 2066/442/2038
f 259/445/259 1761/446/1733 2059/436/2031 1801/447/1773
f 1761/446/1733 1760/448/1732 2060/437/2032 2059/436/2031
f 1760/448/1732 1759/449/1731 2061/440/2033 2060/437/2032
f 1759/449/1731 35/138/35 460/149/460 2061/440/2033
f 2061/440/2033 460/149/460 461/159/461 2064/441/2036
f 2064/441/2036 461/159/461 462/157/462 2067/444/2039
f 2067/444/2039 462/157/462 36/158/36 1762/433/1734
f 2066/442/2038 2067/444/2039 1762/433/1734 1763/432/1735
f 2065/443/2037 2066/442/2038 1763/432/1735 1764/430/1736
f 1803/450/1775 2065/443/2037 1764/430/1736 260/429/260
f 1802/451/1774 2062/439/2034 2065/443/2037 1803/450/1775
f 1801/447/1773 2059/436/2031 2062/439/2034 1802/451/1774
f 2068/452/2040 2069/453/2041 2072/454/2044 2071/455/2043
f 2069/453/2041 2070/456/2042 2073/457/2045 2072/454/2044
f 2071/455/2043 2072/454/2044 2075/458/2047 2074/459/2046
f 2072/454/2044 2073/457/2045 2076/460/2048 2075/458/2047
f 258/461/258 1758/462/1730 2068/452/2040 1798/463/1770
f 1758/462/1730 1757/464/1729 2069/453/2041 2068/452/2040
f 1757/464/1729 1756/465/1728 2070/456/2042 2069/453/2041
f 1756/465/1728 34/125/34 463/127/463 2070/456/2042
f 2070/456/2042 463/127/463 464/139/464 2073/457/2045
f 2073/457/2045 464/139/464 465/137/465 2076/460/2048
f 2076/460/2048 465/137/465 35/138/35 1759/449/1731
f 2075/458/2047 2076/460/2048 1759/449/1731 1760/448/1732
f 2074/459/2046 2075/458/2047 1760/448/1732 1761/446/1733
f 1800/466/1772 2074/459/2046 1761/446/1733 259/445/259
f 1799/467/1771 2071/455/2043 2074/459/2046 1800/466/1772
f 1798/463/1770 2068/452/2040 2071/455/2043 1799/467/1771
f 2077/468/2049 2078/469/2050 2081/470/2053 2080/471/2052
f 2078/469/2050 2079/472/2051 2082/473/2054 2081/470/2053
f 2080/471/2052 2081/470/2053 2084/474/2056 2083/475/2055
f 2081/470/2053 2082/473/2054 2085/476/2057 2084/474/2056
f 257/477/257 1755/478/1727 2077/468/2049 1795/479/1767
f 1755/478/1727 1754/480/1726 2078/469/2050 2077/468/2049
f 1754/480/1726 1753/481/1725 2079/472/2051 2078/469/2050
f 1753/481/1725 33/94/33 466/105/466 2079/472/2051
f 2079/472/2051 466/105/466 467/115/467 2082/473/2054
f 2082/473/2054 467/115/467 468/113/468 2085/476/2057
f 2085/476/2057 468/113/468 34/114/34 1756/482/1728
f 2084/474/2056 2085/476/2057 1756/482/1728 1757/483/1729
f 2083/475/2055 2084/474/2056 1757/483/1729 1758/484/1730
f 1797/485/1769 2083/475/2055 1758/484/1730 258/486/258
f 1796/487/1768 2080/471/2052 2083/475/2055 1797/485/1769
f 1795/479/1767 2077/468/2049 2080/471/2052 1796/487/1768
f 2086/488/2058 2087/489/2059 2090/490/2062 2089/491/2061
f 2087/489/2059 2088/492/2060 2091/493/2063 2090/490/2062
f 2089/491/2061 2090/490/2062 2093/494/2065 2092/495/2064
f 2090/490/2062 2091/493/2063 2094/496/2066 2093/494/2065
f 255/497/255 1749/498/1721 2086/488/2058 1789/499/1761
f 1749/498/1721 1748/500/1720 2087/489/2059 2086/488/2058
f 1748/500/1720 1747/501/1719 2088/492/2060 2087/489/2059
f 1747/501/1719 31/55/31 472/57/472 2088/492/2060
f 2088/492/2060 472/57/472 473/70/473 2091/493/2063
f 2091/493/2063 473/70/473 474/68/474 2094/496/2066
f 2094/496/2066 474/68/474 32/69/32 1750/502/1722
f 2093/494/2065 2094/496/2066 1750/502/1722 1751/503/1723
f 2092/495/2064 2093/494/2065 1751/503/1723 1752/504/1724
f 1791/505/1763 2092/495/2064 1752/504/1724 256/506/256
f 1790/507/1762 2089/491/2061 2092/495/2064 1791/505/1763
f 1789/499/1761 2086/488/2058 2089/491/2061 1790/507/1762
f 2095/508/2067 2096/509/2068 2099/510/2071 2098/511/2070
f 2096/509/2068 2097/512/2069 2100/513/2072 2099/510/2071
f 2098/511/2070 2099/510/2071 2102/514/2074 2101/515/2073
f 2099/510/2071 2100/513/2072 2103/516/2075 2102/514/2074
f 254/517/254 1746/518/1718 2095/508/2067 1786/519/1758
f 1746/518/1718 1745/520/1717 2096/509/2068 2095/508/2067
f 1745/520/1717 1744/521/1716 2097/512/2069 2096/509/2068
f 1744/521/1716 30/24/30 475/35/475 2097/512/2069
f 2097/512/2069 475/35/475 476/45/476 2100/513/2072
f 2100/513/2072 476/45/476 477/43/477 2103/516/2075
f 2103/516/2075 477/43/477 31/44/31 1747/522/1719
f 2102/514/2074 2103/516/2075 1747/522/1719 1748/523/1720
f 2101/515/2073 2102/514/2074 1748/523/1720 1749/524/1721
f 1788/525/1760 2101/515/2073 1749/524/1721 255/526/255
f 1787/527/1759 2098/511/2070 2101/515/2073 1788/525/1760
f 1786/519/1758 2095/508/2067 2098/511/2070 1787/527/1759
f 2104/528/2076 2105/529/2077 2108/530/2080 2107/531/2079
f 2105/529/2077 2106/532/2078 2109/533/2081 2108/530/2080
f 2107/531/2079 2108/530/2080 2111/534/2083 2110/535/2082
f 2108/530/2080 2109/533/2081 2112/536/2084 2111/534/2083
f 253/282/253 397/280/397 2104/528/2076 1783/537/1755
f 397/280/397 398/279/398 2105/529/2077 2104/528/2076
f 398/279/398 399/278/399 2106/532/2078 2105/529/2077
f 399/278/399 29/10/29 478/12/478 2106/532/2078
f 2106/532/2078 478/12/478 479/25/479 2109/533/2081
f 2109/533/2081 479/25/479 480/23/480 2112/536/2084
f 2112/536/2084 480/23/480 30/24/30 1744/521/1716
f 2111/534/2083 2112/536/2084 1744/521/1716 1745/520/1717
f 2110/535/2082 2111/534/2083 1745/520/1717 1746/518/1718
f 1785/538/1757 2110/535/2082 1746/518/1718 254/517/254
f 1784/539/1756 2107/531/2079 2110/535/2082 1785/538/1757
f 1783/537/1755 2104/528/2076 2107/531/2079 1784/539/1756
f 2113/540/2085 2114/541/2086 2117/542/2089 2116/543/2088
f 2114/541/2086 2115/544/2087 2118/545/2090 2117/542/2089
f 2116/543/2088 2117/542/2089 2120/546/2092 2119/547/2091
f 2117/542/2089 2118/545/2090 2121/548/2093 2120/546/2092
f 57/549/57 520/550/520 2113/540/2085 271/551/271
f 520/550/520 521/552/521 2114/541/2086 2113/540/2085
f 521/552/521 522/553/522 2115/544/2087 2114/541/2086
f 522/553/522 56/554/56 523/555/523 2115/544/2087
f 2115/544/2087 523/555/523 524/556/524 2118/545/2090
f 2118/545/2090 524/556/524 525/557/525 2121/548/2093
f 2121/548/2093 525/557/525 43/558/43 280/559/280
f 2120/546/2092 2121/548/2093 280/559/280 281/560/281
f 2119/547/2091 2120/546/2092 281/560/281 282/561/282
f 273/562/273 2119/547/2091 282/561/282 58/563/58
f 272/564/272 2116/543/2088 2119/547/2091 273/562/273
f 271/551/271 2113/540/2085 2116/543/2088 272/564/272
f 2122/565/2094 2123/566/2095 2126/567/2098 2125/568/2097
f 2123/566/2095 2124/569/2096 2127/570/2099 2126/567/2098
f 2125/568/2097 2126/567/2098 2129/571/2101 2128/572/2100
f 2126/567/2098 2127/570/2099 2130/573/2102 2129/571/2101
f 58/563/58 282/561/282 2122/565/2094 283/574/283
f 282/561/282 281/560/281 2123/566/2095 2122/565/2094
f 281/560/281 280/559/280 2124/569/2096 2123/566/2095
f 280/559/280 43/558/43 526/575/526 2124/569/2096
f 2124/569/2096 526/575/526 527/576/527 2127/570/2099
f 2127/570/2099 527/576/527 528/577/528 2130/573/2102
f 2130/573/2102 528/577/528 44/578/44 289/579/289
f 2129/571/2101 2130/573/2102 289/579/289 290/580/290
f 2128/572/2100 2129/571/2101 290/580/290 291/581/291
f 285/582/285 2128/572/2100 291/581/291 59/583/59
f 284/584/284 2125/568/2097 2128/572/2100 285/582/285
f 283/574/283 2122/565/2094 2125/568/2097 284/584/284
f 2131/585/2103 2132/586/2104 2135/587/2107 2134/588/2106
f 2132/586/2104 2133/589/2105 2136/590/2108 2135/587/2107
f 2134/588/2106 2135/587/2107 2138/591/2110 2137/592/2109
f 2135/587/2107 2136/590/2108 2139/593/2111 2138/591/2110
f 59/594/59 291/595/291 2131/585/2103 292/596/292
f 291/595/291 290/597/290 2132/586/2104 2131/585/2103
f 290/597/290 289/598/289 2133/589/2105 2132/586/2104
f 289/598/289 44/599/44 529/600/529 2133/589/2105
f 2133/589/2105 529/600/529 530/601/530 2136/590/2108
f 2136/590/2108 530/601/530 531/602/531 2139/593/2111
f 2139/593/2111 531/602/531 45/603/45 298/604/298
f 2138/591/2110 2139/593/2111 298/604/298 299/605/299
f 2137/592/2109 2138/591/2110 299/605/299 300/606/300
f 294/607/294 2137/592/2109 300/606/300 60/608/60
f 293/609/293 2134/588/2106 2137/592/2109 294/607/294
f 292/596/292 2131/585/2103 2134/588/2106 293/609/293
f 2140/610/2112 2141/611/2113 2144/612/2116 2143/613/2115
f 2141/611/2113 2142/614/2114 2145/615/2117 2144/612/2116
f 2143/613/2115 2144/612/2116 2147/616/2119 2146/617/2118
f 2144/612/2116 2145/615/2117 2148/618/2120 2147/616/2119
f 230/619/230 1620/620/1592 2140/610/2112 1602/621/1574
f 1620/620/1592 1619/622/1591 2141/611/2113 2140/610/2112
f 1619/622/1591 1618/623/1590 2142/614/2114 2141/611/2113
f 1618/623/1590 229/624/229 1585/625/1557 2142/614/2114
f 2142/614/2114 1585/625/1557 1586/626/1558 2145/615/2117
f 2145/615/2117 1586/626/1558 1587/627/1559 2148/618/2120
f 2148/618/2120 1587/627/1559 225/628/225 1573/629/1545
f 2147/616/2119 2148/618/2120 1573/629/1545 1574/630/1546
f 2146/617/2118 2147/616/2119 1574/630/1546 1575/631/1547
f 1600/632/1572 2146/617/2118 1575/631/1547 226/633/226
f 1601/634/1573 2143/613/2115 2146/617/2118 1600/632/1572
f 1602/621/1574 2140/610/2112 2143/613/2115 1601/634/1573
f 2149/635/2121 2150/636/2122 2153/637/2125 2152/638/2124
f 2150/636/2122 2151/639/2123 2154/640/2126 2153/637/2125
f 2152/638/2124 2153/637/2125 2156/641/2128 2155/642/2127
f 2153/637/2125 2154/640/2126 2157/643/2129 2156/641/2128
f 61/644/61 309/645/309 2149/635/2121 310/646/310
f 309/645/309 308/647/308 2150/636/2122 2149/635/2121
f 308/647/308 307/648/307 2151/639/2123 2150/636/2122
f 307/648/307 46/649/46 535/650/535 2151/639/2123
f 2151/639/2123 535/650/535 536/651/536 2154/640/2126
f 2154/640/2126 536/651/536 537/652/537 2157/643/2129
f 2157/643/2129 537/652/537 47/653/47 316/654/316
f 2156/641/2128 2157/643/2129 316/654/316 317/655/317
f 2155/642/2127 2156/641/2128 317/655/317 318/656/318
f 312/657/312 2155/642/2127 318/656/318 62/658/62
f 311/659/311 2152/638/2124 2155/642/2127 312/657/312
f 310/646/310 2149/635/2121 2152/638/2124 311/659/311
f 2158/660/2130 2159/661/2131 2162/662/2134 2161/663/2133
f 2159/661/2131 2160/664/2132 2163/665/2135 2162/662/2134
f 2161/663/2133 2162/662/2134 2165/666/2137 2164/667/2136
f 2162/662/2134 2163/665/2135 2166/668/2138 2165/666/2137
f 62/669/62 318/670/318 2158/660/2130 319/671/319
f 318/670/318 317/672/317 2159/661/2131 2158/660/2130
f 317/672/317 316/673/316 2160/664/2132 2159/661/2131
f 316/673/316 47/653/47 538/674/538 2160/664/2132
f 2160/664/2132 538/674/538 539/675/539 2163/665/2135
f 2163/665/2135 539/675/539 540/676/540 2166/668/2138
f 2166/668/2138 540/676/540 48/677/48 325/678/325
f 2165/666/2137 2166/668/2138 325/678/325 326/679/326
f 2164/667/2136 2165/666/2137 326/679/326 327/680/327
f 321/681/321 2164/667/2136 327/680/327 63/682/63
f 320/683/320 2161/663/2133 2164/667/2136 321/681/321
f 319/671/319 2158/660/2130 2161/663/2133 320/683/320
f 2167/684/2139 2168/685/2140 2171/686/2143 2170/687/2142
f 2168/685/2140 2169/688/2141 2172/689/2144 2171/686/2143
f 2170/687/2142 2171/686/2143 2174/690/2146 2173/691/2145
f 2171/686/2143 2172/689/2144 2175/692/2147 2174/690/2146
f 63/682/63 327/680/327 2167/684/2139 328/693/328
f 327/680/327 326/679/326 2168/685/2140 2167/684/2139
f 326/679/326 325/678/325 2169/688/2141 2168/685/2140
f 325/678/325 48/677/48 541/694/541 2169/688/2141
f 2169/688/2141 541/694/541 542/695/542 2172/689/2144
f 2172/689/2144 542/695/542 543/696/543 2175/692/2147
f 2175/692/2147 543/696/543 49/697/49 334/698/334
f 2174/690/2146 2175/692/2147 334/698/334 335/699/335
f 2173/691/2145 2174/690/2146 335/699/335 336/700/336
f 330/701/330 2173/691/2145 336/700/336 64/702/64
f 329/703/329 2170/687/2142 2173/691/2145 330/701/330
f 328/693/328 2167/684/2139 2170/687/2142 329/703/329
f 2176/704/2148 2177/705/2149 2180/706/2152 2179/707/2151
f 2177/705/2149 2178/708/2150 2181/709/2153 2180/706/2152
f 2179/707/2151 2180/706/2152 2183/710/2155 2182/711/2154
f 2180/706/2152 2181/709/2153 2184/712/2156 2183/710/2155
f 64/702/64 336/700/336 2176/704/2148 337/713/337
f 336/700/336 335/699/335 2177/705/2149 2176/704/2148
f 335/699/335 334/698/334 2178/708/2150 2177/705/2149
f 334/698/334 49/697/49 544/714/544 2178/708/2150
f 2178/708/2150 544/714/544 545/715/545 2181/709/2153
f 2181/709/2153 545/715/545 546/716/546 2184/712/2156
f 2184/712/2156 546/716/546 50/717/50 343/718/343
f 2183/710/2155 2184/712/2156 343/718/343 344/719/344
f 2182/711/2154 2183/710/2155 344/719/344 345/720/345
f 339/721/339 2182/711/2154 345/720/345 65/722/65
f 338/723/338 2179/707/2151 2182/711/2154 339/721/339
f 337/713/337 2176/704/2148 2179/707/2151 338/723/338
f 2185/724/2157 2186/725/2158 2189/726/2161 2188/727/2160
f 2186/725/2158 2187/728/2159 2190/729/2162 2189/726/2161
f 2188/727/2160 2189/726/2161 2192/730/2164 2191/731/2163
f 2189/726/2161 2190/729/2162 2193/732/2165 2192/730/2164
f 65/722/65 345/720/345 2185/724/2157 346/733/346
f 345/720/345 344/719/344 2186/725/2158 2185/724/2157
f 344/719/344 343/718/343 2187/728/2159 2186/725/2158
f 343/718/343 50/717/50 547/734/547 2187/728/2159
f 2187/728/2159 547/734/547 548/735/548 2190/729/2162
f 2190/729/2162 548/735/548 549/736/549 2193/732/2165
f 2193/732/2165 549/736/549 51/737/51 352/738/352
f 2192/730/2164 2193/732/2165 352/738/352 353/739/353
f 2191/731/2163 2192/730/2164 353/739/353 354/740/354
f 348/741/348 2191/731/2163 354/740/354 66/742/66
f 347/743/347 2188/727/2160 2191/731/2163 348/741/348
f 346/733/346 2185/724/2157 2188/727/2160 347/743/347
f 2194/744/2166 2195/745/2167 2198/746/2170 2197/747/2169
f 2195/745/2167 2196/748/2168 2199/749/2171 2198/746/2170
f 2197/747/2169 2198/746/2170 2201/750/2173 2200/751/2172
f 2198/746/2170 2199/749/2171 2202/752/2174 2201/750/2173
f 66/742/66 354/740/354 2194/744/2166 355/753/355
f 354/740/354 353/739/353 2195/745/2167 2194/744/2166
f 353/739/353 352/738/352 2196/748/2168 2195/745/2167
f 352/738/352 51/737/51 550/754/550 2196/748/2168
f 2196/748/2168 550/754/550 551/755/551 2199/749/2171
f 2199/749/2171 551/755/551 552/756/552 2202/752/2174
f 2202/752/2174 552/756/552 52/757/52 361/758/361
f 2201/750/2173 2202/752/2174 361/758/361 362/759/362
f 2200/751/2172 2201/750/2173 362/759/362 363/760/363
f 357/761/357 2200/751/2172 363/760/363 67/762/67
f 356/763/356 2197/747/2169 2200/751/2172 357/761/357
f 355/753/355 2194/744/2166 2197/747/2169 356/763/356
f 2203/764/2175 2204/765/2176 2207/766/2179 2206/767/2178
f 2204/765/2176 2205/768/2177 2208/769/2180 2207/766/2179
f 2206/767/2178 2207/766/2179 2210/770/2182 2209/771/2181
f 2207/766/2179 2208/769/2180 2211/772/2183 2210/770/2182
f 67/762/67 363/760/363 2203/764/2175 364/773/364
f 363/760/363 362/759/362 2204/765/2176 2203/764/2175
f 362/759/362 361/758/361 2205/768/2177 2204/765/2176
f 361/758/361 52/757/52 553/774/553 2205/768/2177
f 2205/768/2177 553/774/553 554/775/554 2208/769/2180
f 2208/769/2180 554/775/554 555/776/555 2211/772/2183
f 2211/772/2183 555/776/555 53/777/53 370/778/370
f 2210/770/2182 2211/772/2183 370/778/370 371/779/371
f 2209/771/2181 2210/770/2182 371/779/371 372/780/372
f 366/781/366 2209/771/2181 372/780/372 68/782/68
f 365/783/365 2206/767/2178 2209/771/2181 366/781/366
f 364/773/364 2203/764/2175 2206/767/2178 365/783/365
f 2212/784/2184 2213/785/2185 2216/786/2188 2215/787/2187
f 2213/785/2185 2214/788/2186 2217/789/2189 2216/786/2188
f 2215/787/2187 2216/786/2188 2219/790/2191 2218/791/2190
f 2216/786/2188 2217/789/2189 2220/792/2192 2219/790/2191
f 68/782/68 372/780/372 2212/784/2184 373/793/373
f 372/780/372 371/779/371 2213/785/2185 2212/784/2184
f 371/779/371 370/778/370 2214/788/2186 2213/785/2185
f 370/778/370 53/777/53 556/794/556 2214/788/2186
f 2214/788/2186 556/794/556 557/795/557 2217/789/2189
f 2217/789/2189 557/795/557 558/796/558 2220/792/2192
f 2220/792/2192 558/796/558 54/797/54 379/798/379
f 2219/790/2191 2220/792/2192 379/798/379 380/799/380
f 2218/791/2190 2219/790/2191 380/799/380 381/800/381
f 375/801/375 2218/791/2190 381/800/381 69/802/69
f 374/803/374 2215/787/2187 2218/791/2190 375/801/375
f 373/793/373 2212/784/2184 2215/787/2187 374/803/374
f 2221/804/2193 2222/805/2194 2225/806/2197 2224/807/2196
f 2222/805/2194 2223/808/2195 2226/809/2198 2225/806/2197
f 2224/807/2196 2225/806/2197 2228/810/2200 2227/811/2199
f 2225/806/2197 2226/809/2198 2229/812/2201 2228/810/2200
f 69/802/69 381/800/381 2221/804/2193 382/813/382
f 381/800/381 380/799/380 2222/805/2194 2221/804/2193
f 380/799/380 379/798/379 2223/808/2195 2222/805/2194
f 379/798/379 54/797/54 559/814/559 2223/808/2195
f 2223/808/2195 559/814/559 560/815/560 2226/809/2198
f 2226/809/2198 560/815/560 561/816/561 2229/812/2201
f 2229/812/2201 561/816/561 55/817/55 388/818/388
f 2228/810/2200 2229/812/2201 388/818/388 389/819/389
f 2227/811/2199 2228/810/2200 389/819/389 390/820/390
f 384/821/384 2227/811/2199 390/820/390 70/822/70
f 383/823/383 2224/807/2196 2227/811/2199 384/821/384
f 382/813/382 2221/804/2193 2224/807/2196 383/823/383
f 2230/824/2202 2231/825/2203 2234/826/2206 2233/827/2205
f 2231/825/2203 2232/828/2204 2235/829/2207 2234/826/2206
f 2233/827/2205 2234/826/2206 2237/830/2209 2236/831/2208
f 2234/826/2206 2235/829/2207 2238/832/2210 2237/830/2209
f 70/822/70 390/820/390 2230/824/2202 391/833/391
f 390/820/390 389/819/389 2231/825/2203 2230/824/2202
f 389/819/389 388/818/388 2232/828/2204 2231/825/2203
f 388/818/388 55/817/55 562/834/562 2232/828/2204
f 2232/828/2204 562/834/562 563/835/563 2235/829/2207
f 2235/829/2207 563/835/563 564/836/564 2238/832/2210
f 2238/832/2210 564/836/564 56/554/56 522/553/522
f 2237/830/2209 2238/832/2210 522/553/522 521/552/521
f 2236/831/2208 2237/830/2209 521/552/521 520/550/520
f 393/837/393 2236/831/2208 520/550/520 57/549/57
f 392/838/392 2233/827/2205 2236/831/2208 393/837/393
f 391/833/391 2230/824/2202 2233/827/2205 392/838/392
f 2239/839/2211 2240/840/2212 2243/841/2215 2242/842/2214
f 2240/840/2212 2241/843/2213 2244/844/2216 2243/841/2215
f 2242/842/2214 2243/841/2215 2246/845/2218 2245/846/2217
f 2243/841/2215 2244/844/2216 2247/847/2219 2246/845/2218
f 3/848/3 567/849/567 2239/839/2211 609/850/609
f 567/849/567 566/851/566 2240/840/2212 2239/839/2211
f 566/851/566 565/852/565 2241/843/2213 2240/840/2212
f 565/852/565 1/853/1 610/854/610 2241/843/2213
f 2241/843/2213 610/854/610 611/855/611 2244/844/2216
f 2244/844/2216 611/855/611 612/856/612 2247/847/2219
f 2247/847/2219 612/856/612 57/549/57 271/857/271
f 2246/845/2218 2247/847/2219 271/857/271 272/858/272
f 2245/846/2217 2246/845/2218 272/858/272 273/562/273
f 607/859/607 2245/846/2217 273/562/273 58/860/58
f 608/861/608 2242/842/2214 2245/846/2217 607/859/607
f 609/850/609 2239/839/2211 2242/842/2214 608/861/608
f 2248/862/2220 2249/863/2221 2252/864/2224 2251/865/2223
f 2249/863/2221 2250/866/2222 2253/867/2225 2252/864/2224
f 2251/865/2223 2252/864/2224 2255/868/2227 2254/869/2226
f 2252/864/2224 2253/867/2225 2256/870/2228 2255/868/2227
f 5/871/5 570/872/570 2248/862/2220 615/873/615
f 570/872/570 569/874/569 2249/863/2221 2248/862/2220
f 569/874/569 568/875/568 2250/866/2222 2249/863/2221
f 568/875/568 3/848/3 609/850/609 2250/866/2222
f 2250/866/2222 609/850/609 608/861/608 2253/867/2225
f 2253/867/2225 608/861/608 607/859/607 2256/870/2228
f 2256/870/2228 607/859/607 58/860/58 283/876/283
f 2255/868/2227 2256/870/2228 283/876/283 284/877/284
f 2254/869/2226 2255/868/2227 284/877/284 285/878/285
f 613/879/613 2254/869/2226 285/878/285 59/880/59
f 614/881/614 2251/865/2223 2254/869/2226 613/879/613
f 615/873/615 2248/862/2220 2251/865/2223 614/881/614
f 2257/882/2229 2258/883/2230 2261/884/2233 2260/885/2232
f 2258/883/2230 2259/886/2231 2262/887/2234 2261/884/2233
f 2260/885/2232 2261/884/2233 2264/888/2236 2263/889/2235
f 2261/884/2233 2262/887/2234 2265/890/2237 2264/888/2236
f 7/891/7 573/892/573 2257/882/2229 618/893/618
f 573/892/573 572/894/572 2258/883/2230 2257/882/2229
f 572/894/572 571/895/571 2259/886/2231 2258/883/2230
f 571/895/571 5/896/5 615/897/615 2259/886/2231
f 2259/886/2231 615/897/615 614/898/614 2262/887/2234
f 2262/887/2234 614/898/614 613/899/613 2265/890/2237
f 2265/890/2237 613/899/613 59/594/59 292/900/292
f 2264/888/2236 2265/890/2237 292/900/292 293/609/293
f 2263/889/2235 2264/888/2236 293/609/293 294/901/294
f 616/902/616 2263/889/2235 294/901/294 60/608/60
f 617/903/617 2260/885/2232 2263/889/2235 616/902/616
f 618/893/618 2257/882/2229 2260/885/2232 617/903/617
f 2266/904/2238 2267/905/2239 2270/906/2242 2269/907/2241
f 2267/905/2239 2268/908/2240 2271/909/2243 2270/906/2242
f 2269/907/2241 2270/906/2242 2273/910/2245 2272/911/2244
f 2270/906/2242 2271/909/2243 2274/912/2246 2273/910/2245
f 9/913/9 576/914/576 2266/904/2238 621/915/621
f 576/914/576 575/916/575 2267/905/2239 2266/904/2238
f 575/916/575 574/917/574 2268/908/2240 2267/905/2239
f 574/917/574 7/918/7 618/919/618 2268/908/2240
f 2268/908/2240 618/919/618 617/920/617 2271/909/2243
f 2271/909/2243 617/920/617 616/921/616 2274/912/2246
f 2274/912/2246 616/921/616 60/922/60 301/923/301
f 2273/910/2245 2274/912/2246 301/923/301 302/924/302
f 2272/911/2244 2273/910/2245 302/924/302 303/925/303
f 619/926/619 2272/911/2244 303/925/303 61/644/61
f 620/927/620 2269/907/2241 2272/911/2244 619/926/619
f 621/915/621 2266/904/2238 2269/907/2241 620/927/620
f 2275/928/2247 2276/929/2248 2279/930/2251 2278/931/2250
f 2276/929/2248 2277/932/2249 2280/933/2252 2279/930/2251
f 2278/931/2250 2279/930/2251 2282/934/2254 2281/935/2253
f 2279/930/2251 2280/933/2252 2283/936/2255 2282/934/2254
f 11/937/11 579/938/579 2275/928/2247 624/939/624
f 579/938/579 578/940/578 2276/929/2248 2275/928/2247
f 578/940/578 577/941/577 2277/932/2249 2276/929/2248
f 577/941/577 9/913/9 621/915/621 2277/932/2249
f 2277/932/2249 621/915/621 620/927/620 2280/933/2252
f 2280/933/2252 620/927/620 619/926/619 2283/936/2255
f 2283/936/2255 619/926/619 61/644/61 310/942/310
f 2282/934/2254 2283/936/2255 310/942/310 311/943/311
f 2281/935/2253 2282/934/2254 311/943/311 312/944/312
f 622/945/622 2281/935/2253 312/944/312 62/658/62
f 623/946/623 2278/931/2250 2281/935/2253 622/945/622
f 624/939/624 2275/928/2247 2278/931/2250 623/946/623
f 2284/947/2256 2285/948/2257 2288/949/2260 2287/950/2259
f 2285/948/2257 2286/951/2258 2289/952/2261 2288/949/2260
f 2287/950/2259 2288/949/2260 2291/953/2263 2290/954/2262
f 2288/949/2260 2289/952/2261 2292/955/2264 2291/953/2263
f 13/956/13 582/957/582 2284/947/2256 627/958/627
f 582/957/582 581/959/581 2285/948/2257 2284/947/2256
f 581/959/581 580/960/580 2286/951/2258 2285/948/2257
f 580/960/580 11/961/11 624/962/624 2286/951/2258
f 2286/951/2258 624/962/624 623/963/623 2289/952/2261
f 2289/952/2261 623/963/623 622/964/622 2292/955/2264
f 2292/955/2264 622/964/622 62/965/62 319/966/319
f 2291/953/2263 2292/955/2264 319/966/319 320/683/320
f 2290/954/2262 2291/953/2263 320/683/320 321/681/321
f 625/967/625 2290/954/2262 321/681/321 63/968/63
f 626/969/626 2287/950/2259 2290/954/2262 625/967/625
f 627/958/627 2284/947/2256 2287/950/2259 626/969/626
f 2293/970/2265 2294/971/2266 2297/972/2269 2296/973/2268
f 2294/971/2266 2295/974/2267 2298/975/2270 2297/972/2269
f 2296/973/2268 2297/972/2269 2300/976/2272 2299/977/2271
f 2297/972/2269 2298/975/2270 2301/978/2273 2300/976/2272
f 15/979/15 585/980/585 2293/970/2265 630/981/630
f 585/980/585 584/982/584 2294/971/2266 2293/970/2265
f 584/982/584 583/983/583 2295/974/2267 2294/971/2266
f 583/983/583 13/956/13 627/958/627 2295/974/2267
f 2295/974/2267 627/958/627 626/969/626 2298/975/2270
f 2298/975/2270 626/969/626 625/967/625 2301/978/2273
f 2301/978/2273 625/967/625 63/968/63 328/984/328
f 2300/976/2272 2301/978/2273 328/984/328 329/985/329
f 2299/977/2271 2300/976/2272 329/985/329 330/986/330
f 628/987/628 2299/977/2271 330/986/330 64/702/64
f 629/988/629 2296/973/2268 2299/977/2271 628/987/628
f 630/981/630 2293/970/2265 2296/973/2268 629/988/629
f 2302/989/2274 2303/990/2275 2306/991/2278 2305/992/2277
f 2303/990/2275 2304/993/2276 2307/994/2279 2306/991/2278
f 2305/992/2277 2306/991/2278 2309/995/2281 2308/996/2280
f 2306/991/2278 2307/994/2279 2310/997/2282 2309/995/2281
f 17/998/17 588/999/588 2302/989/2274 633/1000/633
f 588/999/588 587/1001/587 2303/990/2275 2302/989/2274
f 587/1001/587 586/1002/586 2304/993/2276 2303/990/2275
f 586/1002/586 15/979/15 630/981/630 2304/993/2276
f 2304/993/2276 630/981/630 629/988/629 2307/994/2279
f 2307/994/2279 629/988/629 628/987/628 2310/997/2282
f 2310/997/2282 628/987/628 64/702/64 337/1003/337
f 2309/995/2281 2310/997/2282 337/1003/337 338/723/338
f 2308/996/2280 2309/995/2281 338/723/338 339/721/339
f 631/1004/631 2308/996/2280 339/721/339 65/1005/65
f 632/1006/632 2305/992/2277 2308/996/2280 631/1004/631
f 633/1000/633 2302/989/2274 2305/992/2277 632/1006/632
f 2311/1007/2283 2312/1008/2284 2315/1009/2287 2314/1010/2286
f 2312/1008/2284 2313/1011/2285 2316/1012/2288 2315/1009/2287
f 2314/1010/2286 2315/1009/2287 2318/1013/2290 2317/1014/2289
f 2315/1009/2287 2316/1012/2288 2319/1015/2291 2318/1013/2290
f 19/1016/19 591/1017/591 2311/1007/2283 636/1018/636
f 591/1017/591 590/1019/590 2312/1008/2284 2311/1007/2283
f 590/1019/590 589/1020/589 2313/1011/2285 2312/1008/2284
f 589/1020/589 17/998/17 633/1000/633 2313/1011/2285
f 2313/1011/2285 633/1000/633 632/1006/632 2316/1012/2288
f 2316/1012/2288 632/1006/632 631/1004/631 2319/1015/2291
f 2319/1015/2291 631/1004/631 65/1005/65 346/1021/346
f 2318/1013/2290 2319/1015/2291 346/1021/346 347/1022/347
f 2317/1014/2289 2318/1013/2290 347/1022/347 348/1023/348
f 634/1024/634 2317/1014/2289 348/1023/348 66/1025/66
f 635/1026/635 2314/1010/2286 2317/1014/2289 634/1024/634
f 636/1018/636 2311/1007/2283 2314/1010/2286 635/1026/635
f 2320/1027/2292 2321/1028/2293 2324/1029/2296 2323/1030/2295
f 2321/1028/2293 2322/1031/2294 2325/1032/2297 2324/1029/2296
f 2323/1030/2295 2324/1029/2296 2327/1033/2299 2326/1034/2298
f 2324/1029/2296 2325/1032/2297 2328/1035/2300 2327/1033/2299
f 21/1036/21 594/1037/594 2320/1027/2292 639/1038/639
f 594/1037/594 593/1039/593 2321/1028/2293 2320/1027/2292
f 593/1039/593 592/1040/592 2322/1031/2294 2321/1028/2293
f 592/1040/592 19/1016/19 636/1018/636 2322/1031/2294
f 2322/1031/2294 636/1018/636 635/1026/635 2325/1032/2297
f 2325/1032/2297 635/1026/635 634/1024/634 2328/1035/2300
f 2328/1035/2300 634/1024/634 66/1025/66 355/1041/355
f 2327/1033/2299 2328/1035/2300 355/1041/355 356/763/356
f 2326/1034/2298 2327/1033/2299 356/763/356 357/1042/357
f 637/1043/637 2326/1034/2298 357/1042/357 67/762/67
f 638/1044/638 2323/1030/2295 2326/1034/2298 637/1043/637
f 639/1038/639 2320/1027/2292 2323/1030/2295 638/1044/638
f 2329/1045/2301 2330/1046/2302 2333/1047/2305 2332/1048/2304
f 2330/1046/2302 2331/1049/2303 2334/1050/2306 2333/1047/2305
f 2332/1048/2304 2333/1047/2305 2336/1051/2308 2335/1052/2307
f 2333/1047/2305 2334/1050/2306 2337/1053/2309 2336/1051/2308
f 23/1054/23 597/1055/597 2329/1045/2301 642/1056/642
f 597/1055/597 596/1057/596 2330/1046/2302 2329/1045/2301
f 596/1057/596 595/1058/595 2331/1049/2303 2330/1046/2302
f 595/1058/595 21/1036/21 639/1038/639 2331/1049/2303
f 2331/1049/2303 639/1038/639 638/1044/638 2334/1050/2306
f 2334/1050/2306 638/1044/638 637/1043/637 2337/1053/2309
f 2337/1053/2309 637/1043/637 67/762/67 364/1059/364
f 2336/1051/2308 2337/1053/2309 364/1059/364 365/783/365
f 2335/1052/2307 2336/1051/2308 365/783/365 366/781/366
f 640/1060/640 2335/1052/2307 366/781/366 68/1061/68
f 641/1062/641 2332/1048/2304 2335/1052/2307 640/1060/640
f 642/1056/642 2329/1045/2301 2332/1048/2304 641/1062/641
f 2338/1063/2310 2339/1064/2311 2342/1065/2314 2341/1066/2313
f 2339/1064/2311 2340/1067/2312 2343/1068/2315 2342/1065/2314
f 2341/1066/2313 2342/1065/2314 2345/1069/2317 2344/1070/2316
f 2342/1065/2314 2343/1068/2315 2346/1071/2318 2345/1069/2317
f 25/1072/25 600/1073/600 2338/1063/2310 645/1074/645
f 600/1073/600 599/1075/599 2339/1064/2311 2338/1063/2310
f 599/1075/599 598/1076/598 2340/1067/2312 2339/1064/2311
f 598/1076/598 23/1054/23 642/1056/642 2340/1067/2312
f 2340/1067/2312 642/1056/642 641/1062/641 2343/1068/2315
f 2343/1068/2315 641/1062/641 640/1060/640 2346/1071/2318
f 2346/1071/2318 640/1060/640 68/1061/68 373/1077/373
f 2345/1069/2317 2346/1071/2318 373/1077/373 374/803/374
f 2344/1070/2316 2345/1069/2317 374/803/374 375/801/375
f 643/1078/643 2344/1070/2316 375/801/375 69/1079/69
f 644/1080/644 2341/1066/2313 2344/1070/2316 643/1078/643
f 645/1074/645 2338/1063/2310 2341/1066/2313 644/1080/644
f 2347/1081/2319 2348/1082/2320 2351/1083/2323 2350/1084/2322
f 2348/1082/2320 2349/1085/2321 2352/1086/2324 2351/1083/2323
f 2350/1084/2322 2351/1083/2323 2354/1087/2326 2353/1088/2325
f 2351/1083/2323 2352/1086/2324 2355/1089/2327 2354/1087/2326
f 27/1090/27 603/1091/603 2347/1081/2319 648/1092/648
f 603/1091/603 602/1093/602 2348/1082/2320 2347/1081/2319
f 602/1093/602 601/1094/601 2349/1085/2321 2348/1082/2320
f 601/1094/601 25/1072/25 645/1074/645 2349/1085/2321
f 2349/1085/2321 645/1074/645 644/1080/644 2352/1086/2324
f 2352/1086/2324 644/1080/644 643/1078/643 2355/1089/2327
f 2355/1089/2327 643/1078/643 69/1079/69 382/1095/382
f 2354/1087/2326 2355/1089/2327 382/1095/382 383/823/383
f 2353/1088/2325 2354/1087/2326 383/823/383 384/821/384
f 646/1096/646 2353/1088/2325 384/821/384 70/1097/70
f 647/1098/647 2350/1084/2322 2353/1088/2325 646/1096/646
f 648/1092/648 2347/1081/2319 2350/1084/2322 647/1098/647
f 2356/1099/2328 2357/1100/2329 2360/1101/2332 2359/1102/2331
f 2357/1100/2329 2358/1103/2330 2361/1104/2333 2360/1101/2332
f 2359/1102/2331 2360/1101/2332 2363/1105/2335 2362/1106/2334
f 2360/1101/2332 2361/1104/2333 2364/1107/2336 2363/1105/2335
f 1/853/1 606/1108/606 2356/1099/2328 610/854/610
f 606/1108/606 605/1109/605 2357/1100/2329 2356/1099/2328
f 605/1109/605 604/1110/604 2358/1103/2330 2357/1100/2329
f 604/1110/604 27/1090/27 648/1092/648 2358/1103/2330
f 2358/1103/2330 648/1092/648 647/1098/647 2361/1104/2333
f 2361/1104/2333 647/1098/647 646/1096/646 2364/1107/2336
f 2364/1107/2336 646/1096/646 70/1097/70 391/1111/391
f 2363/1105/2335 2364/1107/2336 391/1111/391 392/1112/392
f 2362/1106/2334 2363/1105/2335 392/1112/392 393/837/393
f 612/856/612 2362/1106/2334 393/837/393 57/549/57
f 611/855/611 2359/1102/2331 2362/1106/2334 612/856/612
f 610/854/610 2356/1099/2328 2359/1102/2331 611/855/611
f 2366/1113/2338 2367/1114/2339 2365/1115/2337 2393/1116/2365
f 2368/1117/2340 2369/1118/2341 2365/1115/2337 2367/1119/2339
f 2370/1120/2342 2371/1121/2343 2365/1115/2337 2369/1122/2341
f 2372/1123/2344 2373/1124/2345 2365/1115/2337 2371/1121/2343
f 2374/1125/2346 2375/1126/2347 2365/1115/2337 2373/1124/2345
f 2376/1127/2348 2377/1128/2349 2365/1115/2337 2375/1129/2347
f 2378/1130/2350 2379/1131/2351 2365/1115/2337 2377/1132/2349
f 2380/1133/2352 2381/1134/2353 2365/1115/2337 2379/1135/2351
f 2382/1136/2354 2383/1137/2355 2365/1115/2337 2381/1138/2353
f 2384/1139/2356 2385/1140/2357 2365/1115/2337 2383/1141/2355
f 2386/1142/2358 2387/1143/2359 2365/1115/2337 2385/1144/2357
f 2388/1145/2360 2389/1146/2361 2365/1115/2337 2387/1147/2359
f 2390/1148/2362 2391/1149/2363 2365/1115/2337 2389/1150/2361
f 2392/1151/2364 2393/1152/2365 2365/1115/2337 2391/1153/2363
f 71/1154/71 649/1155/649 2366/1113/2338 690/1156/690
f 649/1155/649 650/1157/650 2367/1114/2339 2366/1113/2338
f 690/1156/690 2366/1113/2338 2393/1116/2365 689/1158/689
f 72/1159/72 652/1160/652 2368/1117/2340 651/1161/651
f 652/1160/652 653/1162/653 2369/1118/2341 2368/1117/2340
f 651/1161/651 2368/1117/2340 2367/1119/2339 650/1157/650
f 73/1163/73 655/1164/655 2370/1120/2342 654/1165/654
f 655/1164/655 656/1166/656 2371/1121/2343 2370/1120/2342
f 654/1165/654 2370/1120/2342 2369/1122/2341 653/1162/653
f 74/1167/74 658/1168/658 2372/1123/2344 657/1169/657
f 658/1168/658 659/1170/659 2373/1124/2345 2372/1123/2344
f 657/1169/657 2372/1123/2344 2371/1121/2343 656/1166/656
f 75/1171/75 661/1172/661 2374/1125/2346 660/1173/660
f 661/1172/661 662/1174/662 2375/1126/2347 2374/1125/2346
f 660/1173/660 2374/1125/2346 2373/1124/2345 659/1170/659
f 76/1175/76 664/1176/664 2376/1127/2348 663/1177/663
f 664/1176/664 665/1178/665 2377/1128/2349 2376/1127/2348
f 663/1177/663 2376/1127/2348 2375/1129/2347 662/1174/662
f 77/1179/77 667/1180/667 2378/1130/2350 666/1181/666
f 667/1180/667 668/1182/668 2379/1131/2351 2378/1130/2350
f 666/1181/666 2378/1130/2350 2377/1132/2349 665/1178/665
f 78/1183/78 670/1184/670 2380/1133/2352 669/1185/669
f 670/1184/670 671/1186/671 2381/1134/2353 2380/1133/2352
f 669/1185/669 2380/1133/2352 2379/1135/2351 668/1187/668
f 79/1188/79 673/1189/673 2382/1136/2354 672/1190/672
f 673/1189/673 674/1191/674 2383/1137/2355 2382/1136/2354
f 672/1190/672 2382/1136/2354 2381/1138/2353 671/1186/671
f 80/1192/80 676/1193/676 2384/1139/2356 675/1194/675
f 676/1193/676 677/1195/677 2385/1140/2357 2384/1139/2356
f 675/1194/675 2384/1139/2356 2383/1141/2355 674/1191/674
f 81/1196/81 679/1197/679 2386/1142/2358 678/1198/678
f 679/1197/679 680/1199/680 2387/1143/2359 2386/1142/2358
f 678/1198/678 2386/1142/2358 2385/1144/2357 677/1195/677
f 82/1200/82 682/1201/682 2388/1145/2360 681/1202/681
f 682/1201/682 683/1203/683 2389/1146/2361 2388/1145/2360
f 681/1202/681 2388/1145/2360 2387/1147/2359 680/1199/680
f 83/1204/83 685/1205/685 2390/1148/2362 684/1206/684
f 685/1205/685 686/1207/686 2391/1149/2363 2390/1148/2362
f 684/1206/684 2390/1148/2362 2389/1150/2361 683/1203/683
f 84/1208/84 688/1209/688 2392/1151/2364 687/1210/687
f 688/1209/688 689/1158/689 2393/1152/2365 2392/1151/2364
f 687/1210/687 2392/1151/2364 2391/1153/2363 686/1211/686
f 2394/1212/2366 2395/1213/2367 2398/1214/2370 2397/1215/2369
f 2395/1213/2367 2396/1216/2368 2399/1217/2371 2398/1214/2370
f 2397/1215/2369 2398/1214/2370 2401/1218/2373 2400/1219/2372
f 2398/1214/2370 2399/1217/2371 2402/1220/2374 2401/1218/2373
f 88/1221/88 813/1222/789 2394/1212/2366 744/1223/740
f 813/1222/789 812/1224/788 2395/1213/2367 2394/1212/2366
f 812/1224/788 811/1225/787 2396/1216/2368 2395/1213/2367
f 811/1225/787 87/1226/87 697/1227/697 2396/1216/2368
f 2396/1216/2368 697/1227/697 698/1228/698 2399/1217/2371
f 2399/1217/2371 698/1228/698 699/1229/699 2402/1220/2374
f 2402/1220/2374 699/1229/699 82/1230/82 681/1231/681
f 2401/1218/2373 2402/1220/2374 681/1231/681 680/1232/680
f 2400/1219/2372 2401/1218/2373 680/1232/680 679/1233/679
f 742/1234/738 2400/1219/2372 679/1233/679 81/1235/81
f 743/1236/739 2397/1215/2369 2400/1219/2372 742/1234/738
f 744/1223/740 2394/1212/2366 2397/1215/2369 743/1236/739
f 2403/1237/2375 2404/1238/2376 2407/1239/2379 2406/1240/2378
f 2404/1238/2376 2405/1241/2377 2408/1242/2380 2407/1239/2379
f 2406/1240/2378 2407/1239/2379 2410/1243/2382 2409/1244/2381
f 2407/1239/2379 2408/1242/2380 2411/1245/2383 2410/1243/2382
f 85/1246/85 810/1247/786 2403/1237/2375 691/1248/691
f 810/1247/786 809/1249/785 2404/1238/2376 2403/1237/2375
f 809/1249/785 808/1250/784 2405/1241/2377 2404/1238/2376
f 808/1250/784 89/1251/89 703/1252/703 2405/1241/2377
f 2405/1241/2377 703/1252/703 704/1253/704 2408/1242/2380
f 2408/1242/2380 704/1253/704 705/1254/705 2411/1245/2383
f 2411/1245/2383 705/1254/705 75/1255/75 660/1256/660
f 2410/1243/2382 2411/1245/2383 660/1256/660 659/1257/659
f 2409/1244/2381 2410/1243/2382 659/1257/659 658/1258/658
f 693/1259/693 2409/1244/2381 658/1258/658 74/1260/74
f 692/1261/692 2406/1240/2378 2409/1244/2381 693/1259/693
f 691/1248/691 2403/1237/2375 2406/1240/2378 692/1261/692
f 2412/1262/2384 2413/1263/2385 2416/1264/2388 2415/1265/2387
f 2413/1263/2385 2414/1266/2386 2417/1267/2389 2416/1264/2388
f 2415/1265/2387 2416/1264/2388 2419/1268/2391 2418/1269/2390
f 2416/1264/2388 2417/1267/2389 2420/1270/2392 2419/1268/2391
f 87/1226/87 807/1271/783 2412/1262/2384 697/1227/697
f 807/1271/783 806/1272/782 2413/1263/2385 2412/1262/2384
f 806/1272/782 805/1273/781 2414/1266/2386 2413/1263/2385
f 805/1273/781 90/1274/90 706/1275/706 2414/1266/2386
f 2414/1266/2386 706/1275/706 707/1276/707 2417/1267/2389
f 2417/1267/2389 707/1276/707 708/1277/708 2420/1270/2392
f 2420/1270/2392 708/1277/708 83/1278/83 684/1279/684
f 2419/1268/2391 2420/1270/2392 684/1279/684 683/1280/683
f 2418/1269/2390 2419/1268/2391 683/1280/683 682/1281/682
f 699/1229/699 2418/1269/2390 682/1281/682 82/1230/82
f 698/1228/698 2415/1265/2387 2418/1269/2390 699/1229/699
f 697/1227/697 2412/1262/2384 2415/1265/2387 698/1228/698
f 2421/1282/2393 2422/1283/2394 2425/1284/2397 2424/1285/2396
f 2422/1283/2394 2423/1286/2395 2426/1287/2398 2425/1284/2397
f 2424/1285/2396 2425/1284/2397 2428/1288/2400 2427/1289/2399
f 2425/1284/2397 2426/1287/2398 2429/1290/2401 2428/1288/2400
f 89/1251/89 804/1291/780 2421/1282/2393 703/1252/703
f 804/1291/780 803/1292/779 2422/1283/2394 2421/1282/2393
f 803/1292/779 802/1293/778 2423/1286/2395 2422/1283/2394
f 802/1293/778 91/1294/91 709/1295/709 2423/1286/2395
f 2423/1286/2395 709/1295/709 710/1296/710 2426/1287/2398
f 2426/1287/2398 710/1296/710 711/1297/711 2429/1290/2401
f 2429/1290/2401 711/1297/711 76/1298/76 663/1299/663
f 2428/1288/2400 2429/1290/2401 663/1299/663 662/1300/662
f 2427/1289/2399 2428/1288/2400 662/1300/662 661/1301/661
f 705/1254/705 2427/1289/2399 661/1301/661 75/1255/75
f 704/1253/704 2424/1285/2396 2427/1289/2399 705/1254/705
f 703/1252/703 2421/1282/2393 2424/1285/2396 704/1253/704
f 2430/1302/2402 2431/1303/2403 2434/1304/2406 2433/1305/2405
f 2431/1303/2403 2432/1306/2404 2435/1307/2407 2434/1304/2406
f 2433/1305/2405 2434/1304/2406 2437/1308/2409 2436/1309/2408
f 2434/1304/2406 2435/1307/2407 2438/1310/2410 2437/1308/2409
f 90/1274/90 801/1311/777 2430/1302/2402 706/1275/706
f 801/1311/777 800/1312/776 2431/1303/2403 2430/1302/2402
f 800/1312/776 799/1313/775 2432/1306/2404 2431/1303/2403
f 799/1313/775 92/1314/92 712/1315/712 2432/1306/2404
f 2432/1306/2404 712/1315/712 713/1316/713 2435/1307/2407
f 2435/1307/2407 713/1316/713 714/1317/714 2438/1310/2410
f 2438/1310/2410 714/1317/714 84/1318/84 687/1319/687
f 2437/1308/2409 2438/1310/2410 687/1319/687 686/1320/686
f 2436/1309/2408 2437/1308/2409 686/1320/686 685/1321/685
f 708/1277/708 2436/1309/2408 685/1321/685 83/1278/83
f 707/1276/707 2433/1305/2405 2436/1309/2408 708/1277/708
f 706/1275/706 2430/1302/2402 2433/1305/2405 707/1276/707
f 2439/1322/2411 2440/1323/2412 2443/1324/2415 2442/1325/2414
f 2440/1323/2412 2441/1326/2413 2444/1327/2416 2443/1324/2415
f 2442/1325/2414 2443/1324/2415 2446/1328/2418 2445/1329/2417
f 2443/1324/2415 2444/1327/2416 2447/1330/2419 2446/1328/2418
f 91/1294/91 798/1331/774 2439/1322/2411 709/1295/709
f 798/1331/774 797/1332/773 2440/1323/2412 2439/1322/2411
f 797/1332/773 796/1333/772 2441/1326/2413 2440/1323/2412
f 796/1333/772 93/1334/93 715/1335/715 2441/1326/2413
f 2441/1326/2413 715/1335/715 716/1336/716 2444/1327/2416
f 2444/1327/2416 716/1336/716 717/1337/717 2447/1330/2419
f 2447/1330/2419 717/1337/717 77/1338/77 666/1339/666
f 2446/1328/2418 2447/1330/2419 666/1339/666 665/1340/665
f 2445/1329/2417 2446/1328/2418 665/1340/665 664/1341/664
f 711/1297/711 2445/1329/2417 664/1341/664 76/1298/76
f 710/1296/710 2442/1325/2414 2445/1329/2417 711/1297/711
f 709/1295/709 2439/1322/2411 2442/1325/2414 710/1296/710
f 2448/1342/2420 2449/1343/2421 2452/1344/2424 2451/1345/2423
f 2449/1343/2421 2450/1346/2422 2453/1347/2425 2452/1344/2424
f 2451/1345/2423 2452/1344/2424 2455/1348/2427 2454/1349/2426
f 2452/1344/2424 2453/1347/2425 2456/1350/2428 2455/1348/2427
f 92/1314/92 795/1351/771 2448/1342/2420 712/1315/712
f 795/1351/771 794/1352/770 2449/1343/2421 2448/1342/2420
f 794/1352/770 793/1353/769 2450/1346/2422 2449/1343/2421
f 793/1353/769 94/1354/94 718/1355/718 2450/1346/2422
f 2450/1346/2422 718/1355/718 719/1356/719 2453/1347/2425
f 2453/1347/2425 719/1356/719 720/1357/720 2456/1350/2428
f 2456/1350/2428 720/1357/720 71/1358/71 690/1359/690
f 2455/1348/2427 2456/1350/2428 690/1359/690 689/1360/689
f 2454/1349/2426 2455/1348/2427 689/1360/689 688/1361/688
f 714/1317/714 2454/1349/2426 688/1361/688 84/1318/84
f 713/1316/713 2451/1345/2423 2454/1349/2426 714/1317/714
f 712/1315/712 2448/1342/2420 2451/1345/2423 713/1316/713
f 2457/1362/2429 2458/1363/2430 2461/1364/2433 2460/1365/2432
f 2458/1363/2430 2459/1366/2431 2462/1367/2434 2461/1364/2433
f 2460/1365/2432 2461/1364/2433 2464/1368/2436 2463/1369/2435
f 2461/1364/2433 2462/1367/2434 2465/1370/2437 2464/1368/2436
f 93/1334/93 792/1371/768 2457/1362/2429 715/1335/715
f 792/1371/768 791/1372/767 2458/1363/2430 2457/1362/2429
f 791/1372/767 790/1373/766 2459/1366/2431 2458/1363/2430
f 790/1373/766 95/1374/95 721/1375/721 2459/1366/2431
f 2459/1366/2431 721/1375/721 722/1376/722 2462/1367/2434
f 2462/1367/2434 722/1376/722 723/1377/723 2465/1370/2437
f 2465/1370/2437 723/1377/723 78/1378/78 669/1379/669
f 2464/1368/2436 2465/1370/2437 669/1379/669 668/1380/668
f 2463/1369/2435 2464/1368/2436 668/1380/668 667/1381/667
f 717/1337/717 2463/1369/2435 667/1381/667 77/1338/77
f 716/1336/716 2460/1365/2432 2463/1369/2435 717/1337/717
f 715/1335/715 2457/1362/2429 2460/1365/2432 716/1336/716
f 2466/1382/2438 2467/1383/2439 2470/1384/2442 2469/1385/2441
f 2467/1383/2439 2468/1386/2440 2471/1387/2443 2470/1384/2442
f 2469/1385/2441 2470/1384/2442 2473/1388/2445 2472/1389/2444
f 2470/1384/2442 2471/1387/2443 2474/1390/2446 2473/1388/2445
f 95/1374/95 789/1391/765 2466/1382/2438 721/1375/721
f 789/1391/765 788/1392/764 2467/1383/2439 2466/1382/2438
f 788/1392/764 787/1393/763 2468/1386/2440 2467/1383/2439
f 787/1393/763 96/1394/96 724/1395/724 2468/1386/2440
f 2468/1386/2440 724/1395/724 725/1396/725 2471/1387/2443
f 2471/1387/2443 725/1396/725 726/1397/726 2474/1390/2446
f 2474/1390/2446 726/1397/726 79/1398/79 672/1399/672
f 2473/1388/2445 2474/1390/2446 672/1399/672 671/1400/671
f 2472/1389/2444 2473/1388/2445 671/1400/671 670/1401/670
f 723/1377/723 2472/1389/2444 670/1401/670 78/1378/78
f 722/1376/722 2469/1385/2441 2472/1389/2444 723/1377/723
f 721/1375/721 2466/1382/2438 2469/1385/2441 722/1376/722
f 2475/1402/2447 2476/1403/2448 2479/1404/2451 2478/1405/2450
f 2476/1403/2448 2477/1406/2449 2480/1407/2452 2479/1404/2451
f 2478/1405/2450 2479/1404/2451 2482/1408/2454 2481/1409/2453
f 2479/1404/2451 2480/1407/2452 2483/1410/2455 2482/1408/2454
f 94/1354/94 786/1411/762 2475/1402/2447 718/1355/718
f 786/1411/762 785/1412/761 2476/1403/2448 2475/1402/2447
f 785/1412/761 784/1413/760 2477/1406/2449 2476/1403/2448
f 784/1413/760 97/1414/97 727/1415/727 2477/1406/2449
f 2477/1406/2449 727/1415/727 728/1416/728 2480/1407/2452
f 2480/1407/2452 728/1416/728 729/1417/729 2483/1410/2455
f 2483/1410/2455 729/1417/729 72/1418/72 651/1419/651
f 2482/1408/2454 2483/1410/2455 651/1419/651 650/1420/650
f 2481/1409/2453 2482/1408/2454 650/1420/650 649/1421/649
f 720/1357/720 2481/1409/2453 649/1421/649 71/1358/71
f 719/1356/719 2478/1405/2450 2481/1409/2453 720/1357/720
f 718/1355/718 2475/1402/2447 2478/1405/2450 719/1356/719
f 2484/1422/2456 2485/1423/2457 2488/1424/2460 2487/1425/2459
f 2485/1423/2457 2486/1426/2458 2489/1427/2461 2488/1424/2460
f 2487/1425/2459 2488/1424/2460 2491/1428/2463 2490/1429/2462
f 2488/1424/2460 2489/1427/2461 2492/1430/2464 2491/1428/2463
f 96/1394/96 783/1431/759 2484/1422/2456 724/1395/724
f 783/1431/759 782/1432/758 2485/1423/2457 2484/1422/2456
f 782/1432/758 781/1433/757 2486/1426/2458 2485/1423/2457
f 781/1433/757 98/1434/98 730/1435/730 2486/1426/2458
f 2486/1426/2458 730/1435/730 731/1436/731 2489/1427/2461
f 2489/1427/2461 731/1436/731 732/1437/732 2492/1430/2464
f 2492/1430/2464 732/1437/732 80/1438/80 675/1439/675
f 2491/1428/2463 2492/1430/2464 675/1439/675 674/1440/674
f 2490/1429/2462 2491/1428/2463 674/1440/674 673/1441/673
f 726/1397/726 2490/1429/2462 673/1441/673 79/1398/79
f 725/1396/725 2487/1425/2459 2490/1429/2462 726/1397/726
f 724/1395/724 2484/1422/2456 2487/1425/2459 725/1396/725
f 2493/1442/2465 2494/1443/2466 2497/1444/2469 2496/1445/2468
f 2494/1443/2466 2495/1446/2467 2498/1447/2470 2497/1444/2469
f 2496/1445/2468 2497/1444/2469 2500/1448/2472 2499/1449/2471
f 2497/1444/2469 2498/1447/2470 2501/1450/2473 2500/1448/2472
f 97/1414/97 780/1451/756 2493/1442/2465 727/1415/727
f 780/1451/756 779/1452/755 2494/1443/2466 2493/1442/2465
f 779/1452/755 778/1453/754 2495/1446/2467 2494/1443/2466
f 778/1453/754 86/324/86 738/326/736 2495/1446/2467
f 2495/1446/2467 738/326/736 737/339/735 2498/1447/2470
f 2498/1447/2470 737/339/735 736/337/734 2501/1450/2473
f 2501/1450/2473 736/337/734 73/338/73 654/1454/654
f 2500/1448/2472 2501/1450/2473 654/1454/654 653/1455/653
f 2499/1449/2471 2500/1448/2472 653/1455/653 652/1456/652
f 729/1417/729 2499/1449/2471 652/1456/652 72/1418/72
f 728/1416/728 2496/1445/2468 2499/1449/2471 729/1417/729
f 727/1415/727 2493/1442/2465 2496/1445/2468 728/1416/728
f 2502/1457/2474 2503/1458/2475 2506/1459/2478 2505/1460/2477
f 2503/1458/2475 2504/1461/2476 2507/1462/2479 2506/1459/2478
f 2505/1460/2477 2506/1459/2478 2509/1463/2481 2508/1464/2480
f 2506/1459/2478 2507/1462/2479 2510/1465/2482 2509/1463/2481
f 98/1434/98 777/1466/753 2502/1457/2474 730/1435/730
f 777/1466/753 776/1467/752 2503/1458/2475 2502/1457/2474
f 776/1467/752 775/1468/751 2504/1461/2476 2503/1458/2475
f 775/1468/751 88/1221/88 744/1223/740 2504/1461/2476
f 2504/1461/2476 744/1223/740 743/1236/739 2507/1462/2479
f 2507/1462/2479 743/1236/739 742/1234/738 2510/1465/2482
f 2510/1465/2482 742/1234/738 81/1235/81 678/1469/678
f 2509/1463/2481 2510/1465/2482 678/1469/678 677/1470/677
f 2508/1464/2480 2509/1463/2481 677/1470/677 676/1471/676
f 732/1437/732 2508/1464/2480 676/1471/676 80/1438/80
f 731/1436/731 2505/1460/2477 2508/1464/2480 732/1437/732
f 730/1435/730 2502/1457/2474 2505/1460/2477 731/1436/731
f 2511/1472/2483 2512/1473/2484 2515/1474/2484 2514/1475/2483
f 2512/1473/2484 2513/1476/2485 2516/1477/2485 2515/1474/2484
f 2514/1475/2483 2515/1474/2484 2518/1478/2484 2517/1479/2483
f 2515/1474/2484 2516/1477/2485 2519/1480/2485 2518/1478/2484
f 112/1481/112 900/1482/872 2511/1472/2483 772/1483/750
f 900/1482/872 899/1484/871 2512/1473/2484 2511/1472/2483
f 899/1484/871 898/1485/870 2513/1476/2485 2512/1473/2484
f 898/1485/870 100/1486/100 822/1487/794 2513/1476/2485
f 2513/1476/2485 822/1487/794 821/1488/794 2516/1477/2485
f 2516/1477/2485 821/1488/794 820/1489/794 2519/1480/2485
f 2519/1480/2485 820/1489/794 88/1221/88 775/1490/751
f 2518/1478/2484 2519/1480/2485 775/1490/751 776/1491/752
f 2517/1479/2483 2518/1478/2484 776/1491/752 777/1492/753
f 774/1493/750 2517/1479/2483 777/1492/753 98/1434/98
f 773/1494/750 2514/1475/2483 2517/1479/2483 774/1493/750
f 772/1483/750 2511/1472/2483 2514/1475/2483 773/1494/750
f 2520/1495/2486 2521/1496/2487 2524/1497/2487 2523/1498/2486
f 2521/1496/2487 2522/1499/2488 2525/1500/2488 2524/1497/2487
f 2523/1498/2486 2524/1497/2487 2527/1501/2487 2526/1502/2486
f 2524/1497/2487 2525/1500/2488 2528/1503/2488 2527/1501/2487
f 111/1504/111 897/1505/869 2520/1495/2486 769/1506/749
f 897/1505/869 896/1507/868 2521/1496/2487 2520/1495/2486
f 896/1507/868 895/1508/867 2522/1499/2488 2521/1496/2487
f 895/1508/867 99/1509/99 819/1510/793 2522/1499/2488
f 2522/1499/2488 819/1510/793 818/1511/793 2525/1500/2488
f 2525/1500/2488 818/1511/793 817/1512/793 2528/1503/2488
f 2528/1503/2488 817/1512/793 86/324/86 778/1513/754
f 2527/1501/2487 2528/1503/2488 778/1513/754 779/1452/755
f 2526/1502/2486 2527/1501/2487 779/1452/755 780/1514/756
f 771/1515/749 2526/1502/2486 780/1514/756 97/1516/97
f 770/1517/749 2523/1498/2486 2526/1502/2486 771/1515/749
f 769/1506/749 2520/1495/2486 2523/1498/2486 770/1517/749
f 2529/1518/2489 2530/1519/2490 2533/1520/2490 2532/1521/2489
f 2530/1519/2490 2531/1522/2491 2534/1523/2491 2533/1520/2490
f 2532/1521/2489 2533/1520/2490 2536/1524/2490 2535/1525/2489
f 2533/1520/2490 2534/1523/2491 2537/1526/2491 2536/1524/2490
f 110/1527/110 894/1528/866 2529/1518/2489 766/1529/748
f 894/1528/866 893/1530/865 2530/1519/2490 2529/1518/2489
f 893/1530/865 892/1531/864 2531/1522/2491 2530/1519/2490
f 892/1531/864 112/1481/112 772/1483/750 2531/1522/2491
f 2531/1522/2491 772/1483/750 773/1494/750 2534/1523/2491
f 2534/1523/2491 773/1494/750 774/1493/750 2537/1526/2491
f 2537/1526/2491 774/1493/750 98/1434/98 781/1532/757
f 2536/1524/2490 2537/1526/2491 781/1532/757 782/1533/758
f 2535/1525/2489 2536/1524/2490 782/1533/758 783/1534/759
f 768/1535/748 2535/1525/2489 783/1534/759 96/1536/96
f 767/1537/748 2532/1521/2489 2535/1525/2489 768/1535/748
f 766/1529/748 2529/1518/2489 2532/1521/2489 767/1537/748
f 2538/1538/2492 2539/1539/2493 2542/1540/2493 2541/1541/2492
f 2539/1539/2493 2540/1542/2494 2543/1543/2494 2542/1540/2493
f 2541/1541/2492 2542/1540/2493 2545/1544/2493 2544/1545/2492
f 2542/1540/2493 2543/1543/2494 2546/1546/2494 2545/1544/2493
f 108/1547/108 891/1548/863 2538/1538/2492 760/1549/746
f 891/1548/863 890/1550/862 2539/1539/2493 2538/1538/2492
f 890/1550/862 889/1551/861 2540/1542/2494 2539/1539/2493
f 889/1551/861 111/1504/111 769/1506/749 2540/1542/2494
f 2540/1542/2494 769/1506/749 770/1517/749 2543/1543/2494
f 2543/1543/2494 770/1517/749 771/1515/749 2546/1546/2494
f 2546/1546/2494 771/1515/749 97/1516/97 784/1413/760
f 2545/1544/2493 2546/1546/2494 784/1413/760 785/1412/761
f 2544/1545/2492 2545/1544/2493 785/1412/761 786/1552/762
f 762/1553/746 2544/1545/2492 786/1552/762 94/1354/94
f 761/1554/746 2541/1541/2492 2544/1545/2492 762/1553/746
f 760/1549/746 2538/1538/2492 2541/1541/2492 761/1554/746
f 2547/1555/2495 2548/1556/2496 2551/1557/2496 2550/1558/2495
f 2548/1556/2496 2549/1559/2497 2552/1560/2497 2551/1557/2496
f 2550/1558/2495 2551/1557/2496 2554/1561/2496 2553/1562/2495
f 2551/1557/2496 2552/1560/2497 2555/1563/2497 2554/1561/2496
f 109/1564/109 888/1565/860 2547/1555/2495 763/1566/747
f 888/1565/860 887/1567/859 2548/1556/2496 2547/1555/2495
f 887/1567/859 886/1568/858 2549/1559/2497 2548/1556/2496
f 886/1568/858 110/1527/110 766/1529/748 2549/1559/2497
f 2549/1559/2497 766/1529/748 767/1537/748 2552/1560/2497
f 2552/1560/2497 767/1537/748 768/1535/748 2555/1563/2497
f 2555/1563/2497 768/1535/748 96/1536/96 787/1393/763
f 2554/1561/2496 2555/1563/2497 787/1393/763 788/1569/764
f 2553/1562/2495 2554/1561/2496 788/1569/764 789/1570/765
f 765/1571/747 2553/1562/2495 789/1570/765 95/1572/95
f 764/1573/747 2550/1558/2495 2553/1562/2495 765/1571/747
f 763/1566/747 2547/1555/2495 2550/1558/2495 764/1573/747
f 2556/1574/2498 2557/1575/2499 2560/1576/2499 2559/1577/2498
f 2557/1575/2499 2558/1578/2500 2561/1579/2500 2560/1576/2499
f 2559/1577/2498 2560/1576/2499 2563/1580/2499 2562/1581/2498
f 2560/1576/2499 2561/1579/2500 2564/1582/2500 2563/1580/2499
f 107/1583/107 885/1584/857 2556/1574/2498 757/1585/745
f 885/1584/857 884/1586/856 2557/1575/2499 2556/1574/2498
f 884/1586/856 883/1587/855 2558/1578/2500 2557/1575/2499
f 883/1587/855 109/1564/109 763/1566/747 2558/1578/2500
f 2558/1578/2500 763/1566/747 764/1573/747 2561/1579/2500
f 2561/1579/2500 764/1573/747 765/1571/747 2564/1582/2500
f 2564/1582/2500 765/1571/747 95/1572/95 790/1373/766
f 2563/1580/2499 2564/1582/2500 790/1373/766 791/1588/767
f 2562/1581/2498 2563/1580/2499 791/1588/767 792/1589/768
f 759/1590/745 2562/1581/2498 792/1589/768 93/1334/93
f 758/1591/745 2559/1577/2498 2562/1581/2498 759/1590/745
f 757/1585/745 2556/1574/2498 2559/1577/2498 758/1591/745
f 2565/1592/2501 2566/1593/2502 2569/1594/2502 2568/1595/2501
f 2566/1593/2502 2567/1596/2503 2570/1597/2503 2569/1594/2502
f 2568/1595/2501 2569/1594/2502 2572/1598/2502 2571/1599/2501
f 2569/1594/2502 2570/1597/2503 2573/1600/2503 2572/1598/2502
f 106/1601/106 882/1602/854 2565/1592/2501 754/1603/744
f 882/1602/854 881/1604/853 2566/1593/2502 2565/1592/2501
f 881/1604/853 880/1605/852 2567/1596/2503 2566/1593/2502
f 880/1605/852 108/1547/108 760/1549/746 2567/1596/2503
f 2567/1596/2503 760/1549/746 761/1554/746 2570/1597/2503
f 2570/1597/2503 761/1554/746 762/1553/746 2573/1600/2503
f 2573/1600/2503 762/1553/746 94/1354/94 793/1353/769
f 2572/1598/2502 2573/1600/2503 793/1353/769 794/1606/770
f 2571/1599/2501 2572/1598/2502 794/1606/770 795/1607/771
f 756/1608/744 2571/1599/2501 795/1607/771 92/1609/92
f 755/1610/744 2568/1595/2501 2571/1599/2501 756/1608/744
f 754/1603/744 2565/1592/2501 2568/1595/2501 755/1610/744
f 2574/1611/2504 2575/1612/2505 2578/1613/2505 2577/1614/2504
f 2575/1612/2505 2576/1615/2506 2579/1616/2506 2578/1613/2505
f 2577/1614/2504 2578/1613/2505 2581/1617/2505 2580/1618/2504
f 2578/1613/2505 2579/1616/2506 2582/1619/2506 2581/1617/2505
f 105/1620/105 879/1621/851 2574/1611/2504 751/1622/743
f 879/1621/851 878/1623/850 2575/1612/2505 2574/1611/2504
f 878/1623/850 877/1624/849 2576/1615/2506 2575/1612/2505
f 877/1624/849 107/1583/107 757/1585/745 2576/1615/2506
f 2576/1615/2506 757/1585/745 758/1591/745 2579/1616/2506
f 2579/1616/2506 758/1591/745 759/1590/745 2582/1619/2506
f 2582/1619/2506 759/1590/745 93/1334/93 796/1625/772
f 2581/1617/2505 2582/1619/2506 796/1625/772 797/1332/773
f 2580/1618/2504 2581/1617/2505 797/1332/773 798/1626/774
f 753/1627/743 2580/1618/2504 798/1626/774 91/1628/91
f 752/1629/743 2577/1614/2504 2580/1618/2504 753/1627/743
f 751/1622/743 2574/1611/2504 2577/1614/2504 752/1629/743
f 2583/1630/2507 2584/1631/2508 2587/1632/2508 2586/1633/2507
f 2584/1631/2508 2585/1634/2509 2588/1635/2509 2587/1632/2508
f 2586/1633/2507 2587/1632/2508 2590/1636/2508 2589/1637/2507
f 2587/1632/2508 2588/1635/2509 2591/1638/2509 2590/1636/2508
f 104/1639/104 876/1640/848 2583/1630/2507 748/1641/742
f 876/1640/848 875/1642/847 2584/1631/2508 2583/1630/2507
f 875/1642/847 874/1643/846 2585/1634/2509 2584/1631/2508
f 874/1643/846 106/1601/106 754/1603/744 2585/1634/2509
f 2585/1634/2509 754/1603/744 755/1610/744 2588/1635/2509
f 2588/1635/2509 755/1610/744 756/1608/744 2591/1638/2509
f 2591/1638/2509 756/1608/744 92/1609/92 799/1313/775
f 2590/1636/2508 2591/1638/2509 799/1313/775 800/1312/776
f 2589/1637/2507 2590/1636/2508 800/1312/776 801/1644/777
f 750/1645/742 2589/1637/2507 801/1644/777 90/1274/90
f 749/1646/742 2586/1633/2507 2589/1637/2507 750/1645/742
f 748/1641/742 2583/1630/2507 2586/1633/2507 749/1646/742
f 2592/1647/2510 2593/1648/2511 2596/1649/2511 2595/1650/2510
f 2593/1648/2511 2594/1651/2512 2597/1652/2512 2596/1649/2511
f 2595/1650/2510 2596/1649/2511 2599/1653/2511 2598/1654/2510
f 2596/1649/2511 2597/1652/2512 2600/1655/2512 2599/1653/2511
f 103/1656/103 873/1657/845 2592/1647/2510 745/1658/741
f 873/1657/845 872/1659/844 2593/1648/2511 2592/1647/2510
f 872/1659/844 871/1660/843 2594/1651/2512 2593/1648/2511
f 871/1660/843 105/1620/105 751/1622/743 2594/1651/2512
f 2594/1651/2512 751/1622/743 752/1629/743 2597/1652/2512
f 2597/1652/2512 752/1629/743 753/1627/743 2600/1655/2512
f 2600/1655/2512 753/1627/743 91/1628/91 802/1293/778
f 2599/1653/2511 2600/1655/2512 802/1293/778 803/1661/779
f 2598/1654/2510 2599/1653/2511 803/1661/779 804/1662/780
f 747/1663/741 2598/1654/2510 804/1662/780 89/1664/89
f 746/1665/741 2595/1650/2510 2598/1654/2510 747/1663/741
f 745/1658/741 2592/1647/2510 2595/1650/2510 746/1665/741
f 2601/1666/2513 2602/1667/2514 2605/1668/2514 2604/1669/2513
f 2602/1667/2514 2603/1670/2515 2606/1671/2515 2605/1668/2514
f 2604/1669/2513 2605/1668/2514 2608/1672/2514 2607/1673/2513
f 2605/1668/2514 2606/1671/2515 2609/1674/2515 2608/1672/2514
f 102/1675/102 870/1676/842 2601/1666/2513 739/1677/737
f 870/1676/842 869/1678/841 2602/1667/2514 2601/1666/2513
f 869/1678/841 868/1679/840 2603/1670/2515 2602/1667/2514
f 868/1679/840 104/1639/104 748/1641/742 2603/1670/2515
f 2603/1670/2515 748/1641/742 749/1646/742 2606/1671/2515
f 2606/1671/2515 749/1646/742 750/1645/742 2609/1674/2515
f 2609/1674/2515 750/1645/742 90/1274/90 805/1680/781
f 2608/1672/2514 2609/1674/2515 805/1680/781 806/1272/782
f 2607/1673/2513 2608/1672/2514 806/1272/782 807/1681/783
f 741/1682/737 2607/1673/2513 807/1681/783 87/1683/87
f 740/1684/737 2604/1669/2513 2607/1673/2513 741/1682/737
f 739/1677/737 2601/1666/2513 2604/1669/2513 740/1684/737
f 2610/1685/2516 2611/1686/2517 2614/1687/2517 2613/1688/2516
f 2611/1686/2517 2612/1689/2518 2615/1690/2518 2614/1687/2517
f 2613/1688/2516 2614/1687/2517 2617/1691/2517 2616/1692/2516
f 2614/1687/2517 2615/1690/2518 2618/1693/2518 2617/1691/2517
f 101/1694/101 867/1695/839 2610/1685/2516 733/1696/733
f 867/1695/839 866/1697/838 2611/1686/2517 2610/1685/2516
f 866/1697/838 865/1698/837 2612/1689/2518 2611/1686/2517
f 865/1698/837 103/1699/103 745/1700/741 2612/1689/2518
f 2612/1689/2518 745/1700/741 746/1701/741 2615/1690/2518
f 2615/1690/2518 746/1701/741 747/1702/741 2618/1693/2518
f 2618/1693/2518 747/1702/741 89/1251/89 808/1250/784
f 2617/1691/2517 2618/1693/2518 808/1250/784 809/1249/785
f 2616/1692/2516 2617/1691/2517 809/1249/785 810/1247/786
f 735/1703/733 2616/1692/2516 810/1247/786 85/1246/85
f 734/1704/733 2613/1688/2516 2616/1692/2516 735/1703/733
f 733/1696/733 2610/1685/2516 2613/1688/2516 734/1704/733
f 2619/1705/2519 2620/1706/2520 2623/1707/2520 2622/1708/2519
f 2620/1706/2520 2621/1709/2521 2624/1710/2521 2623/1707/2520
f 2622/1708/2519 2623/1707/2520 2626/1711/2520 2625/1712/2519
f 2623/1707/2520 2624/1710/2521 2627/1713/2521 2626/1711/2520
f 100/1486/100 864/1714/836 2619/1705/2519 822/1487/794
f 864/1714/836 863/1715/835 2620/1706/2520 2619/1705/2519
f 863/1715/835 862/1716/834 2621/1709/2521 2620/1706/2520
f 862/1716/834 102/1675/102 739/1677/737 2621/1709/2521
f 2621/1709/2521 739/1677/737 740/1684/737 2624/1710/2521
f 2624/1710/2521 740/1684/737 741/1682/737 2627/1713/2521
f 2627/1713/2521 741/1682/737 87/1683/87 811/1717/787
f 2626/1711/2520 2627/1713/2521 811/1717/787 812/1718/788
f 2625/1712/2519 2626/1711/2520 812/1718/788 813/1719/789
f 820/1489/794 2625/1712/2519 813/1719/789 88/1221/88
f 821/1488/794 2622/1708/2519 2625/1712/2519 820/1489/794
f 822/1487/794 2619/1705/2519 2622/1708/2519 821/1488/794
f 2628/1720/2522 2629/1721/2523 2632/1722/2523 2631/1723/2522
f 2629/1721/2523 2630/1724/2524 2633/1725/2524 2632/1722/2523
f 2631/1723/2522 2632/1722/2523 2635/1726/2523 2634/1727/2522
f 2632/1722/2523 2633/1725/2524 2636/1728/2524 2635/1726/2523
f 99/1729/99 861/1730/833 2628/1720/2522 819/1731/793
f 861/1730/833 860/1732/832 2629/1721/2523 2628/1720/2522
f 860/1732/832 859/1733/831 2630/1724/2524 2629/1721/2523
f 859/1733/831 101/1734/101 733/1735/733 2630/1724/2524
f 2630/1724/2524 733/1735/733 734/1736/733 2633/1725/2524
f 2633/1725/2524 734/1736/733 735/1737/733 2636/1728/2524
f 2636/1728/2524 735/1737/733 85/329/85 814/328/790
f 2635/1726/2523 2636/1728/2524 814/328/790 815/327/791
f 2634/1727/2522 2635/1726/2523 815/327/791 816/325/792
f 817/1738/793 2634/1727/2522 816/325/792 86/324/86
f 818/1739/793 2631/1723/2522 2634/1727/2522 817/1738/793
f 819/1731/793 2628/1720/2522 2631/1723/2522 818/1739/793
f 2637/1740/2525 2638/1741/2526 2641/1742/2529 2640/1743/2528
f 2638/1741/2526 2639/1744/2527 2642/1745/2530 2641/1742/2529
f 2640/1743/2528 2641/1742/2529 2644/1746/2532 2643/1747/2531
f 2641/1742/2529 2642/1745/2530 2645/1748/2533 2644/1746/2532
f 5/1749/5 571/1750/571 2637/1740/2525 696/1751/696
f 571/1750/571 572/1752/572 2638/1741/2526 2637/1740/2525
f 572/1752/572 573/1753/573 2639/1744/2527 2638/1741/2526
f 573/1753/573 7/891/7 823/1754/795 2639/1744/2527
f 2639/1744/2527 823/1754/795 824/1755/796 2642/1745/2530
f 2642/1745/2530 824/1755/796 825/1756/797 2645/1748/2533
f 2645/1748/2533 825/1756/797 101/1734/101 859/1733/831
f 2644/1746/2532 2645/1748/2533 859/1733/831 860/1732/832
f 2643/1747/2531 2644/1746/2532 860/1732/832 861/1730/833
f 694/1757/694 2643/1747/2531 861/1730/833 99/1729/99
f 695/1758/695 2640/1743/2528 2643/1747/2531 694/1757/694
f 696/1751/696 2637/1740/2525 2640/1743/2528 695/1758/695
f 2646/1759/2534 2647/1760/2535 2650/1761/2538 2649/1762/2537
f 2647/1760/2535 2648/1763/2536 2651/1764/2539 2650/1761/2538
f 2649/1762/2537 2650/1761/2538 2653/1765/2541 2652/1766/2540
f 2650/1761/2538 2651/1764/2539 2654/1767/2542 2653/1765/2541
f 21/1768/21 595/1769/595 2646/1759/2534 702/1770/702
f 595/1769/595 596/1771/596 2647/1760/2535 2646/1759/2534
f 596/1771/596 597/1772/597 2648/1763/2536 2647/1760/2535
f 597/1772/597 23/1773/23 826/1774/798 2648/1763/2536
f 2648/1763/2536 826/1774/798 827/1775/799 2651/1764/2539
f 2651/1764/2539 827/1775/799 828/1776/800 2654/1767/2542
f 2654/1767/2542 828/1776/800 102/1675/102 862/1716/834
f 2653/1765/2541 2654/1767/2542 862/1716/834 863/1715/835
f 2652/1766/2540 2653/1765/2541 863/1715/835 864/1714/836
f 700/1777/700 2652/1766/2540 864/1714/836 100/1486/100
f 701/1778/701 2649/1762/2537 2652/1766/2540 700/1777/700
f 702/1770/702 2646/1759/2534 2649/1762/2537 701/1778/701
f 2655/1779/2543 2656/1780/2544 2659/1781/2547 2658/1782/2546
f 2656/1780/2544 2657/1783/2545 2660/1784/2548 2659/1781/2547
f 2658/1782/2546 2659/1781/2547 2662/1785/2550 2661/1786/2549
f 2659/1781/2547 2660/1784/2548 2663/1787/2551 2662/1785/2550
f 7/918/7 574/1788/574 2655/1779/2543 823/1789/795
f 574/1788/574 575/1790/575 2656/1780/2544 2655/1779/2543
f 575/1790/575 576/1791/576 2657/1783/2545 2656/1780/2544
f 576/1791/576 9/1792/9 829/1793/801 2657/1783/2545
f 2657/1783/2545 829/1793/801 830/1794/802 2660/1784/2548
f 2660/1784/2548 830/1794/802 831/1795/803 2663/1787/2551
f 2663/1787/2551 831/1795/803 103/1699/103 865/1698/837
f 2662/1785/2550 2663/1787/2551 865/1698/837 866/1697/838
f 2661/1786/2549 2662/1785/2550 866/1697/838 867/1695/839
f 825/1796/797 2661/1786/2549 867/1695/839 101/1694/101
f 824/1797/796 2658/1782/2546 2661/1786/2549 825/1796/797
f 823/1789/795 2655/1779/2543 2658/1782/2546 824/1797/796
f 2664/1798/2552 2665/1799/2553 2668/1800/2556 2667/1801/2555
f 2665/1799/2553 2666/1802/2554 2669/1803/2557 2668/1800/2556
f 2667/1801/2555 2668/1800/2556 2671/1804/2559 2670/1805/2558
f 2668/1800/2556 2669/1803/2557 2672/1806/2560 2671/1804/2559
f 23/1773/23 598/1807/598 2664/1798/2552 826/1774/798
f 598/1807/598 599/1808/599 2665/1799/2553 2664/1798/2552
f 599/1808/599 600/1809/600 2666/1802/2554 2665/1799/2553
f 600/1809/600 25/1810/25 832/1811/804 2666/1802/2554
f 2666/1802/2554 832/1811/804 833/1812/805 2669/1803/2557
f 2669/1803/2557 833/1812/805 834/1813/806 2672/1806/2560
f 2672/1806/2560 834/1813/806 104/1639/104 868/1679/840
f 2671/1804/2559 2672/1806/2560 868/1679/840 869/1678/841
f 2670/1805/2558 2671/1804/2559 869/1678/841 870/1676/842
f 828/1776/800 2670/1805/2558 870/1676/842 102/1675/102
f 827/1775/799 2667/1801/2555 2670/1805/2558 828/1776/800
f 826/1774/798 2664/1798/2552 2667/1801/2555 827/1775/799
f 2673/1814/2561 2674/1815/2562 2677/1816/2565 2676/1817/2564
f 2674/1815/2562 2675/1818/2563 2678/1819/2566 2677/1816/2565
f 2676/1817/2564 2677/1816/2565 2680/1820/2568 2679/1821/2567
f 2677/1816/2565 2678/1819/2566 2681/1822/2569 2680/1820/2568
f 9/1823/9 577/1824/577 2673/1814/2561 829/1825/801
f 577/1824/577 578/1826/578 2674/1815/2562 2673/1814/2561
f 578/1826/578 579/1827/579 2675/1818/2563 2674/1815/2562
f 579/1827/579 11/1828/11 835/1829/807 2675/1818/2563
f 2675/1818/2563 835/1829/807 836/1830/808 2678/1819/2566
f 2678/1819/2566 836/1830/808 837/1831/809 2681/1822/2569
f 2681/1822/2569 837/1831/809 105/1620/105 871/1660/843
f 2680/1820/2568 2681/1822/2569 871/1660/843 872/1659/844
f 2679/1821/2567 2680/1820/2568 872/1659/844 873/1657/845
f 831/1832/803 2679/1821/2567 873/1657/845 103/1656/103
f 830/1833/802 2676/1817/2564 2679/1821/2567 831/1832/803
f 829/1825/801 2673/1814/2561 2676/1817/2564 830/1833/802
f 2682/1834/2570 2683/1835/2571 2686/1836/2574 2685/1837/2573
f 2683/1835/2571 2684/1838/2572 2687/1839/2575 2686/1836/2574
f 2685/1837/2573 2686/1836/2574 2689/1840/2577 2688/1841/2576
f 2686/1836/2574 2687/1839/2575 2690/1842/2578 2689/1840/2577
f 25/1810/25 601/1843/601 2682/1834/2570 832/1811/804
f 601/1843/601 602/1844/602 2683/1835/2571 2682/1834/2570
f 602/1844/602 603/1845/603 2684/1838/2572 2683/1835/2571
f 603/1845/603 27/1846/27 838/1847/810 2684/1838/2572
f 2684/1838/2572 838/1847/810 839/1848/811 2687/1839/2575
f 2687/1839/2575 839/1848/811 840/1849/812 2690/1842/2578
f 2690/1842/2578 840/1849/812 106/1601/106 874/1643/846
f 2689/1840/2577 2690/1842/2578 874/1643/846 875/1642/847
f 2688/1841/2576 2689/1840/2577 875/1642/847 876/1640/848
f 834/1813/806 2688/1841/2576 876/1640/848 104/1639/104
f 833/1812/805 2685/1837/2573 2688/1841/2576 834/1813/806
f 832/1811/804 2682/1834/2570 2685/1837/2573 833/1812/805
f 2691/1850/2579 2692/1851/2580 2695/1852/2583 2694/1853/2582
f 2692/1851/2580 2693/1854/2581 2696/1855/2584 2695/1852/2583
f 2694/1853/2582 2695/1852/2583 2698/1856/2586 2697/1857/2585
f 2695/1852/2583 2696/1855/2584 2699/1858/2587 2698/1856/2586
f 11/1828/11 580/1859/580 2691/1850/2579 835/1829/807
f 580/1859/580 581/1860/581 2692/1851/2580 2691/1850/2579
f 581/1860/581 582/1861/582 2693/1854/2581 2692/1851/2580
f 582/1861/582 13/1862/13 841/1863/813 2693/1854/2581
f 2693/1854/2581 841/1863/813 842/1864/814 2696/1855/2584
f 2696/1855/2584 842/1864/814 843/1865/815 2699/1858/2587
f 2699/1858/2587 843/1865/815 107/1583/107 877/1624/849
f 2698/1856/2586 2699/1858/2587 877/1624/849 878/1623/850
f 2697/1857/2585 2698/1856/2586 878/1623/850 879/1621/851
f 837/1831/809 2697/1857/2585 879/1621/851 105/1620/105
f 836/1830/808 2694/1853/2582 2697/1857/2585 837/1831/809
f 835/1829/807 2691/1850/2579 2694/1853/2582 836/1830/808
f 2700/1866/2588 2701/1867/2589 2704/1868/2592 2703/1869/2591
f 2701/1867/2589 2702/1870/2590 2705/1871/2593 2704/1868/2592
f 2703/1869/2591 2704/1868/2592 2707/1872/2595 2706/1873/2594
f 2704/1868/2592 2705/1871/2593 2708/1874/2596 2707/1872/2595
f 27/1846/27 604/1875/604 2700/1866/2588 838/1847/810
f 604/1875/604 605/1876/605 2701/1867/2589 2700/1866/2588
f 605/1876/605 606/1877/606 2702/1870/2590 2701/1867/2589
f 606/1877/606 1/1878/1 844/1879/816 2702/1870/2590
f 2702/1870/2590 844/1879/816 845/1880/817 2705/1871/2593
f 2705/1871/2593 845/1880/817 846/1881/818 2708/1874/2596
f 2708/1874/2596 846/1881/818 108/1547/108 880/1605/852
f 2707/1872/2595 2708/1874/2596 880/1605/852 881/1604/853
f 2706/1873/2594 2707/1872/2595 881/1604/853 882/1602/854
f 840/1849/812 2706/1873/2594 882/1602/854 106/1601/106
f 839/1848/811 2703/1869/2591 2706/1873/2594 840/1849/812
f 838/1847/810 2700/1866/2588 2703/1869/2591 839/1848/811
f 2709/1882/2597 2710/1883/2598 2713/1884/2601 2712/1885/2600
f 2710/1883/2598 2711/1886/2599 2714/1887/2602 2713/1884/2601
f 2712/1885/2600 2713/1884/2601 2716/1888/2604 2715/1889/2603
f 2713/1884/2601 2714/1887/2602 2717/1890/2605 2716/1888/2604
f 13/1862/13 583/1891/583 2709/1882/2597 841/1863/813
f 583/1891/583 584/1892/584 2710/1883/2598 2709/1882/2597
f 584/1892/584 585/1893/585 2711/1886/2599 2710/1883/2598
f 585/1893/585 15/1894/15 847/1895/819 2711/1886/2599
f 2711/1886/2599 847/1895/819 848/1896/820 2714/1887/2602
f 2714/1887/2602 848/1896/820 849/1897/821 2717/1890/2605
f 2717/1890/2605 849/1897/821 109/1564/109 883/1587/855
f 2716/1888/2604 2717/1890/2605 883/1587/855 884/1586/856
f 2715/1889/2603 2716/1888/2604 884/1586/856 885/1584/857
f 843/1865/815 2715/1889/2603 885/1584/857 107/1583/107
f 842/1864/814 2712/1885/2600 2715/1889/2603 843/1865/815
f 841/1863/813 2709/1882/2597 2712/1885/2600 842/1864/814
f 2718/1898/2606 2719/1899/2607 2722/1900/2610 2721/1901/2609
f 2719/1899/2607 2720/1902/2608 2723/1903/2611 2722/1900/2610
f 2721/1901/2609 2722/1900/2610 2725/1904/2613 2724/1905/2612
f 2722/1900/2610 2723/1903/2611 2726/1906/2614 2725/1904/2613
f 15/1894/15 586/1907/586 2718/1898/2606 847/1895/819
f 586/1907/586 587/1908/587 2719/1899/2607 2718/1898/2606
f 587/1908/587 588/1909/588 2720/1902/2608 2719/1899/2607
f 588/1909/588 17/1910/17 850/1911/822 2720/1902/2608
f 2720/1902/2608 850/1911/822 851/1912/823 2723/1903/2611
f 2723/1903/2611 851/1912/823 852/1913/824 2726/1906/2614
f 2726/1906/2614 852/1913/824 110/1527/110 886/1568/858
f 2725/1904/2613 2726/1906/2614 886/1568/858 887/1567/859
f 2724/1905/2612 2725/1904/2613 887/1567/859 888/1565/860
f 849/1897/821 2724/1905/2612 888/1565/860 109/1564/109
f 848/1896/820 2721/1901/2609 2724/1905/2612 849/1897/821
f 847/1895/819 2718/1898/2606 2721/1901/2609 848/1896/820
f 2727/1914/2615 2728/1915/2616 2731/1916/2619 2730/1917/2618
f 2728/1915/2616 2729/1918/2617 2732/1919/2620 2731/1916/2619
f 2730/1917/2618 2731/1916/2619 2734/1920/2622 2733/1921/2621
f 2731/1916/2619 2732/1919/2620 2735/1922/2623 2734/1920/2622
f 1/1878/1 565/1923/565 2727/1914/2615 844/1879/816
f 565/1923/565 566/1924/566 2728/1915/2616 2727/1914/2615
f 566/1924/566 567/1925/567 2729/1918/2617 2728/1915/2616
f 567/1925/567 3/1926/3 853/1927/825 2729/1918/2617
f 2729/1918/2617 853/1927/825 854/1928/826 2732/1919/2620
f 2732/1919/2620 854/1928/826 855/1929/827 2735/1922/2623
f 2735/1922/2623 855/1929/827 111/1504/111 889/1551/861
f 2734/1920/2622 2735/1922/2623 889/1551/861 890/1550/862
f 2733/1921/2621 2734/1920/2622 890/1550/862 891/1548/863
f 846/1881/818 2733/1921/2621 891/1548/863 108/1547/108
f 845/1880/817 2730/1917/2618 2733/1921/2621 846/1881/818
f 844/1879/816 2727/1914/2615 2730/1917/2618 845/1880/817
f 2736/1930/2624 2737/1931/2625 2740/1932/2628 2739/1933/2627
f 2737/1931/2625 2738/1934/2626 2741/1935/2629 2740/1932/2628
f 2739/1933/2627 2740/1932/2628 2743/1936/2631 2742/1937/2630
f 2740/1932/2628 2741/1935/2629 2744/1938/2632 2743/1936/2631
f 17/1910/17 589/1939/589 2736/1930/2624 850/1911/822
f 589/1939/589 590/1940/590 2737/1931/2625 2736/1930/2624
f 590/1940/590 591/1941/591 2738/1934/2626 2737/1931/2625
f 591/1941/591 19/1942/19 856/1943/828 2738/1934/2626
f 2738/1934/2626 856/1943/828 857/1944/829 2741/1935/2629
f 2741/1935/2629 857/1944/829 858/1945/830 2744/1938/2632
f 2744/1938/2632 858/1945/830 112/1481/112 892/1531/864
f 2743/1936/2631 2744/1938/2632 892/1531/864 893/1530/865
f 2742/1937/2630 2743/1936/2631 893/1530/865 894/1528/866
f 852/1913/824 2742/1937/2630 894/1528/866 110/1527/110
f 851/1912/823 2739/1933/2627 2742/1937/2630 852/1913/824
f 850/1911/822 2736/1930/2624 2739/1933/2627 851/1912/823
f 2745/1946/2633 2746/1947/2634 2749/1948/2637 2748/1949/2636
f 2746/1947/2634 2747/1950/2635 2750/1951/2638 2749/1948/2637
f 2748/1949/2636 2749/1948/2637 2752/1952/2640 2751/1953/2639
f 2749/1948/2637 2750/1951/2638 2753/1954/2641 2752/1952/2640
f 3/1926/3 568/1955/568 2745/1946/2633 853/1927/825
f 568/1955/568 569/1956/569 2746/1947/2634 2745/1946/2633
f 569/1956/569 570/1957/570 2747/1950/2635 2746/1947/2634
f 570/1957/570 5/896/5 696/1958/696 2747/1950/2635
f 2747/1950/2635 696/1958/696 695/1959/695 2750/1951/2638
f 2750/1951/2638 695/1959/695 694/1757/694 2753/1954/2641
f 2753/1954/2641 694/1757/694 99/1509/99 895/1508/867
f 2752/1952/2640 2753/1954/2641 895/1508/867 896/1507/868
f 2751/1953/2639 2752/1952/2640 896/1507/868 897/1505/869
f 855/1929/827 2751/1953/2639 897/1505/869 111/1504/111
f 854/1928/826 2748/1949/2636 2751/1953/2639 855/1929/827
f 853/1927/825 2745/1946/2633 2748/1949/2636 854/1928/826
f 2754/1960/2642 2755/1961/2643 2758/1962/2646 2757/1963/2645
f 2755/1961/2643 2756/1964/2644 2759/1965/2647 2758/1962/2646
f 2757/1963/2645 2758/1962/2646 2761/1966/2649 2760/1967/2648
f 2758/1962/2646 2759/1965/2647 2762/1968/2650 2761/1966/2649
f 19/1942/19 592/1969/592 2754/1960/2642 856/1943/828
f 592/1969/592 593/1970/593 2755/1961/2643 2754/1960/2642
f 593/1970/593 594/1971/594 2756/1964/2644 2755/1961/2643
f 594/1971/594 21/1768/21 702/1770/702 2756/1964/2644
f 2756/1964/2644 702/1770/702 701/1778/701 2759/1965/2647
f 2759/1965/2647 701/1778/701 700/1777/700 2762/1968/2650
f 2762/1968/2650 700/1777/700 100/1486/100 898/1485/870
f 2761/1966/2649 2762/1968/2650 898/1485/870 899/1484/871
f 2760/1967/2648 2761/1966/2649 899/1484/871 900/1482/872
f 858/1945/830 2760/1967/2648 900/1482/872 112/1481/112
f 857/1944/829 2757/1963/2645 2760/1967/2648 858/1945/830
f 856/1943/828 2754/1960/2642 2757/1963/2645 857/1944/829
f 2763/1972/2651 2764/1973/2652 2767/1974/2655 2766/1975/2654
f 2764/1973/2652 2765/1976/2653 2768/1977/2656 2767/1974/2655
f 2766/1975/2654 2767/1974/2655 2770/1978/2658 2769/1979/2657
f 2767/1974/2655 2768/1977/2656 2771/1980/2659 2770/1978/2658
f 141/1981/141 1108/1982/1080 2763/1972/2651 907/1983/879
f 1108/1982/1080 1109/1984/1081 2764/1973/2652 2763/1972/2651
f 1109/1984/1081 1110/1985/1082 2765/1976/2653 2764/1973/2652
f 1110/1985/1082 142/1986/142 1032/1987/1004 2765/1976/2653
f 2765/1976/2653 1032/1987/1004 1031/1988/1003 2768/1977/2656
f 2768/1977/2656 1031/1988/1003 1030/1989/1002 2771/1980/2659
f 2771/1980/2659 1030/1989/1002 116/1990/116 904/1991/876
f 2770/1978/2658 2771/1980/2659 904/1991/876 905/1992/877
f 2769/1979/2657 2770/1978/2658 905/1992/877 906/1993/878
f 909/1994/881 2769/1979/2657 906/1993/878 114/1995/114
f 908/1996/880 2766/1975/2654 2769/1979/2657 909/1994/881
f 907/1983/879 2763/1972/2651 2766/1975/2654 908/1996/880
f 2772/1997/2660 2773/1998/2661 2776/1999/2664 2775/2000/2663
f 2773/1998/2661 2774/2001/2662 2777/2002/2665 2776/1999/2664
f 2775/2000/2663 2776/1999/2664 2779/2003/2667 2778/2004/2666
f 2776/1999/2664 2777/2002/2665 2780/2005/2668 2779/2003/2667
f 142/1986/142 1105/2006/1077 2772/1997/2660 1032/1987/1004
f 1105/2006/1077 1106/2007/1078 2773/1998/2661 2772/1997/2660
f 1106/2007/1078 1107/2008/1079 2774/2001/2662 2773/1998/2661
f 1107/2008/1079 143/2009/143 1035/2010/1007 2774/2001/2662
f 2774/2001/2662 1035/2010/1007 1034/2011/1006 2777/2002/2665
f 2777/2002/2665 1034/2011/1006 1033/2012/1005 2780/2005/2668
f 2780/2005/2668 1033/2012/1005 118/2013/118 916/2014/888
f 2779/2003/2667 2780/2005/2668 916/2014/888 917/2015/889
f 2778/2004/2666 2779/2003/2667 917/2015/889 918/2016/890
f 1030/1989/1002 2778/2004/2666 918/2016/890 116/1990/116
f 1031/1988/1003 2775/2000/2663 2778/2004/2666 1030/1989/1002
f 1032/1987/1004 2772/1997/2660 2775/2000/2663 1031/1988/1003
f 2781/2017/2669 2782/2018/2670 2785/2019/2673 2784/2020/2672
f 2782/2018/2670 2783/2021/2671 2786/2022/2674 2785/2019/2673
f 2784/2020/2672 2785/2019/2673 2788/2023/2676 2787/2024/2675
f 2785/2019/2673 2786/2022/2674 2789/2025/2677 2788/2023/2676
f 143/2026/143 1102/2027/1074 2781/2017/2669 1035/2028/1007
f 1102/2027/1074 1103/2029/1075 2782/2018/2670 2781/2017/2669
f 1103/2029/1075 1104/2030/1076 2783/2021/2671 2782/2018/2670
f 1104/2030/1076 144/2031/144 1038/2032/1010 2783/2021/2671
f 2783/2021/2671 1038/2032/1010 1037/2033/1009 2786/2022/2674
f 2786/2022/2674 1037/2033/1009 1036/2034/1008 2789/2025/2677
f 2789/2025/2677 1036/2034/1008 120/2035/120 925/2036/897
f 2788/2023/2676 2789/2025/2677 925/2036/897 926/2037/898
f 2787/2024/2675 2788/2023/2676 926/2037/898 927/2038/899
f 1033/2039/1005 2787/2024/2675 927/2038/899 118/2040/118
f 1034/2041/1006 2784/2020/2672 2787/2024/2675 1033/2039/1005
f 1035/2028/1007 2781/2017/2669 2784/2020/2672 1034/2041/1006
f 2790/2042/2678 2791/2043/2679 2794/2044/2682 2793/2045/2681
f 2791/2043/2679 2792/2046/2680 2795/2047/2683 2794/2044/2682
f 2793/2045/2681 2794/2044/2682 2797/2048/2685 2796/2049/2684
f 2794/2044/2682 2795/2047/2683 2798/2050/2686 2797/2048/2685
f 144/2051/144 1099/2052/1071 2790/2042/2678 1038/2053/1010
f 1099/2052/1071 1100/2054/1072 2791/2043/2679 2790/2042/2678
f 1100/2054/1072 1101/2055/1073 2792/2046/2680 2791/2043/2679
f 1101/2055/1073 145/2056/145 1041/2057/1013 2792/2046/2680
f 2792/2046/2680 1041/2057/1013 1040/2058/1012 2795/2047/2683
f 2795/2047/2683 1040/2058/1012 1039/2059/1011 2798/2050/2686
f 2798/2050/2686 1039/2059/1011 122/2060/122 934/2061/906
f 2797/2048/2685 2798/2050/2686 934/2061/906 935/2062/907
f 2796/2049/2684 2797/2048/2685 935/2062/907 936/2063/908
f 1036/2064/1008 2796/2049/2684 936/2063/908 120/2065/120
f 1037/2066/1009 2793/2045/2681 2796/2049/2684 1036/2064/1008
f 1038/2053/1010 2790/2042/2678 2793/2045/2681 1037/2066/1009
f 2799/2067/2687 2800/2068/2688 2803/2069/2691 2802/2070/2690
f 2800/2068/2688 2801/2071/2689 2804/2072/2692 2803/2069/2691
f 2802/2070/2690 2803/2069/2691 2806/2073/2694 2805/2074/2693
f 2803/2069/2691 2804/2072/2692 2807/2075/2695 2806/2073/2694
f 145/2076/145 1096/2077/1068 2799/2067/2687 1041/2078/1013
f 1096/2077/1068 1097/2079/1069 2800/2068/2688 2799/2067/2687
f 1097/2079/1069 1098/2080/1070 2801/2071/2689 2800/2068/2688
f 1098/2080/1070 146/2081/146 1044/2082/1016 2801/2071/2689
f 2801/2071/2689 1044/2082/1016 1043/2083/1015 2804/2072/2692
f 2804/2072/2692 1043/2083/1015 1042/2084/1014 2807/2075/2695
f 2807/2075/2695 1042/2084/1014 124/2085/124 943/2086/915
f 2806/2073/2694 2807/2075/2695 943/2086/915 944/2087/916
f 2805/2074/2693 2806/2073/2694 944/2087/916 945/2088/917
f 1039/2089/1011 2805/2074/2693 945/2088/917 122/2090/122
f 1040/2091/1012 2802/2070/2690 2805/2074/2693 1039/2089/1011
f 1041/2078/1013 2799/2067/2687 2802/2070/2690 1040/2091/1012
f 2808/2092/2696 2809/2093/2697 2812/2094/2700 2811/2095/2699
f 2809/2093/2697 2810/2096/2698 2813/2097/2701 2812/2094/2700
f 2811/2095/2699 2812/2094/2700 2815/2098/2703 2814/2099/2702
f 2812/2094/2700 2813/2097/2701 2816/2100/2704 2815/2098/2703
f 146/2081/146 1093/2101/1065 2808/2092/2696 1044/2082/1016
f 1093/2101/1065 1094/2102/1066 2809/2093/2697 2808/2092/2696
f 1094/2102/1066 1095/2103/1067 2810/2096/2698 2809/2093/2697
f 1095/2103/1067 147/2104/147 1047/2105/1019 2810/2096/2698
f 2810/2096/2698 1047/2105/1019 1046/2106/1018 2813/2097/2701
f 2813/2097/2701 1046/2106/1018 1045/2107/1017 2816/2100/2704
f 2816/2100/2704 1045/2107/1017 126/2108/126 952/2109/924
f 2815/2098/2703 2816/2100/2704 952/2109/924 953/2110/925
f 2814/2099/2702 2815/2098/2703 953/2110/925 954/2111/926
f 1042/2084/1014 2814/2099/2702 954/2111/926 124/2085/124
f 1043/2083/1015 2811/2095/2699 2814/2099/2702 1042/2084/1014
f 1044/2082/1016 2808/2092/2696 2811/2095/2699 1043/2083/1015
f 2817/2112/2705 2818/2113/2706 2821/2114/2709 2820/2115/2708
f 2818/2113/2706 2819/2116/2707 2822/2117/2710 2821/2114/2709
f 2820/2115/2708 2821/2114/2709 2824/2118/2712 2823/2119/2711
f 2821/2114/2709 2822/2117/2710 2825/2120/2713 2824/2118/2712
f 147/2104/147 1090/2121/1062 2817/2112/2705 1047/2105/1019
f 1090/2121/1062 1091/2122/1063 2818/2113/2706 2817/2112/2705
f 1091/2122/1063 1092/2123/1064 2819/2116/2707 2818/2113/2706
f 1092/2123/1064 148/2124/148 1050/2125/1022 2819/2116/2707
f 2819/2116/2707 1050/2125/1022 1049/2126/1021 2822/2117/2710
f 2822/2117/2710 1049/2126/1021 1048/2127/1020 2825/2120/2713
f 2825/2120/2713 1048/2127/1020 128/2128/128 961/2129/933
f 2824/2118/2712 2825/2120/2713 961/2129/933 962/2130/934
f 2823/2119/2711 2824/2118/2712 962/2130/934 963/2131/935
f 1045/2107/1017 2823/2119/2711 963/2131/935 126/2108/126
f 1046/2106/1018 2820/2115/2708 2823/2119/2711 1045/2107/1017
f 1047/2105/1019 2817/2112/2705 2820/2115/2708 1046/2106/1018
f 2826/2132/2714 2827/2133/2715 2830/2134/2718 2829/2135/2717
f 2827/2133/2715 2828/2136/2716 2831/2137/2719 2830/2134/2718
f 2829/2135/2717 2830/2134/2718 2833/2138/2721 2832/2139/2720
f 2830/2134/2718 2831/2137/2719 2834/2140/2722 2833/2138/2721
f 148/2124/148 1087/2141/1059 2826/2132/2714 1050/2125/1022
f 1087/2141/1059 1088/2142/1060 2827/2133/2715 2826/2132/2714
f 1088/2142/1060 1089/2143/1061 2828/2136/2716 2827/2133/2715
f 1089/2143/1061 149/2144/149 1053/2145/1025 2828/2136/2716
f 2828/2136/2716 1053/2145/1025 1052/2146/1024 2831/2137/2719
f 2831/2137/2719 1052/2146/1024 1051/2147/1023 2834/2140/2722
f 2834/2140/2722 1051/2147/1023 130/2148/130 970/2149/942
f 2833/2138/2721 2834/2140/2722 970/2149/942 971/2150/943
f 2832/2139/2720 2833/2138/2721 971/2150/943 972/2151/944
f 1048/2127/1020 2832/2139/2720 972/2151/944 128/2128/128
f 1049/2126/1021 2829/2135/2717 2832/2139/2720 1048/2127/1020
f 1050/2125/1022 2826/2132/2714 2829/2135/2717 1049/2126/1021
f 2835/2152/2723 2836/2153/2724 2839/2154/2727 2838/2155/2726
f 2836/2153/2724 2837/2156/2725 2840/2157/2728 2839/2154/2727
f 2838/2155/2726 2839/2154/2727 2842/2158/2730 2841/2159/2729
f 2839/2154/2727 2840/2157/2728 2843/2160/2731 2842/2158/2730
f 149/2144/149 1084/2161/1056 2835/2152/2723 1053/2145/1025
f 1084/2161/1056 1085/2162/1057 2836/2153/2724 2835/2152/2723
f 1085/2162/1057 1086/2163/1058 2837/2156/2725 2836/2153/2724
f 1086/2163/1058 150/2164/150 1056/2165/1028 2837/2156/2725
f 2837/2156/2725 1056/2165/1028 1055/2166/1027 2840/2157/2728
f 2840/2157/2728 1055/2166/1027 1054/2167/1026 2843/2160/2731
f 2843/2160/2731 1054/2167/1026 132/2168/132 979/2169/951
f 2842/2158/2730 2843/2160/2731 979/2169/951 980/2170/952
f 2841/2159/2729 2842/2158/2730 980/2170/952 981/2171/953
f 1051/2147/1023 2841/2159/2729 981/2171/953 130/2148/130
f 1052/2146/1024 2838/2155/2726 2841/2159/2729 1051/2147/1023
f 1053/2145/1025 2835/2152/2723 2838/2155/2726 1052/2146/1024
f 2844/2172/2732 2845/2173/2733 2848/2174/2736 2847/2175/2735
f 2845/2173/2733 2846/2176/2734 2849/2177/2737 2848/2174/2736
f 2847/2175/2735 2848/2174/2736 2851/2178/2739 2850/2179/2738
f 2848/2174/2736 2849/2177/2737 2852/2180/2740 2851/2178/2739
f 150/2164/150 1081/2181/1053 2844/2172/2732 1056/2165/1028
f 1081/2181/1053 1082/2182/1054 2845/2173/2733 2844/2172/2732
f 1082/2182/1054 1083/2183/1055 2846/2176/2734 2845/2173/2733
f 1083/2183/1055 151/2184/151 1059/2185/1031 2846/2176/2734
f 2846/2176/2734 1059/2185/1031 1058/2186/1030 2849/2177/2737
f 2849/2177/2737 1058/2186/1030 1057/2187/1029 2852/2180/2740
f 2852/2180/2740 1057/2187/1029 134/2188/134 988/2189/960
f 2851/2178/2739 2852/2180/2740 988/2189/960 989/2190/961
f 2850/2179/2738 2851/2178/2739 989/2190/961 990/2191/962
f 1054/2167/1026 2850/2179/2738 990/2191/962 132/2168/132
f 1055/2166/1027 2847/2175/2735 2850/2179/2738 1054/2167/1026
f 1056/2165/1028 2844/2172/2732 2847/2175/2735 1055/2166/1027
f 2853/2192/2741 2854/2193/2742 2857/2194/2745 2856/2195/2744
f 2854/2193/2742 2855/2196/2743 2858/2197/2746 2857/2194/2745
f 2856/2195/2744 2857/2194/2745 2860/2198/2748 2859/2199/2747
f 2857/2194/2745 2858/2197/2746 2861/2200/2749 2860/2198/2748
f 151/2184/151 1078/2201/1050 2853/2192/2741 1059/2185/1031
f 1078/2201/1050 1079/2202/1051 2854/2193/2742 2853/2192/2741
f 1079/2202/1051 1080/2203/1052 2855/2196/2743 2854/2193/2742
f 1080/2203/1052 152/2204/152 1062/2205/1034 2855/2196/2743
f 2855/2196/2743 1062/2205/1034 1061/2206/1033 2858/2197/2746
f 2858/2197/2746 1061/2206/1033 1060/2207/1032 2861/2200/2749
f 2861/2200/2749 1060/2207/1032 136/2208/136 997/2209/969
f 2860/2198/2748 2861/2200/2749 997/2209/969 998/2210/970
f 2859/2199/2747 2860/2198/2748 998/2210/970 999/2211/971
f 1057/2187/1029 2859/2199/2747 999/2211/971 134/2188/134
f 1058/2186/1030 2856/2195/2744 2859/2199/2747 1057/2187/1029
f 1059/2185/1031 2853/2192/2741 2856/2195/2744 1058/2186/1030
f 2862/2212/2750 2863/2213/2751 2866/2214/2754 2865/2215/2753
f 2863/2213/2751 2864/2216/2752 2867/2217/2755 2866/2214/2754
f 2865/2215/2753 2866/2214/2754 2869/2218/2757 2868/2219/2756
f 2866/2214/2754 2867/2217/2755 2870/2220/2758 2869/2218/2757
f 152/2204/152 1075/2221/1047 2862/2212/2750 1062/2205/1034
f 1075/2221/1047 1076/2222/1048 2863/2213/2751 2862/2212/2750
f 1076/2222/1048 1077/2223/1049 2864/2216/2752 2863/2213/2751
f 1077/2223/1049 153/2224/153 1065/2225/1037 2864/2216/2752
f 2864/2216/2752 1065/2225/1037 1064/2226/1036 2867/2217/2755
f 2867/2217/2755 1064/2226/1036 1063/2227/1035 2870/2220/2758
f 2870/2220/2758 1063/2227/1035 138/2228/138 1006/2229/978
f 2869/2218/2757 2870/2220/2758 1006/2229/978 1007/2230/979
f 2868/2219/2756 2869/2218/2757 1007/2230/979 1008/2231/980
f 1060/2207/1032 2868/2219/2756 1008/2231/980 136/2208/136
f 1061/2206/1033 2865/2215/2753 2868/2219/2756 1060/2207/1032
f 1062/2205/1034 2862/2212/2750 2865/2215/2753 1061/2206/1033
f 2871/2232/2759 2872/2233/2760 2875/2234/2763 2874/2235/2762
f 2872/2233/2760 2873/2236/2761 2876/2237/2764 2875/2234/2763
f 2874/2235/2762 2875/2234/2763 2878/2238/2766 2877/2239/2765
f 2875/2234/2763 2876/2237/2764 2879/2240/2767 2878/2238/2766
f 167/2241/167 1192/2242/1164 2871/2232/2759 1149/2243/1121
f 1192/2242/1164 1193/2244/1165 2872/2233/2760 2871/2232/2759
f 1193/2244/1165 1194/2245/1166 2873/2236/2761 2872/2233/2760
f 1194/2245/1166 168/2246/168 1027/2247/999 2873/2236/2761
f 2873/2236/2761 1027/2247/999 1028/2248/1000 2876/2237/2764
f 2876/2237/2764 1028/2248/1000 1029/2249/1001 2879/2240/2767
f 2879/2240/2767 1029/2249/1001 141/1981/141 1071/2250/1043
f 2878/2238/2766 2879/2240/2767 1071/2250/1043 1070/2251/1042
f 2877/2239/2765 2878/2238/2766 1070/2251/1042 1069/2252/1041
f 1147/2253/1119 2877/2239/2765 1069/2252/1041 154/2254/154
f 1148/2255/1120 2874/2235/2762 2877/2239/2765 1147/2253/1119
f 1149/2243/1121 2871/2232/2759 2874/2235/2762 1148/2255/1120
f 2880/2256/2768 2881/2257/2769 2884/2258/2772 2883/2259/2771
f 2881/2257/2769 2882/2260/2770 2885/2261/2773 2884/2258/2772
f 2883/2259/2771 2884/2258/2772 2887/2262/2775 2886/2263/2774
f 2884/2258/2772 2885/2261/2773 2888/2264/2776 2887/2262/2775
f 153/2224/153 1072/2265/1044 2880/2256/2768 1065/2225/1037
f 1072/2265/1044 1073/2266/1045 2881/2257/2769 2880/2256/2768
f 1073/2266/1045 1074/2267/1046 2882/2260/2770 2881/2257/2769
f 1074/2267/1046 154/2254/154 1068/2268/1040 2882/2260/2770
f 2882/2260/2770 1068/2268/1040 1067/2269/1039 2885/2261/2773
f 2885/2261/2773 1067/2269/1039 1066/2270/1038 2888/2264/2776
f 2888/2264/2776 1066/2270/1038 140/2271/140 1015/2272/987
f 2887/2262/2775 2888/2264/2776 1015/2272/987 1016/2273/988
f 2886/2263/2774 2887/2262/2775 1016/2273/988 1017/2274/989
f 1063/2227/1035 2886/2263/2774 1017/2274/989 138/2228/138
f 1064/2226/1036 2883/2259/2771 2886/2263/2774 1063/2227/1035
f 1065/2225/1037 2880/2256/2768 2883/2259/2771 1064/2226/1036
f 2889/2275/2777 2890/2276/2778 2893/2277/2781 2892/2278/2780
f 2890/2276/2778 2891/2279/2779 2894/2280/2782 2893/2277/2781
f 2892/2278/2780 2893/2277/2781 2896/2281/2784 2895/2282/2783
f 2893/2277/2781 2894/2280/2782 2897/2283/2785 2896/2281/2784
f 154/2254/154 1069/2252/1041 2889/2275/2777 1068/2268/1040
f 1069/2252/1041 1070/2251/1042 2890/2276/2778 2889/2275/2777
f 1070/2251/1042 1071/2250/1043 2891/2279/2779 2890/2276/2778
f 1071/2250/1043 141/1981/141 907/1983/879 2891/2279/2779
f 2891/2279/2779 907/1983/879 908/1996/880 2894/2280/2782
f 2894/2280/2782 908/1996/880 909/1994/881 2897/2283/2785
f 2897/2283/2785 909/1994/881 114/1995/114 1024/2284/996
f 2896/2281/2784 2897/2283/2785 1024/2284/996 1025/2285/997
f 2895/2282/2783 2896/2281/2784 1025/2285/997 1026/2286/998
f 1066/2270/1038 2895/2282/2783 1026/2286/998 140/2271/140
f 1067/2269/1039 2892/2278/2780 2895/2282/2783 1066/2270/1038
f 1068/2268/1040 2889/2275/2777 2892/2278/2780 1067/2269/1039
f 2898/2287/2786 2899/2288/2787 2902/2289/2790 2901/2290/2789
f 2899/2288/2787 2900/2291/2788 2903/2292/2791 2902/2289/2790
f 2901/2290/2789 2902/2289/2790 2905/2293/2793 2904/2294/2792
f 2902/2289/2790 2903/2292/2791 2906/2295/2794 2905/2293/2793
f 198/2296/198 1368/2297/1340 2898/2287/2786 1446/2298/1418
f 1368/2297/1340 1367/2299/1339 2899/2288/2787 2898/2287/2786
f 1367/2299/1339 1366/2300/1338 2900/2291/2788 2899/2288/2787
f 1366/2300/1338 185/2301/185 1285/2302/1257 2900/2291/2788
f 2900/2291/2788 1285/2302/1257 1286/2303/1258 2903/2292/2791
f 2903/2292/2791 1286/2303/1258 1287/2304/1259 2906/2295/2794
f 2906/2295/2794 1287/2304/1259 186/2305/186 1323/2306/1295
f 2905/2293/2793 2906/2295/2794 1323/2306/1295 1322/2307/1294
f 2904/2294/2792 2905/2293/2793 1322/2307/1294 1321/2308/1293
f 1444/2309/1416 2904/2294/2792 1321/2308/1293 197/2310/197
f 1445/2311/1417 2901/2290/2789 2904/2294/2792 1444/2309/1416
f 1446/2298/1418 2898/2287/2786 2901/2290/2789 1445/2311/1417
f 2907/2312/2795 2908/2313/2796 2911/2314/2799 2910/2315/2798
f 2908/2313/2796 2909/2316/2797 2912/2317/2800 2911/2314/2799
f 2910/2315/2798 2911/2314/2799 2914/2318/2802 2913/2319/2801
f 2911/2314/2799 2912/2317/2800 2915/2320/2803 2914/2318/2802
f 166/2321/166 1189/2322/1161 2907/2312/2795 1146/2323/1118
f 1189/2322/1161 1190/2324/1162 2908/2313/2796 2907/2312/2795
f 1190/2324/1162 1191/2325/1163 2909/2316/2797 2908/2313/2796
f 1191/2325/1163 167/2241/167 1149/2243/1121 2909/2316/2797
f 2909/2316/2797 1149/2243/1121 1148/2255/1120 2912/2317/2800
f 2912/2317/2800 1148/2255/1120 1147/2253/1119 2915/2320/2803
f 2915/2320/2803 1147/2253/1119 154/2254/154 1074/2267/1046
f 2914/2318/2802 2915/2320/2803 1074/2267/1046 1073/2266/1045
f 2913/2319/2801 2914/2318/2802 1073/2266/1045 1072/2265/1044
f 1144/2326/1116 2913/2319/2801 1072/2265/1044 153/2224/153
f 1145/2327/1117 2910/2315/2798 2913/2319/2801 1144/2326/1116
f 1146/2323/1118 2907/2312/2795 2910/2315/2798 1145/2327/1117
f 2916/2328/2804 2917/2329/2805 2920/2330/2808 2919/2331/2807
f 2917/2329/2805 2918/2332/2806 2921/2333/2809 2920/2330/2808
f 2919/2331/2807 2920/2330/2808 2923/2334/2811 2922/2335/2810
f 2920/2330/2808 2921/2333/2809 2924/2336/2812 2923/2334/2811
f 165/2337/165 1186/2338/1158 2916/2328/2804 1143/2339/1115
f 1186/2338/1158 1187/2340/1159 2917/2329/2805 2916/2328/2804
f 1187/2340/1159 1188/2341/1160 2918/2332/2806 2917/2329/2805
f 1188/2341/1160 166/2321/166 1146/2323/1118 2918/2332/2806
f 2918/2332/2806 1146/2323/1118 1145/2327/1117 2921/2333/2809
f 2921/2333/2809 1145/2327/1117 1144/2326/1116 2924/2336/2812
f 2924/2336/2812 1144/2326/1116 153/2224/153 1077/2223/1049
f 2923/2334/2811 2924/2336/2812 1077/2223/1049 1076/2222/1048
f 2922/2335/2810 2923/2334/2811 1076/2222/1048 1075/2221/1047
f 1141/2342/1113 2922/2335/2810 1075/2221/1047 152/2204/152
f 1142/2343/1114 2919/2331/2807 2922/2335/2810 1141/2342/1113
f 1143/2339/1115 2916/2328/2804 2919/2331/2807 1142/2343/1114
f 2925/2344/2813 2926/2345/2814 2929/2346/2817 2928/2347/2816
f 2926/2345/2814 2927/2348/2815 2930/2349/2818 2929/2346/2817
f 2928/2347/2816 2929/2346/2817 2932/2350/2820 2931/2351/2819
f 2929/2346/2817 2930/2349/2818 2933/2352/2821 2932/2350/2820
f 164/2353/164 1183/2354/1155 2925/2344/2813 1140/2355/1112
f 1183/2354/1155 1184/2356/1156 2926/2345/2814 2925/2344/2813
f 1184/2356/1156 1185/2357/1157 2927/2348/2815 2926/2345/2814
f 1185/2357/1157 165/2337/165 1143/2339/1115 2927/2348/2815
f 2927/2348/2815 1143/2339/1115 1142/2343/1114 2930/2349/2818
f 2930/2349/2818 1142/2343/1114 1141/2342/1113 2933/2352/2821
f 2933/2352/2821 1141/2342/1113 152/2204/152 1080/2203/1052
f 2932/2350/2820 2933/2352/2821 1080/2203/1052 1079/2202/1051
f 2931/2351/2819 2932/2350/2820 1079/2202/1051 1078/2201/1050
f 1138/2358/1110 2931/2351/2819 1078/2201/1050 151/2184/151
f 1139/2359/1111 2928/2347/2816 2931/2351/2819 1138/2358/1110
f 1140/2355/1112 2925/2344/2813 2928/2347/2816 1139/2359/1111
f 2934/2360/2822 2935/2361/2823 2938/2362/2826 2937/2363/2825
f 2935/2361/2823 2936/2364/2824 2939/2365/2827 2938/2362/2826
f 2937/2363/2825 2938/2362/2826 2941/2366/2829 2940/2367/2828
f 2938/2362/2826 2939/2365/2827 2942/2368/2830 2941/2366/2829
f 163/2369/163 1180/2370/1152 2934/2360/2822 1137/2371/1109
f 1180/2370/1152 1181/2372/1153 2935/2361/2823 2934/2360/2822
f 1181/2372/1153 1182/2373/1154 2936/2364/2824 2935/2361/2823
f 1182/2373/1154 164/2353/164 1140/2355/1112 2936/2364/2824
f 2936/2364/2824 1140/2355/1112 1139/2359/1111 2939/2365/2827
f 2939/2365/2827 1139/2359/1111 1138/2358/1110 2942/2368/2830
f 2942/2368/2830 1138/2358/1110 151/2184/151 1083/2183/1055
f 2941/2366/2829 2942/2368/2830 1083/2183/1055 1082/2182/1054
f 2940/2367/2828 2941/2366/2829 1082/2182/1054 1081/2181/1053
f 1135/2374/1107 2940/2367/2828 1081/2181/1053 150/2164/150
f 1136/2375/1108 2937/2363/2825 2940/2367/2828 1135/2374/1107
f 1137/2371/1109 2934/2360/2822 2937/2363/2825 1136/2375/1108
f 2943/2376/2831 2944/2377/2832 2947/2378/2835 2946/2379/2834
f 2944/2377/2832 2945/2380/2833 2948/2381/2836 2947/2378/2835
f 2946/2379/2834 2947/2378/2835 2950/2382/2838 2949/2383/2837
f 2947/2378/2835 2948/2381/2836 2951/2384/2839 2950/2382/2838
f 162/2385/162 1177/2386/1149 2943/2376/2831 1134/2387/1106
f 1177/2386/1149 1178/2388/1150 2944/2377/2832 2943/2376/2831
f 1178/2388/1150 1179/2389/1151 2945/2380/2833 2944/2377/2832
f 1179/2389/1151 163/2369/163 1137/2371/1109 2945/2380/2833
f 2945/2380/2833 1137/2371/1109 1136/2375/1108 2948/2381/2836
f 2948/2381/2836 1136/2375/1108 1135/2374/1107 2951/2384/2839
f 2951/2384/2839 1135/2374/1107 150/2164/150 1086/2163/1058
f 2950/2382/2838 2951/2384/2839 1086/2163/1058 1085/2162/1057
f 2949/2383/2837 2950/2382/2838 1085/2162/1057 1084/2161/1056
f 1132/2390/1104 2949/2383/2837 1084/2161/1056 149/2144/149
f 1133/2391/1105 2946/2379/2834 2949/2383/2837 1132/2390/1104
f 1134/2387/1106 2943/2376/2831 2946/2379/2834 1133/2391/1105
f 2952/2392/2840 2953/2393/2841 2956/2394/2844 2955/2395/2843
f 2953/2393/2841 2954/2396/2842 2957/2397/2845 2956/2394/2844
f 2955/2395/2843 2956/2394/2844 2959/2398/2847 2958/2399/2846
f 2956/2394/2844 2957/2397/2845 2960/2400/2848 2959/2398/2847
f 161/2401/161 1174/2402/1146 2952/2392/2840 1131/2403/1103
f 1174/2402/1146 1175/2404/1147 2953/2393/2841 2952/2392/2840
f 1175/2404/1147 1176/2405/1148 2954/2396/2842 2953/2393/2841
f 1176/2405/1148 162/2385/162 1134/2387/1106 2954/2396/2842
f 2954/2396/2842 1134/2387/1106 1133/2391/1105 2957/2397/2845
f 2957/2397/2845 1133/2391/1105 1132/2390/1104 2960/2400/2848
f 2960/2400/2848 1132/2390/1104 149/2144/149 1089/2143/1061
f 2959/2398/2847 2960/2400/2848 1089/2143/1061 1088/2142/1060
f 2958/2399/2846 2959/2398/2847 1088/2142/1060 1087/2141/1059
f 1129/2406/1101 2958/2399/2846 1087/2141/1059 148/2124/148
f 1130/2407/1102 2955/2395/2843 2958/2399/2846 1129/2406/1101
f 1131/2403/1103 2952/2392/2840 2955/2395/2843 1130/2407/1102
f 2961/2408/2849 2962/2409/2850 2965/2410/2853 2964/2411/2852
f 2962/2409/2850 2963/2412/2851 2966/2413/2854 2965/2410/2853
f 2964/2411/2852 2965/2410/2853 2968/2414/2856 2967/2415/2855
f 2965/2410/2853 2966/2413/2854 2969/2416/2857 2968/2414/2856
f 160/2417/160 1171/2418/1143 2961/2408/2849 1128/2419/1100
f 1171/2418/1143 1172/2420/1144 2962/2409/2850 2961/2408/2849
f 1172/2420/1144 1173/2421/1145 2963/2412/2851 2962/2409/2850
f 1173/2421/1145 161/2401/161 1131/2403/1103 2963/2412/2851
f 2963/2412/2851 1131/2403/1103 1130/2407/1102 2966/2413/2854
f 2966/2413/2854 1130/2407/1102 1129/2406/1101 2969/2416/2857
f 2969/2416/2857 1129/2406/1101 148/2124/148 1092/2123/1064
f 2968/2414/2856 2969/2416/2857 1092/2123/1064 1091/2122/1063
f 2967/2415/2855 2968/2414/2856 1091/2122/1063 1090/2121/1062
f 1126/2422/1098 2967/2415/2855 1090/2121/1062 147/2104/147
f 1127/2423/1099 2964/2411/2852 2967/2415/2855 1126/2422/1098
f 1128/2419/1100 2961/2408/2849 2964/2411/2852 1127/2423/1099
f 2970/2424/2858 2971/2425/2859 2974/2426/2862 2973/2427/2861
f 2971/2425/2859 2972/2428/2860 2975/2429/2863 2974/2426/2862
f 2973/2427/2861 2974/2426/2862 2977/2430/2865 2976/2431/2864
f 2974/2426/2862 2975/2429/2863 2978/2432/2866 2977/2430/2865
f 159/2433/159 1168/2434/1140 2970/2424/2858 1125/2435/1097
f 1168/2434/1140 1169/2436/1141 2971/2425/2859 2970/2424/2858
f 1169/2436/1141 1170/2437/1142 2972/2428/2860 2971/2425/2859
f 1170/2437/1142 160/2417/160 1128/2419/1100 2972/2428/2860
f 2972/2428/2860 1128/2419/1100 1127/2423/1099 2975/2429/2863
f 2975/2429/2863 1127/2423/1099 1126/2422/1098 2978/2432/2866
f 2978/2432/2866 1126/2422/1098 147/2104/147 1095/2103/1067
f 2977/2430/2865 2978/2432/2866 1095/2103/1067 1094/2102/1066
f 2976/2431/2864 2977/2430/2865 1094/2102/1066 1093/2101/1065
f 1123/2438/1095 2976/2431/2864 1093/2101/1065 146/2081/146
f 1124/2439/1096 2973/2427/2861 2976/2431/2864 1123/2438/1095
f 1125/2435/1097 2970/2424/2858 2973/2427/2861 1124/2439/1096
f 2979/2440/2867 2980/2441/2868 2983/2442/2871 2982/2443/2870
f 2980/2441/2868 2981/2444/2869 2984/2445/2872 2983/2442/2871
f 2982/2443/2870 2983/2442/2871 2986/2446/2874 2985/2447/2873
f 2983/2442/2871 2984/2445/2872 2987/2448/2875 2986/2446/2874
f 158/2449/158 1165/2450/1137 2979/2440/2867 1122/2451/1094
f 1165/2450/1137 1166/2452/1138 2980/2441/2868 2979/2440/2867
f 1166/2452/1138 1167/2453/1139 2981/2444/2869 2980/2441/2868
f 1167/2453/1139 159/2433/159 1125/2435/1097 2981/2444/2869
f 2981/2444/2869 1125/2435/1097 1124/2439/1096 2984/2445/2872
f 2984/2445/2872 1124/2439/1096 1123/2438/1095 2987/2448/2875
f 2987/2448/2875 1123/2438/1095 146/2081/146 1098/2080/1070
f 2986/2446/2874 2987/2448/2875 1098/2080/1070 1097/2079/1069
f 2985/2447/2873 2986/2446/2874 1097/2079/1069 1096/2077/1068
f 1120/2454/1092 2985/2447/2873 1096/2077/1068 145/2076/145
f 1121/2455/1093 2982/2443/2870 2985/2447/2873 1120/2454/1092
f 1122/2451/1094 2979/2440/2867 2982/2443/2870 1121/2455/1093
f 2988/2456/2876 2989/2457/2877 2992/2458/2880 2991/2459/2879
f 2989/2457/2877 2990/2460/2878 2993/2461/2881 2992/2458/2880
f 2991/2459/2879 2992/2458/2880 2995/2462/2883 2994/2463/2882
f 2992/2458/2880 2993/2461/2881 2996/2464/2884 2995/2462/2883
f 157/2465/157 1162/2466/1134 2988/2456/2876 1119/2467/1091
f 1162/2466/1134 1163/2468/1135 2989/2457/2877 2988/2456/2876
f 1163/2468/1135 1164/2469/1136 2990/2460/2878 2989/2457/2877
f 1164/2469/1136 158/2470/158 1122/2471/1094 2990/2460/2878
f 2990/2460/2878 1122/2471/1094 1121/2472/1093 2993/2461/2881
f 2993/2461/2881 1121/2472/1093 1120/2473/1092 2996/2464/2884
f 2996/2464/2884 1120/2473/1092 145/2056/145 1101/2055/1073
f 2995/2462/2883 2996/2464/2884 1101/2055/1073 1100/2054/1072
f 2994/2463/2882 2995/2462/2883 1100/2054/1072 1099/2052/1071
f 1117/2474/1089 2994/2463/2882 1099/2052/1071 144/2051/144
f 1118/2475/1090 2991/2459/2879 2994/2463/2882 1117/2474/1089
f 1119/2467/1091 2988/2456/2876 2991/2459/2879 1118/2475/1090
f 2997/2476/2885 2998/2477/2886 3001/2478/2889 3000/2479/2888
f 2998/2477/2886 2999/2480/2887 3002/2481/2890 3001/2478/2889
f 3000/2479/2888 3001/2478/2889 3004/2482/2892 3003/2483/2891
f 3001/2478/2889 3002/2481/2890 3005/2484/2893 3004/2482/2892
f 156/2485/156 1159/2486/1131 2997/2476/2885 1116/2487/1088
f 1159/2486/1131 1160/2488/1132 2998/2477/2886 2997/2476/2885
f 1160/2488/1132 1161/2489/1133 2999/2480/2887 2998/2477/2886
f 1161/2489/1133 157/2490/157 1119/2491/1091 2999/2480/2887
f 2999/2480/2887 1119/2491/1091 1118/2492/1090 3002/2481/2890
f 3002/2481/2890 1118/2492/1090 1117/2493/1089 3005/2484/2893
f 3005/2484/2893 1117/2493/1089 144/2031/144 1104/2030/1076
f 3004/2482/2892 3005/2484/2893 1104/2030/1076 1103/2029/1075
f 3003/2483/2891 3004/2482/2892 1103/2029/1075 1102/2027/1074
f 1114/2494/1086 3003/2483/2891 1102/2027/1074 143/2026/143
f 1115/2495/1087 3000/2479/2888 3003/2483/2891 1114/2494/1086
f 1116/2487/1088 2997/2476/2885 3000/2479/2888 1115/2495/1087
f 3006/2496/2894 3007/2497/2895 3010/2498/2898 3009/2499/2897
f 3007/2497/2895 3008/2500/2896 3011/2501/2899 3010/2498/2898
f 3009/2499/2897 3010/2498/2898 3013/2502/2901 3012/2503/2900
f 3010/2498/2898 3011/2501/2899 3014/2504/2902 3013/2502/2901
f 155/2505/155 1156/2506/1128 3006/2496/2894 1113/2507/1085
f 1156/2506/1128 1157/2508/1129 3007/2497/2895 3006/2496/2894
f 1157/2508/1129 1158/2509/1130 3008/2500/2896 3007/2497/2895
f 1158/2509/1130 156/2510/156 1116/2511/1088 3008/2500/2896
f 3008/2500/2896 1116/2511/1088 1115/2495/1087 3011/2501/2899
f 3011/2501/2899 1115/2495/1087 1114/2512/1086 3014/2504/2902
f 3014/2504/2902 1114/2512/1086 143/2009/143 1107/2008/1079
f 3013/2502/2901 3014/2504/2902 1107/2008/1079 1106/2007/1078
f 3012/2503/2900 3013/2502/2901 1106/2007/1078 1105/2006/1077
f 1111/2513/1083 3012/2503/2900 1105/2006/1077 142/1986/142
f 1112/2514/1084 3009/2499/2897 3012/2503/2900 1111/2513/1083
f 1113/2507/1085 3006/2496/2894 3009/2499/2897 1112/2514/1084
f 3015/2515/2903 3016/2516/2904 3019/2517/2907 3018/2518/2906
f 3016/2516/2904 3017/2519/2905 3020/2520/2908 3019/2517/2907
f 3018/2518/2906 3019/2517/2907 3022/2521/2910 3021/2522/2909
f 3019/2517/2907 3020/2520/2908 3023/2523/2911 3022/2521/2910
f 168/2246/168 1153/2524/1125 3015/2515/2903 1027/2247/999
f 1153/2524/1125 1154/2525/1126 3016/2516/2904 3015/2515/2903
f 1154/2525/1126 1155/2526/1127 3017/2519/2905 3016/2516/2904
f 1155/2526/1127 155/2505/155 1113/2507/1085 3017/2519/2905
f 3017/2519/2905 1113/2507/1085 1112/2514/1084 3020/2520/2908
f 3020/2520/2908 1112/2514/1084 1111/2513/1083 3023/2523/2911
f 3023/2523/2911 1111/2513/1083 142/1986/142 1110/1985/1082
f 3022/2521/2910 3023/2523/2911 1110/1985/1082 1109/1984/1081
f 3021/2522/2909 3022/2521/2910 1109/1984/1081 1108/1982/1080
f 1029/2249/1001 3021/2522/2909 1108/1982/1080 141/1981/141
f 1028/2248/1000 3018/2518/2906 3021/2522/2909 1029/2249/1001
f 1027/2247/999 3015/2515/2903 3018/2518/2906 1028/2248/1000
f 3024/2527/2912 3025/2528/2913 3028/2529/2916 3027/2530/2915
f 3025/2528/2913 3026/2531/2914 3029/2532/2917 3028/2529/2916
f 3027/2530/2915 3028/2529/2916 3031/2533/2919 3030/2534/2918
f 3028/2529/2916 3029/2532/2917 3032/2535/2920 3031/2533/2919
f 169/2536/169 901/2537/873 3024/2527/2912 1150/2538/1122
f 901/2537/873 902/2539/874 3025/2528/2913 3024/2527/2912
f 902/2539/874 903/2540/875 3026/2531/2914 3025/2528/2913
f 903/2540/875 170/2541/170 912/2542/884 3026/2531/2914
f 3026/2531/2914 912/2542/884 911/2543/883 3029/2532/2917
f 3029/2532/2917 911/2543/883 910/2544/882 3032/2535/2920
f 3032/2535/2920 910/2544/882 155/2505/155 1155/2526/1127
f 3031/2533/2919 3032/2535/2920 1155/2526/1127 1154/2525/1126
f 3030/2534/2918 3031/2533/2919 1154/2525/1126 1153/2524/1125
f 1152/2545/1124 3030/2534/2918 1153/2524/1125 168/2246/168
f 1151/2546/1123 3027/2530/2915 3030/2534/2918 1152/2545/1124
f 1150/2538/1122 3024/2527/2912 3027/2530/2915 1151/2546/1123
f 3033/2547/2921 3034/2548/2922 3037/2549/2925 3036/2550/2924
f 3034/2548/2922 3035/2551/2923 3038/2552/2926 3037/2549/2925
f 3036/2550/2924 3037/2549/2925 3040/2553/2928 3039/2554/2927
f 3037/2549/2925 3038/2552/2926 3041/2555/2929 3040/2553/2928
f 170/2541/170 913/2556/885 3033/2547/2921 912/2542/884
f 913/2556/885 914/2557/886 3034/2548/2922 3033/2547/2921
f 914/2557/886 915/2558/887 3035/2551/2923 3034/2548/2922
f 915/2558/887 171/2559/171 921/2560/893 3035/2551/2923
f 3035/2551/2923 921/2560/893 920/2561/892 3038/2552/2926
f 3038/2552/2926 920/2561/892 919/2562/891 3041/2555/2929
f 3041/2555/2929 919/2562/891 156/2510/156 1158/2509/1130
f 3040/2553/2928 3041/2555/2929 1158/2509/1130 1157/2508/1129
f 3039/2554/2927 3040/2553/2928 1157/2508/1129 1156/2506/1128
f 910/2544/882 3039/2554/2927 1156/2506/1128 155/2505/155
f 911/2543/883 3036/2550/2924 3039/2554/2927 910/2544/882
f 912/2542/884 3033/2547/2921 3036/2550/2924 911/2543/883
f 3042/2563/2930 3043/2564/2931 3046/2565/2934 3045/2566/2933
f 3043/2564/2931 3044/2567/2932 3047/2568/2935 3046/2565/2934
f 3045/2566/2933 3046/2565/2934 3049/2569/2937 3048/2570/2936
f 3046/2565/2934 3047/2568/2935 3050/2571/2938 3049/2569/2937
f 171/2572/171 922/2573/894 3042/2563/2930 921/2574/893
f 922/2573/894 923/2575/895 3043/2564/2931 3042/2563/2930
f 923/2575/895 924/2576/896 3044/2567/2932 3043/2564/2931
f 924/2576/896 172/2577/172 930/2578/902 3044/2567/2932
f 3044/2567/2932 930/2578/902 929/2579/901 3047/2568/2935
f 3047/2568/2935 929/2579/901 928/2580/900 3050/2571/2938
f 3050/2571/2938 928/2580/900 157/2490/157 1161/2489/1133
f 3049/2569/2937 3050/2571/2938 1161/2489/1133 1160/2488/1132
f 3048/2570/2936 3049/2569/2937 1160/2488/1132 1159/2486/1131
f 919/2581/891 3048/2570/2936 1159/2486/1131 156/2485/156
f 920/2582/892 3045/2566/2933 3048/2570/2936 919/2581/891
f 921/2574/893 3042/2563/2930 3045/2566/2933 920/2582/892
f 3051/2583/2939 3052/2584/2940 3055/2585/2943 3054/2586/2942
f 3052/2584/2940 3053/2587/2941 3056/2588/2944 3055/2585/2943
f 3054/2586/2942 3055/2585/2943 3058/2589/2946 3057/2590/2945
f 3055/2585/2943 3056/2588/2944 3059/2591/2947 3058/2589/2946
f 172/2592/172 931/2593/903 3051/2583/2939 930/2594/902
f 931/2593/903 932/2595/904 3052/2584/2940 3051/2583/2939
f 932/2595/904 933/2596/905 3053/2587/2941 3052/2584/2940
f 933/2596/905 173/2597/173 939/2598/911 3053/2587/2941
f 3053/2587/2941 939/2598/911 938/2599/910 3056/2588/2944
f 3056/2588/2944 938/2599/910 937/2600/909 3059/2591/2947
f 3059/2591/2947 937/2600/909 158/2470/158 1164/2469/1136
f 3058/2589/2946 3059/2591/2947 1164/2469/1136 1163/2468/1135
f 3057/2590/2945 3058/2589/2946 1163/2468/1135 1162/2466/1134
f 928/2601/900 3057/2590/2945 1162/2466/1134 157/2465/157
f 929/2602/901 3054/2586/2942 3057/2590/2945 928/2601/900
f 930/2594/902 3051/2583/2939 3054/2586/2942 929/2602/901
f 3060/2603/2948 3061/2604/2949 3064/2605/2952 3063/2606/2951
f 3061/2604/2949 3062/2607/2950 3065/2608/2953 3064/2605/2952
f 3063/2606/2951 3064/2605/2952 3067/2609/2955 3066/2610/2954
f 3064/2605/2952 3065/2608/2953 3068/2611/2956 3067/2609/2955
f 173/2612/173 940/2613/912 3060/2603/2948 939/2614/911
f 940/2613/912 941/2615/913 3061/2604/2949 3060/2603/2948
f 941/2615/913 942/2616/914 3062/2607/2950 3061/2604/2949
f 942/2616/914 174/2617/174 948/2618/920 3062/2607/2950
f 3062/2607/2950 948/2618/920 947/2619/919 3065/2608/2953
f 3065/2608/2953 947/2619/919 946/2620/918 3068/2611/2956
f 3068/2611/2956 946/2620/918 159/2433/159 1167/2453/1139
f 3067/2609/2955 3068/2611/2956 1167/2453/1139 1166/2452/1138
f 3066/2610/2954 3067/2609/2955 1166/2452/1138 1165/2450/1137
f 937/2621/909 3066/2610/2954 1165/2450/1137 158/2449/158
f 938/2622/910 3063/2606/2951 3066/2610/2954 937/2621/909
f 939/2614/911 3060/2603/2948 3063/2606/2951 938/2622/910
f 3069/2623/2957 3070/2624/2958 3073/2625/2961 3072/2626/2960
f 3070/2624/2958 3071/2627/2959 3074/2628/2962 3073/2625/2961
f 3072/2626/2960 3073/2625/2961 3076/2629/2964 3075/2630/2963
f 3073/2625/2961 3074/2628/2962 3077/2631/2965 3076/2629/2964
f 174/2617/174 949/2632/921 3069/2623/2957 948/2618/920
f 949/2632/921 950/2633/922 3070/2624/2958 3069/2623/2957
f 950/2633/922 951/2634/923 3071/2627/2959 3070/2624/2958
f 951/2634/923 175/2635/175 957/2636/929 3071/2627/2959
f 3071/2627/2959 957/2636/929 956/2637/928 3074/2628/2962
f 3074/2628/2962 956/2637/928 955/2638/927 3077/2631/2965
f 3077/2631/2965 955/2638/927 160/2417/160 1170/2437/1142
f 3076/2629/2964 3077/2631/2965 1170/2437/1142 1169/2436/1141
f 3075/2630/2963 3076/2629/2964 1169/2436/1141 1168/2434/1140
f 946/2620/918 3075/2630/2963 1168/2434/1140 159/2433/159
f 947/2619/919 3072/2626/2960 3075/2630/2963 946/2620/918
f 948/2618/920 3069/2623/2957 3072/2626/2960 947/2619/919
f 3078/2639/2966 3079/2640/2967 3082/2641/2970 3081/2642/2969
f 3079/2640/2967 3080/2643/2968 3083/2644/2971 3082/2641/2970
f 3081/2642/2969 3082/2641/2970 3085/2645/2973 3084/2646/2972
f 3082/2641/2970 3083/2644/2971 3086/2647/2974 3085/2645/2973
f 175/2635/175 958/2648/930 3078/2639/2966 957/2636/929
f 958/2648/930 959/2649/931 3079/2640/2967 3078/2639/2966
f 959/2649/931 960/2650/932 3080/2643/2968 3079/2640/2967
f 960/2650/932 176/2651/176 966/2652/938 3080/2643/2968
f 3080/2643/2968 966/2652/938 965/2653/937 3083/2644/2971
f 3083/2644/2971 965/2653/937 964/2654/936 3086/2647/2974
f 3086/2647/2974 964/2654/936 161/2401/161 1173/2421/1145
f 3085/2645/2973 3086/2647/2974 1173/2421/1145 1172/2420/1144
f 3084/2646/2972 3085/2645/2973 1172/2420/1144 1171/2418/1143
f 955/2638/927 3084/2646/2972 1171/2418/1143 160/2417/160
f 956/2637/928 3081/2642/2969 3084/2646/2972 955/2638/927
f 957/2636/929 3078/2639/2966 3081/2642/2969 956/2637/928
f 3087/2655/2975 3088/2656/2976 3091/2657/2979 3090/2658/2978
f 3088/2656/2976 3089/2659/2977 3092/2660/2980 3091/2657/2979
f 3090/2658/2978 3091/2657/2979 3094/2661/2982 3093/2662/2981
f 3091/2657/2979 3092/2660/2980 3095/2663/2983 3094/2661/2982
f 176/2651/176 967/2664/939 3087/2655/2975 966/2652/938
f 967/2664/939 968/2665/940 3088/2656/2976 3087/2655/2975
f 968/2665/940 969/2666/941 3089/2659/2977 3088/2656/2976
f 969/2666/941 177/2667/177 975/2668/947 3089/2659/2977
f 3089/2659/2977 975/2668/947 974/2669/946 3092/2660/2980
f 3092/2660/2980 974/2669/946 973/2670/945 3095/2663/2983
f 3095/2663/2983 973/2670/945 162/2385/162 1176/2405/1148
f 3094/2661/2982 3095/2663/2983 1176/2405/1148 1175/2404/1147
f 3093/2662/2981 3094/2661/2982 1175/2404/1147 1174/2402/1146
f 964/2654/936 3093/2662/2981 1174/2402/1146 161/2401/161
f 965/2653/937 3090/2658/2978 3093/2662/2981 964/2654/936
f 966/2652/938 3087/2655/2975 3090/2658/2978 965/2653/937
f 3096/2671/2984 3097/2672/2985 3100/2673/2988 3099/2674/2987
f 3097/2672/2985 3098/2675/2986 3101/2676/2989 3100/2673/2988
f 3099/2674/2987 3100/2673/2988 3103/2677/2991 3102/2678/2990
f 3100/2673/2988 3101/2676/2989 3104/2679/2992 3103/2677/2991
f 177/2667/177 976/2680/948 3096/2671/2984 975/2668/947
f 976/2680/948 977/2681/949 3097/2672/2985 3096/2671/2984
f 977/2681/949 978/2682/950 3098/2675/2986 3097/2672/2985
f 978/2682/950 178/2683/178 984/2684/956 3098/2675/2986
f 3098/2675/2986 984/2684/956 983/2685/955 3101/2676/2989
f 3101/2676/2989 983/2685/955 982/2686/954 3104/2679/2992
f 3104/2679/2992 982/2686/954 163/2369/163 1179/2389/1151
f 3103/2677/2991 3104/2679/2992 1179/2389/1151 1178/2388/1150
f 3102/2678/2990 3103/2677/2991 1178/2388/1150 1177/2386/1149
f 973/2670/945 3102/2678/2990 1177/2386/1149 162/2385/162
f 974/2669/946 3099/2674/2987 3102/2678/2990 973/2670/945
f 975/2668/947 3096/2671/2984 3099/2674/2987 974/2669/946
f 3105/2687/2993 3106/2688/2994 3109/2689/2997 3108/2690/2996
f 3106/2688/2994 3107/2691/2995 3110/2692/2998 3109/2689/2997
f 3108/2690/2996 3109/2689/2997 3112/2693/3000 3111/2694/2999
f 3109/2689/2997 3110/2692/2998 3113/2695/3001 3112/2693/3000
f 178/2683/178 985/2696/957 3105/2687/2993 984/2684/956
f 985/2696/957 986/2697/958 3106/2688/2994 3105/2687/2993
f 986/2697/958 987/2698/959 3107/2691/2995 3106/2688/2994
f 987/2698/959 179/2699/179 993/2700/965 3107/2691/2995
f 3107/2691/2995 993/2700/965 992/2701/964 3110/2692/2998
f 3110/2692/2998 992/2701/964 991/2702/963 3113/2695/3001
f 3113/2695/3001 991/2702/963 164/2353/164 1182/2373/1154
f 3112/2693/3000 3113/2695/3001 1182/2373/1154 1181/2372/1153
f 3111/2694/2999 3112/2693/3000 1181/2372/1153 1180/2370/1152
f 982/2686/954 3111/2694/2999 1180/2370/1152 163/2369/163
f 983/2685/955 3108/2690/2996 3111/2694/2999 982/2686/954
f 984/2684/956 3105/2687/2993 3108/2690/2996 983/2685/955
f 3114/2703/3002 3115/2704/3003 3118/2705/3006 3117/2706/3005
f 3115/2704/3003 3116/2707/3004 3119/2708/3007 3118/2705/3006
f 3117/2706/3005 3118/2705/3006 3121/2709/3009 3120/2710/3008
f 3118/2705/3006 3119/2708/3007 3122/2711/3010 3121/2709/3009
f 179/2699/179 994/2712/966 3114/2703/3002 993/2700/965
f 994/2712/966 995/2713/967 3115/2704/3003 3114/2703/3002
f 995/2713/967 996/2714/968 3116/2707/3004 3115/2704/3003
f 996/2714/968 180/2715/180 1002/2716/974 3116/2707/3004
f 3116/2707/3004 1002/2716/974 1001/2717/973 3119/2708/3007
f 3119/2708/3007 1001/2717/973 1000/2718/972 3122/2711/3010
f 3122/2711/3010 1000/2718/972 165/2337/165 1185/2357/1157
f 3121/2709/3009 3122/2711/3010 1185/2357/1157 1184/2356/1156
f 3120/2710/3008 3121/2709/3009 1184/2356/1156 1183/2354/1155
f 991/2702/963 3120/2710/3008 1183/2354/1155 164/2353/164
f 992/2701/964 3117/2706/3005 3120/2710/3008 991/2702/963
f 993/2700/965 3114/2703/3002 3117/2706/3005 992/2701/964
f 3123/2719/3011 3124/2720/3012 3127/2721/3015 3126/2722/3014
f 3124/2720/3012 3125/2723/3013 3128/2724/3016 3127/2721/3015
f 3126/2722/3014 3127/2721/3015 3130/2725/3018 3129/2726/3017
f 3127/2721/3015 3128/2724/3016 3131/2727/3019 3130/2725/3018
f 180/2715/180 1003/2728/975 3123/2719/3011 1002/2716/974
f 1003/2728/975 1004/2729/976 3124/2720/3012 3123/2719/3011
f 1004/2729/976 1005/2730/977 3125/2723/3013 3124/2720/3012
f 1005/2730/977 181/2731/181 1011/2732/983 3125/2723/3013
f 3125/2723/3013 1011/2732/983 1010/2733/982 3128/2724/3016
f 3128/2724/3016 1010/2733/982 1009/2734/981 3131/2727/3019
f 3131/2727/3019 1009/2734/981 166/2321/166 1188/2341/1160
f 3130/2725/3018 3131/2727/3019 1188/2341/1160 1187/2340/1159
f 3129/2726/3017 3130/2725/3018 1187/2340/1159 1186/2338/1158
f 1000/2718/972 3129/2726/3017 1186/2338/1158 165/2337/165
f 1001/2717/973 3126/2722/3014 3129/2726/3017 1000/2718/972
f 1002/2716/974 3123/2719/3011 3126/2722/3014 1001/2717/973
f 3132/2735/3020 3133/2736/3021 3136/2737/3024 3135/2738/3023
f 3133/2736/3021 3134/2739/3022 3137/2740/3025 3136/2737/3024
f 3135/2738/3023 3136/2737/3024 3139/2741/3027 3138/2742/3026
f 3136/2737/3024 3137/2740/3025 3140/2743/3028 3139/2741/3027
f 181/2731/181 1012/2744/984 3132/2735/3020 1011/2732/983
f 1012/2744/984 1013/2745/985 3133/2736/3021 3132/2735/3020
f 1013/2745/985 1014/2746/986 3134/2739/3022 3133/2736/3021
f 1014/2746/986 182/2747/182 1020/2748/992 3134/2739/3022
f 3134/2739/3022 1020/2748/992 1019/2749/991 3137/2740/3025
f 3137/2740/3025 1019/2749/991 1018/2750/990 3140/2743/3028
f 3140/2743/3028 1018/2750/990 167/2241/167 1191/2325/1163
f 3139/2741/3027 3140/2743/3028 1191/2325/1163 1190/2324/1162
f 3138/2742/3026 3139/2741/3027 1190/2324/1162 1189/2322/1161
f 1009/2734/981 3138/2742/3026 1189/2322/1161 166/2321/166
f 1010/2733/982 3135/2738/3023 3138/2742/3026 1009/2734/981
f 1011/2732/983 3132/2735/3020 3135/2738/3023 1010/2733/982
f 3141/2751/3029 3142/2752/3030 3145/2753/3033 3144/2754/3032
f 3142/2752/3030 3143/2755/3031 3146/2756/3034 3145/2753/3033
f 3144/2754/3032 3145/2753/3033 3148/2757/3036 3147/2758/3035
f 3145/2753/3033 3146/2756/3034 3149/2759/3037 3148/2757/3036
f 182/2747/182 1021/2760/993 3141/2751/3029 1020/2748/992
f 1021/2760/993 1022/2761/994 3142/2752/3030 3141/2751/3029
f 1022/2761/994 1023/2762/995 3143/2755/3031 3142/2752/3030
f 1023/2762/995 169/2536/169 1150/2538/1122 3143/2755/3031
f 3143/2755/3031 1150/2538/1122 1151/2546/1123 3146/2756/3034
f 3146/2756/3034 1151/2546/1123 1152/2545/1124 3149/2759/3037
f 3149/2759/3037 1152/2545/1124 168/2246/168 1194/2245/1166
f 3148/2757/3036 3149/2759/3037 1194/2245/1166 1193/2244/1165
f 3147/2758/3035 3148/2757/3036 1193/2244/1165 1192/2242/1164
f 1018/2750/990 3147/2758/3035 1192/2242/1164 167/2241/167
f 1019/2749/991 3144/2754/3032 3147/2758/3035 1018/2750/990
f 1020/2748/992 3141/2751/3029 3144/2754/3032 1019/2749/991
f 3150/2763/3038 3151/2764/3039 3154/2765/3042 3153/2766/3041
f 3151/2764/3039 3152/2767/3040 3155/2768/3043 3154/2765/3042
f 3153/2766/3041 3154/2765/3042 3157/2769/3045 3156/2770/3044
f 3154/2765/3042 3155/2768/3043 3158/2771/3046 3157/2769/3045
f 115/2772/115 1239/2773/1211 3150/2763/3038 1197/2774/1169
f 1239/2773/1211 1238/2775/1210 3151/2764/3039 3150/2763/3038
f 1238/2775/1210 1237/2776/1209 3152/2767/3040 3151/2764/3039
f 1237/2776/1209 170/2777/170 903/2778/875 3152/2767/3040
f 3152/2767/3040 903/2778/875 902/2779/874 3155/2768/3043
f 3155/2768/3043 902/2779/874 901/2780/873 3158/2771/3046
f 3158/2771/3046 901/2780/873 169/2781/169 1242/2782/1214
f 3157/2769/3045 3158/2771/3046 1242/2782/1214 1241/2783/1213
f 3156/2770/3044 3157/2769/3045 1241/2783/1213 1240/2784/1212
f 1195/2785/1167 3156/2770/3044 1240/2784/1212 113/2786/113
f 1196/2787/1168 3153/2766/3041 3156/2770/3044 1195/2785/1167
f 1197/2774/1169 3150/2763/3038 3153/2766/3041 1196/2787/1168
f 3159/2788/3047 3160/2789/3048 3163/2790/3051 3162/2791/3050
f 3160/2789/3048 3161/2792/3049 3164/2793/3052 3163/2790/3051
f 3162/2791/3050 3163/2790/3051 3166/2794/3054 3165/2795/3053
f 3163/2790/3051 3164/2793/3052 3167/2796/3055 3166/2794/3054
f 117/2797/117 1245/2798/1217 3159/2788/3047 1200/2799/1172
f 1245/2798/1217 1244/2800/1216 3160/2789/3048 3159/2788/3047
f 1244/2800/1216 1243/2801/1215 3161/2792/3049 3160/2789/3048
f 1243/2801/1215 171/2802/171 915/2558/887 3161/2792/3049
f 3161/2792/3049 915/2558/887 914/2803/886 3164/2793/3052
f 3164/2793/3052 914/2803/886 913/2804/885 3167/2796/3055
f 3167/2796/3055 913/2804/885 170/2777/170 1237/2776/1209
f 3166/2794/3054 3167/2796/3055 1237/2776/1209 1238/2775/1210
f 3165/2795/3053 3166/2794/3054 1238/2775/1210 1239/2773/1211
f 1198/2805/1170 3165/2795/3053 1239/2773/1211 115/2772/115
f 1199/2806/1171 3162/2791/3050 3165/2795/3053 1198/2805/1170
f 1200/2799/1172 3159/2788/3047 3162/2791/3050 1199/2806/1171
f 3168/2807/3056 3169/2808/3057 3172/2809/3060 3171/2810/3059
f 3169/2808/3057 3170/2811/3058 3173/2812/3061 3172/2809/3060
f 3171/2810/3059 3172/2809/3060 3175/2813/3063 3174/2814/3062
f 3172/2809/3060 3173/2812/3061 3176/2815/3064 3175/2813/3063
f 119/2816/119 1248/2817/1220 3168/2807/3056 1203/2818/1175
f 1248/2817/1220 1247/2819/1219 3169/2808/3057 3168/2807/3056
f 1247/2819/1219 1246/2820/1218 3170/2811/3058 3169/2808/3057
f 1246/2820/1218 172/2577/172 924/2821/896 3170/2811/3058
f 3170/2811/3058 924/2821/896 923/2575/895 3173/2812/3061
f 3173/2812/3061 923/2575/895 922/2822/894 3176/2815/3064
f 3176/2815/3064 922/2822/894 171/2572/171 1243/2823/1215
f 3175/2813/3063 3176/2815/3064 1243/2823/1215 1244/2824/1216
f 3174/2814/3062 3175/2813/3063 1244/2824/1216 1245/2825/1217
f 1201/2826/1173 3174/2814/3062 1245/2825/1217 117/2827/117
f 1202/2828/1174 3171/2810/3059 3174/2814/3062 1201/2826/1173
f 1203/2818/1175 3168/2807/3056 3171/2810/3059 1202/2828/1174
f 3177/2829/3065 3178/2830/3066 3181/2831/3069 3180/2832/3068
f 3178/2830/3066 3179/2833/3067 3182/2834/3070 3181/2831/3069
f 3180/2832/3068 3181/2831/3069 3184/2835/3072 3183/2836/3071
f 3181/2831/3069 3182/2834/3070 3185/2837/3073 3184/2835/3072
f 121/2838/121 1251/2839/1223 3177/2829/3065 1206/2840/1178
f 1251/2839/1223 1250/2841/1222 3178/2830/3066 3177/2829/3065
f 1250/2841/1222 1249/2842/1221 3179/2833/3067 3178/2830/3066
f 1249/2842/1221 173/2597/173 933/2843/905 3179/2833/3067
f 3179/2833/3067 933/2843/905 932/2844/904 3182/2834/3070
f 3182/2834/3070 932/2844/904 931/2845/903 3185/2837/3073
f 3185/2837/3073 931/2845/903 172/2592/172 1246/2846/1218
f 3184/2835/3072 3185/2837/3073 1246/2846/1218 1247/2847/1219
f 3183/2836/3071 3184/2835/3072 1247/2847/1219 1248/2848/1220
f 1204/2849/1176 3183/2836/3071 1248/2848/1220 119/2850/119
f 1205/2851/1177 3180/2832/3068 3183/2836/3071 1204/2849/1176
f 1206/2840/1178 3177/2829/3065 3180/2832/3068 1205/2851/1177
f 3186/2852/3074 3187/2853/3075 3190/2854/3078 3189/2855/3077
f 3187/2853/3075 3188/2856/3076 3191/2857/3079 3190/2854/3078
f 3189/2855/3077 3190/2854/3078 3193/2858/3081 3192/2859/3080
f 3190/2854/3078 3191/2857/3079 3194/2860/3082 3193/2858/3081
f 123/2861/123 1254/2862/1226 3186/2852/3074 1209/2863/1181
f 1254/2862/1226 1253/2864/1225 3187/2853/3075 3186/2852/3074
f 1253/2864/1225 1252/2865/1224 3188/2856/3076 3187/2853/3075
f 1252/2865/1224 174/2866/174 942/2616/914 3188/2856/3076
f 3188/2856/3076 942/2616/914 941/2615/913 3191/2857/3079
f 3191/2857/3079 941/2615/913 940/2867/912 3194/2860/3082
f 3194/2860/3082 940/2867/912 173/2868/173 1249/2869/1221
f 3193/2858/3081 3194/2860/3082 1249/2869/1221 1250/2841/1222
f 3192/2859/3080 3193/2858/3081 1250/2841/1222 1251/2870/1223
f 1207/2871/1179 3192/2859/3080 1251/2870/1223 121/2872/121
f 1208/2873/1180 3189/2855/3077 3192/2859/3080 1207/2871/1179
f 1209/2863/1181 3186/2852/3074 3189/2855/3077 1208/2873/1180
f 3195/2874/3083 3196/2875/3084 3199/2876/3087 3198/2877/3086
f 3196/2875/3084 3197/2878/3085 3200/2879/3088 3199/2876/3087
f 3198/2877/3086 3199/2876/3087 3202/2880/3090 3201/2881/3089
f 3199/2876/3087 3200/2879/3088 3203/2882/3091 3202/2880/3090
f 125/2883/125 1257/2884/1229 3195/2874/3083 1212/2885/1184
f 1257/2884/1229 1256/2886/1228 3196/2875/3084 3195/2874/3083
f 1256/2886/1228 1255/2887/1227 3197/2878/3085 3196/2875/3084
f 1255/2887/1227 175/2888/175 951/2889/923 3197/2878/3085
f 3197/2878/3085 951/2889/923 950/2890/922 3200/2879/3088
f 3200/2879/3088 950/2890/922 949/2891/921 3203/2882/3091
f 3203/2882/3091 949/2891/921 174/2866/174 1252/2865/1224
f 3202/2880/3090 3203/2882/3091 1252/2865/1224 1253/2864/1225
f 3201/2881/3089 3202/2880/3090 1253/2864/1225 1254/2862/1226
f 1210/2892/1182 3201/2881/3089 1254/2862/1226 123/2861/123
f 1211/2893/1183 3198/2877/3086 3201/2881/3089 1210/2892/1182
f 1212/2885/1184 3195/2874/3083 3198/2877/3086 1211/2893/1183
f 3204/2894/3092 3205/2895/3093 3208/2896/3096 3207/2897/3095
f 3205/2895/3093 3206/2898/3094 3209/2899/3097 3208/2896/3096
f 3207/2897/3095 3208/2896/3096 3211/2900/3099 3210/2901/3098
f 3208/2896/3096 3209/2899/3097 3212/2902/3100 3211/2900/3099
f 127/2903/127 1260/2904/1232 3204/2894/3092 1215/2905/1187
f 1260/2904/1232 1259/2906/1231 3205/2895/3093 3204/2894/3092
f 1259/2906/1231 1258/2907/1230 3206/2898/3094 3205/2895/3093
f 1258/2907/1230 176/2908/176 960/2650/932 3206/2898/3094
f 3206/2898/3094 960/2650/932 959/2649/931 3209/2899/3097
f 3209/2899/3097 959/2649/931 958/2909/930 3212/2902/3100
f 3212/2902/3100 958/2909/930 175/2888/175 1255/2887/1227
f 3211/2900/3099 3212/2902/3100 1255/2887/1227 1256/2886/1228
f 3210/2901/3098 3211/2900/3099 1256/2886/1228 1257/2884/1229
f 1213/2910/1185 3210/2901/3098 1257/2884/1229 125/2883/125
f 1214/2911/1186 3207/2897/3095 3210/2901/3098 1213/2910/1185
f 1215/2905/1187 3204/2894/3092 3207/2897/3095 1214/2911/1186
f 3213/2912/3101 3214/2913/3102 3217/2914/3105 3216/2915/3104
f 3214/2913/3102 3215/2916/3103 3218/2917/3106 3217/2914/3105
f 3216/2915/3104 3217/2914/3105 3220/2918/3108 3219/2919/3107
f 3217/2914/3105 3218/2917/3106 3221/2920/3109 3220/2918/3108
f 129/2921/129 1263/2922/1235 3213/2912/3101 1218/2923/1190
f 1263/2922/1235 1262/2924/1234 3214/2913/3102 3213/2912/3101
f 1262/2924/1234 1261/2925/1233 3215/2916/3103 3214/2913/3102
f 1261/2925/1233 177/2926/177 969/2927/941 3215/2916/3103
f 3215/2916/3103 969/2927/941 968/2665/940 3218/2917/3106
f 3218/2917/3106 968/2665/940 967/2928/939 3221/2920/3109
f 3221/2920/3109 967/2928/939 176/2908/176 1258/2907/1230
f 3220/2918/3108 3221/2920/3109 1258/2907/1230 1259/2906/1231
f 3219/2919/3107 3220/2918/3108 1259/2906/1231 1260/2904/1232
f 1216/2929/1188 3219/2919/3107 1260/2904/1232 127/2903/127
f 1217/2930/1189 3216/2915/3104 3219/2919/3107 1216/2929/1188
f 1218/2923/1190 3213/2912/3101 3216/2915/3104 1217/2930/1189
f 3222/2931/3110 3223/2932/3111 3226/2933/3114 3225/2934/3113
f 3223/2932/3111 3224/2935/3112 3227/2936/3115 3226/2933/3114
f 3225/2934/3113 3226/2933/3114 3229/2937/3117 3228/2938/3116
f 3226/2933/3114 3227/2936/3115 3230/2939/3118 3229/2937/3117
f 131/2940/131 1266/2941/1238 3222/2931/3110 1221/2942/1193
f 1266/2941/1238 1265/2943/1237 3223/2932/3111 3222/2931/3110
f 1265/2943/1237 1264/2944/1236 3224/2935/3112 3223/2932/3111
f 1264/2944/1236 178/2945/178 978/2682/950 3224/2935/3112
f 3224/2935/3112 978/2682/950 977/2946/949 3227/2936/3115
f 3227/2936/3115 977/2946/949 976/2947/948 3230/2939/3118
f 3230/2939/3118 976/2947/948 177/2926/177 1261/2925/1233
f 3229/2937/3117 3230/2939/3118 1261/2925/1233 1262/2924/1234
f 3228/2938/3116 3229/2937/3117 1262/2924/1234 1263/2922/1235
f 1219/2948/1191 3228/2938/3116 1263/2922/1235 129/2921/129
f 1220/2949/1192 3225/2934/3113 3228/2938/3116 1219/2948/1191
f 1221/2942/1193 3222/2931/3110 3225/2934/3113 1220/2949/1192
f 3231/2950/3119 3232/2951/3120 3235/2952/3123 3234/2953/3122
f 3232/2951/3120 3233/2954/3121 3236/2955/3124 3235/2952/3123
f 3234/2953/3122 3235/2952/3123 3238/2956/3126 3237/2957/3125
f 3235/2952/3123 3236/2955/3124 3239/2958/3127 3238/2956/3126
f 133/2959/133 1269/2960/1241 3231/2950/3119 1224/2961/1196
f 1269/2960/1241 1268/2962/1240 3232/2951/3120 3231/2950/3119
f 1268/2962/1240 1267/2963/1239 3233/2954/3121 3232/2951/3120
f 1267/2963/1239 179/2964/179 987/2698/959 3233/2954/3121
f 3233/2954/3121 987/2698/959 986/2965/958 3236/2955/3124
f 3236/2955/3124 986/2965/958 985/2966/957 3239/2958/3127
f 3239/2958/3127 985/2966/957 178/2945/178 1264/2944/1236
f 3238/2956/3126 3239/2958/3127 1264/2944/1236 1265/2943/1237
f 3237/2957/3125 3238/2956/3126 1265/2943/1237 1266/2941/1238
f 1222/2967/1194 3237/2957/3125 1266/2941/1238 131/2940/131
f 1223/2968/1195 3234/2953/3122 3237/2957/3125 1222/2967/1194
f 1224/2961/1196 3231/2950/3119 3234/2953/3122 1223/2968/1195
f 3240/2969/3128 3241/2970/3129 3244/2971/3132 3243/2972/3131
f 3241/2970/3129 3242/2973/3130 3245/2974/3133 3244/2971/3132
f 3243/2972/3131 3244/2971/3132 3247/2975/3135 3246/2976/3134
f 3244/2971/3132 3245/2974/3133 3248/2977/3136 3247/2975/3135
f 135/2978/135 1272/2979/1244 3240/2969/3128 1227/2980/1199
f 1272/2979/1244 1271/2981/1243 3241/2970/3129 3240/2969/3128
f 1271/2981/1243 1270/2982/1242 3242/2973/3130 3241/2970/3129
f 1270/2982/1242 180/2983/180 996/2984/968 3242/2973/3130
f 3242/2973/3130 996/2984/968 995/2985/967 3245/2974/3133
f 3245/2974/3133 995/2985/967 994/2986/966 3248/2977/3136
f 3248/2977/3136 994/2986/966 179/2964/179 1267/2963/1239
f 3247/2975/3135 3248/2977/3136 1267/2963/1239 1268/2962/1240
f 3246/2976/3134 3247/2975/3135 1268/2962/1240 1269/2960/1241
f 1225/2987/1197 3246/2976/3134 1269/2960/1241 133/2959/133
f 1226/2988/1198 3243/2972/3131 3246/2976/3134 1225/2987/1197
f 1227/2980/1199 3240/2969/3128 3243/2972/3131 1226/2988/1198
f 3249/2989/3137 3250/2990/3138 3253/2991/3141 3252/2992/3140
f 3250/2990/3138 3251/2993/3139 3254/2994/3142 3253/2991/3141
f 3252/2992/3140 3253/2991/3141 3256/2995/3144 3255/2996/3143
f 3253/2991/3141 3254/2994/3142 3257/2997/3145 3256/2995/3144
f 137/2998/137 1275/2999/1247 3249/2989/3137 1230/3000/1202
f 1275/2999/1247 1274/3001/1246 3250/2990/3138 3249/2989/3137
f 1274/3001/1246 1273/3002/1245 3251/2993/3139 3250/2990/3138
f 1273/3002/1245 181/3003/181 1005/3004/977 3251/2993/3139
f 3251/2993/3139 1005/3004/977 1004/3005/976 3254/2994/3142
f 3254/2994/3142 1004/3005/976 1003/3006/975 3257/2997/3145
f 3257/2997/3145 1003/3006/975 180/2983/180 1270/2982/1242
f 3256/2995/3144 3257/2997/3145 1270/2982/1242 1271/2981/1243
f 3255/2996/3143 3256/2995/3144 1271/2981/1243 1272/2979/1244
f 1228/3007/1200 3255/2996/3143 1272/2979/1244 135/2978/135
f 1229/3008/1201 3252/2992/3140 3255/2996/3143 1228/3007/1200
f 1230/3000/1202 3249/2989/3137 3252/2992/3140 1229/3008/1201
f 3258/3009/3146 3259/3010/3147 3262/3011/3150 3261/3012/3149
f 3259/3010/3147 3260/3013/3148 3263/3014/3151 3262/3011/3150
f 3261/3012/3149 3262/3011/3150 3265/3015/3153 3264/3016/3152
f 3262/3011/3150 3263/3014/3151 3266/3017/3154 3265/3015/3153
f 139/3018/139 1278/3019/1250 3258/3009/3146 1233/3020/1205
f 1278/3019/1250 1277/3021/1249 3259/3010/3147 3258/3009/3146
f 1277/3021/1249 1276/3022/1248 3260/3013/3148 3259/3010/3147
f 1276/3022/1248 182/3023/182 1014/2746/986 3260/3013/3148
f 3260/3013/3148 1014/2746/986 1013/3024/985 3263/3014/3151
f 3263/3014/3151 1013/3024/985 1012/3025/984 3266/3017/3154
f 3266/3017/3154 1012/3025/984 181/3003/181 1273/3002/1245
f 3265/3015/3153 3266/3017/3154 1273/3002/1245 1274/3001/1246
f 3264/3016/3152 3265/3015/3153 1274/3001/1246 1275/2999/1247
f 1231/3026/1203 3264/3016/3152 1275/2999/1247 137/2998/137
f 1232/3027/1204 3261/3012/3149 3264/3016/3152 1231/3026/1203
f 1233/3020/1205 3258/3009/3146 3261/3012/3149 1232/3027/1204
f 3267/3028/3155 3268/3029/3156 3271/3030/3159 3270/3031/3158
f 3268/3029/3156 3269/3032/3157 3272/3033/3160 3271/3030/3159
f 3270/3031/3158 3271/3030/3159 3274/3034/3162 3273/3035/3161
f 3271/3030/3159 3272/3033/3160 3275/3036/3163 3274/3034/3162
f 113/2786/113 1240/2784/1212 3267/3028/3155 1236/3037/1208
f 1240/2784/1212 1241/2783/1213 3268/3029/3156 3267/3028/3155
f 1241/2783/1213 1242/2782/1214 3269/3032/3157 3268/3029/3156
f 1242/2782/1214 169/2781/169 1023/2762/995 3269/3032/3157
f 3269/3032/3157 1023/2762/995 1022/3038/994 3272/3033/3160
f 3272/3033/3160 1022/3038/994 1021/3039/993 3275/3036/3163
f 3275/3036/3163 1021/3039/993 182/3023/182 1276/3022/1248
f 3274/3034/3162 3275/3036/3163 1276/3022/1248 1277/3021/1249
f 3273/3035/3161 3274/3034/3162 1277/3021/1249 1278/3019/1250
f 1234/3040/1206 3273/3035/3161 1278/3019/1250 139/3018/139
f 1235/3041/1207 3270/3031/3158 3273/3035/3161 1234/3040/1206
f 1236/3037/1208 3267/3028/3155 3270/3031/3158 1235/3041/1207
f 3277/3042/3165 3278/3043/3166 3276/3044/3164 3304/3045/3192
f 3279/3046/3167 3280/3047/3168 3276/3044/3164 3278/3048/3166
f 3281/3049/3169 3282/3050/3170 3276/3044/3164 3280/3047/3168
f 3283/3051/3171 3284/3052/3172 3276/3044/3164 3282/3053/3170
f 3285/3054/3173 3286/3055/3174 3276/3044/3164 3284/3056/3172
f 3287/3057/3175 3288/3058/3176 3276/3044/3164 3286/3055/3174
f 3289/3059/3177 3290/3060/3178 3276/3044/3164 3288/3058/3176
f 3291/3061/3179 3292/3062/3180 3276/3044/3164 3290/3060/3178
f 3293/3063/3181 3294/3064/3182 3276/3044/3164 3292/3062/3180
f 3295/3065/3183 3296/3066/3184 3276/3044/3164 3294/3064/3182
f 3297/3067/3185 3298/3068/3186 3276/3044/3164 3296/3069/3184
f 3299/3070/3187 3300/3071/3188 3276/3044/3164 3298/3072/3186
f 3301/3073/3189 3302/3074/3190 3276/3044/3164 3300/3071/3188
f 3303/3075/3191 3304/3076/3192 3276/3044/3164 3302/3077/3190
f 183/3078/183 1320/3079/1292 3277/3042/3165 1279/3080/1251
f 1320/3079/1292 1319/3081/1291 3278/3043/3166 3277/3042/3165
f 1279/3080/1251 3277/3042/3165 3304/3045/3192 1280/3082/1252
f 196/3083/196 1317/3084/1289 3279/3046/3167 1318/3085/1290
f 1317/3084/1289 1316/3086/1288 3280/3047/3168 3279/3046/3167
f 1318/3085/1290 3279/3046/3167 3278/3048/3166 1319/3087/1291
f 195/3088/195 1314/3089/1286 3281/3049/3169 1315/3090/1287
f 1314/3089/1286 1313/3091/1285 3282/3050/3170 3281/3049/3169
f 1315/3090/1287 3281/3049/3169 3280/3047/3168 1316/3092/1288
f 194/3093/194 1311/3094/1283 3283/3051/3171 1312/3095/1284
f 1311/3094/1283 1310/3096/1282 3284/3052/3172 3283/3051/3171
f 1312/3095/1284 3283/3051/3171 3282/3053/3170 1313/3091/1285
f 193/3097/193 1308/3098/1280 3285/3054/3173 1309/3099/1281
f 1308/3098/1280 1307/3100/1279 3286/3055/3174 3285/3054/3173
f 1309/3099/1281 3285/3054/3173 3284/3056/3172 1310/3096/1282
f 192/3101/192 1305/3102/1277 3287/3057/3175 1306/3103/1278
f 1305/3102/1277 1304/3104/1276 3288/3058/3176 3287/3057/3175
f 1306/3103/1278 3287/3057/3175 3286/3055/3174 1307/3105/1279
f 191/3106/191 1302/3107/1274 3289/3059/3177 1303/3108/1275
f 1302/3107/1274 1301/3109/1273 3290/3060/3178 3289/3059/3177
f 1303/3108/1275 3289/3059/3177 3288/3058/3176 1304/3110/1276
f 190/3111/190 1299/3112/1271 3291/3061/3179 1300/3113/1272
f 1299/3112/1271 1298/3114/1270 3292/3062/3180 3291/3061/3179
f 1300/3113/1272 3291/3061/3179 3290/3060/3178 1301/3109/1273
f 189/3115/189 1296/3116/1268 3293/3063/3181 1297/3117/1269
f 1296/3116/1268 1295/3118/1267 3294/3064/3182 3293/3063/3181
f 1297/3117/1269 3293/3063/3181 3292/3062/3180 1298/3114/1270
f 188/3119/188 1293/3120/1265 3295/3065/3183 1294/3121/1266
f 1293/3120/1265 1292/3122/1264 3296/3066/3184 3295/3065/3183
f 1294/3121/1266 3295/3065/3183 3294/3064/3182 1295/3123/1267
f 187/3124/187 1290/3125/1262 3297/3067/3185 1291/3126/1263
f 1290/3125/1262 1289/3127/1261 3298/3068/3186 3297/3067/3185
f 1291/3126/1263 3297/3067/3185 3296/3069/3184 1292/3128/1264
f 186/3129/186 1287/3130/1259 3299/3070/3187 1288/3131/1260
f 1287/3130/1259 1286/3132/1258 3300/3071/3188 3299/3070/3187
f 1288/3131/1260 3299/3070/3187 3298/3072/3186 1289/3127/1261
f 185/3133/185 1284/3134/1256 3301/3073/3189 1285/3135/1257
f 1284/3134/1256 1283/3136/1255 3302/3074/3190 3301/3073/3189
f 1285/3135/1257 3301/3073/3189 3300/3071/3188 1286/3137/1258
f 184/3138/184 1281/3139/1253 3303/3075/3191 1282/3140/1254
f 1281/3139/1253 1280/3082/1252 3304/3076/3192 3303/3075/3191
f 1282/3140/1254 3303/3075/3191 3302/3077/3190 1283/3136/1255
f 3305/3141/3193 3306/3142/3194 3309/3143/3197 3308/3144/3196
f 3306/3142/3194 3307/3145/3195 3310/3146/3198 3309/3143/3197
f 3308/3144/3196 3309/3143/3197 3312/3147/3200 3311/3148/3199
f 3309/3143/3197 3310/3146/3198 3313/3149/3201 3312/3147/3200
f 200/3150/200 1374/3151/1346 3305/3141/3193 1443/3152/1415
f 1374/3151/1346 1373/3153/1345 3306/3142/3194 3305/3141/3193
f 1373/3153/1345 1372/3154/1344 3307/3145/3195 3306/3142/3194
f 1372/3154/1344 193/3155/193 1309/3156/1281 3307/3145/3195
f 3307/3145/3195 1309/3156/1281 1310/3157/1282 3310/3146/3198
f 3310/3146/3198 1310/3157/1282 1311/3158/1283 3313/3149/3201
f 3313/3149/3201 1311/3158/1283 194/3159/194 1329/3160/1301
f 3312/3147/3200 3313/3149/3201 1329/3160/1301 1328/3161/1300
f 3311/3148/3199 3312/3147/3200 1328/3161/1300 1327/3162/1299
f 1441/3163/1413 3311/3148/3199 1327/3162/1299 199/3164/199
f 1442/3165/1414 3308/3144/3196 3311/3148/3199 1441/3163/1413
f 1443/3152/1415 3305/3141/3193 3308/3144/3196 1442/3165/1414
f 3314/3166/3202 3315/3167/3203 3318/3168/3206 3317/3169/3205
f 3315/3167/3203 3316/3170/3204 3319/3171/3207 3318/3168/3206
f 3317/3169/3205 3318/3168/3206 3321/3172/3209 3320/3173/3208
f 3318/3168/3206 3319/3171/3207 3322/3174/3210 3321/3172/3209
f 197/3175/197 1321/3176/1293 3314/3166/3202 1440/3177/1412
f 1321/3176/1293 1322/3178/1294 3315/3167/3203 3314/3166/3202
f 1322/3178/1294 1323/3179/1295 3316/3170/3204 3315/3167/3203
f 1323/3179/1295 186/3180/186 1288/3181/1260 3316/3170/3204
f 3316/3170/3204 1288/3181/1260 1289/3182/1261 3319/3171/3207
f 3319/3171/3207 1289/3182/1261 1290/3183/1262 3322/3174/3210
f 3322/3174/3210 1290/3183/1262 187/3184/187 1335/3185/1307
f 3321/3172/3209 3322/3174/3210 1335/3185/1307 1334/3186/1306
f 3320/3173/3208 3321/3172/3209 1334/3186/1306 1333/3187/1305
f 1438/3188/1410 3320/3173/3208 1333/3187/1305 201/3189/201
f 1439/3190/1411 3317/3169/3205 3320/3173/3208 1438/3188/1410
f 1440/3177/1412 3314/3166/3202 3317/3169/3205 1439/3190/1411
f 3323/3191/3211 3324/3192/3212 3327/3193/3215 3326/3194/3214
f 3324/3192/3212 3325/3195/3213 3328/3196/3216 3327/3193/3215
f 3326/3194/3214 3327/3193/3215 3330/3197/3218 3329/3198/3217
f 3327/3193/3215 3328/3196/3216 3331/3199/3219 3330/3197/3218
f 199/3164/199 1327/3162/1299 3323/3191/3211 1437/3200/1409
f 1327/3162/1299 1328/3161/1300 3324/3192/3212 3323/3191/3211
f 1328/3161/1300 1329/3160/1301 3325/3195/3213 3324/3192/3212
f 1329/3160/1301 194/3159/194 1312/3201/1284 3325/3195/3213
f 3325/3195/3213 1312/3201/1284 1313/3202/1285 3328/3196/3216
f 3328/3196/3216 1313/3202/1285 1314/3203/1286 3331/3199/3219
f 3331/3199/3219 1314/3203/1286 195/3204/195 1338/3205/1310
f 3330/3197/3218 3331/3199/3219 1338/3205/1310 1337/3206/1309
f 3329/3198/3217 3330/3197/3218 1337/3206/1309 1336/3207/1308
f 1435/3208/1407 3329/3198/3217 1336/3207/1308 202/3209/202
f 1436/3210/1408 3326/3194/3214 3329/3198/3217 1435/3208/1407
f 1437/3200/1409 3323/3191/3211 3326/3194/3214 1436/3210/1408
f 3332/3211/3220 3333/3212/3221 3336/3213/3224 3335/3214/3223
f 3333/3212/3221 3334/3215/3222 3337/3216/3225 3336/3213/3224
f 3335/3214/3223 3336/3213/3224 3339/3217/3227 3338/3218/3226
f 3336/3213/3224 3337/3216/3225 3340/3219/3228 3339/3217/3227
f 201/3189/201 1333/3187/1305 3332/3211/3220 1434/3220/1406
f 1333/3187/1305 1334/3186/1306 3333/3212/3221 3332/3211/3220
f 1334/3186/1306 1335/3185/1307 3334/3215/3222 3333/3212/3221
f 1335/3185/1307 187/3184/187 1291/3221/1263 3334/3215/3222
f 3334/3215/3222 1291/3221/1263 1292/3222/1264 3337/3216/3225
f 3337/3216/3225 1292/3222/1264 1293/3223/1265 3340/3219/3228
f 3340/3219/3228 1293/3223/1265 188/3224/188 1341/3225/1313
f 3339/3217/3227 3340/3219/3228 1341/3225/1313 1340/3226/1312
f 3338/3218/3226 3339/3217/3227 1340/3226/1312 1339/3227/1311
f 1432/3228/1404 3338/3218/3226 1339/3227/1311 203/3229/203
f 1433/3230/1405 3335/3214/3223 3338/3218/3226 1432/3228/1404
f 1434/3220/1406 3332/3211/3220 3335/3214/3223 1433/3230/1405
f 3341/3231/3229 3342/3232/3230 3345/3233/3233 3344/3234/3232
f 3342/3232/3230 3343/3235/3231 3346/3236/3234 3345/3233/3233
f 3344/3234/3232 3345/3233/3233 3348/3237/3236 3347/3238/3235
f 3345/3233/3233 3346/3236/3234 3349/3239/3237 3348/3237/3236
f 202/3209/202 1336/3207/1308 3341/3231/3229 1431/3240/1403
f 1336/3207/1308 1337/3206/1309 3342/3232/3230 3341/3231/3229
f 1337/3206/1309 1338/3205/1310 3343/3235/3231 3342/3232/3230
f 1338/3205/1310 195/3204/195 1315/3241/1287 3343/3235/3231
f 3343/3235/3231 1315/3241/1287 1316/3242/1288 3346/3236/3234
f 3346/3236/3234 1316/3242/1288 1317/3243/1289 3349/3239/3237
f 3349/3239/3237 1317/3243/1289 196/3244/196 1344/3245/1316
f 3348/3237/3236 3349/3239/3237 1344/3245/1316 1343/3246/1315
f 3347/3238/3235 3348/3237/3236 1343/3246/1315 1342/3247/1314
f 1429/3248/1401 3347/3238/3235 1342/3247/1314 204/3249/204
f 1430/3250/1402 3344/3234/3232 3347/3238/3235 1429/3248/1401
f 1431/3240/1403 3341/3231/3229 3344/3234/3232 1430/3250/1402
f 3350/3251/3238 3351/3252/3239 3354/3253/3242 3353/3254/3241
f 3351/3252/3239 3352/3255/3240 3355/3256/3243 3354/3253/3242
f 3353/3254/3241 3354/3253/3242 3357/3257/3245 3356/3258/3244
f 3354/3253/3242 3355/3256/3243 3358/3259/3246 3357/3257/3245
f 203/3229/203 1339/3227/1311 3350/3251/3238 1428/3260/1400
f 1339/3227/1311 1340/3226/1312 3351/3252/3239 3350/3251/3238
f 1340/3226/1312 1341/3225/1313 3352/3255/3240 3351/3252/3239
f 1341/3225/1313 188/3224/188 1294/3261/1266 3352/3255/3240
f 3352/3255/3240 1294/3261/1266 1295/3262/1267 3355/3256/3243
f 3355/3256/3243 1295/3262/1267 1296/3263/1268 3358/3259/3246
f 3358/3259/3246 1296/3263/1268 189/3264/189 1347/3265/1319
f 3357/3257/3245 3358/3259/3246 1347/3265/1319 1346/3266/1318
f 3356/3258/3244 3357/3257/3245 1346/3266/1318 1345/3267/1317
f 1426/3268/1398 3356/3258/3244 1345/3267/1317 205/3269/205
f 1427/3270/1399 3353/3254/3241 3356/3258/3244 1426/3268/1398
f 1428/3260/1400 3350/3251/3238 3353/3254/3241 1427/3270/1399
f 3359/3271/3247 3360/3272/3248 3363/3273/3251 3362/3274/3250
f 3360/3272/3248 3361/3275/3249 3364/3276/3252 3363/3273/3251
f 3362/3274/3250 3363/3273/3251 3366/3277/3254 3365/3278/3253
f 3363/3273/3251 3364/3276/3252 3367/3279/3255 3366/3277/3254
f 204/3249/204 1342/3247/1314 3359/3271/3247 1425/3280/1397
f 1342/3247/1314 1343/3246/1315 3360/3272/3248 3359/3271/3247
f 1343/3246/1315 1344/3245/1316 3361/3275/3249 3360/3272/3248
f 1344/3245/1316 196/3244/196 1318/3281/1290 3361/3275/3249
f 3361/3275/3249 1318/3281/1290 1319/3282/1291 3364/3276/3252
f 3364/3276/3252 1319/3282/1291 1320/3283/1292 3367/3279/3255
f 3367/3279/3255 1320/3283/1292 183/3284/183 1350/3285/1322
f 3366/3277/3254 3367/3279/3255 1350/3285/1322 1349/3286/1321
f 3365/3278/3253 3366/3277/3254 1349/3286/1321 1348/3287/1320
f 1423/3288/1395 3365/3278/3253 1348/3287/1320 206/3289/206
f 1424/3290/1396 3362/3274/3250 3365/3278/3253 1423/3288/1395
f 1425/3280/1397 3359/3271/3247 3362/3274/3250 1424/3290/1396
f 3368/3291/3256 3369/3292/3257 3372/3293/3260 3371/3294/3259
f 3369/3292/3257 3370/3295/3258 3373/3296/3261 3372/3293/3260
f 3371/3294/3259 3372/3293/3260 3375/3297/3263 3374/3298/3262
f 3372/3293/3260 3373/3296/3261 3376/3299/3264 3375/3297/3263
f 205/3269/205 1345/3267/1317 3368/3291/3256 1422/3300/1394
f 1345/3267/1317 1346/3266/1318 3369/3292/3257 3368/3291/3256
f 1346/3266/1318 1347/3265/1319 3370/3295/3258 3369/3292/3257
f 1347/3265/1319 189/3264/189 1297/3301/1269 3370/3295/3258
f 3370/3295/3258 1297/3301/1269 1298/3302/1270 3373/3296/3261
f 3373/3296/3261 1298/3302/1270 1299/3303/1271 3376/3299/3264
f 3376/3299/3264 1299/3303/1271 190/3304/190 1353/3305/1325
f 3375/3297/3263 3376/3299/3264 1353/3305/1325 1352/3306/1324
f 3374/3298/3262 3375/3297/3263 1352/3306/1324 1351/3307/1323
f 1420/3308/1392 3374/3298/3262 1351/3307/1323 207/3309/207
f 1421/3310/1393 3371/3294/3259 3374/3298/3262 1420/3308/1392
f 1422/3300/1394 3368/3291/3256 3371/3294/3259 1421/3310/1393
f 3377/3311/3265 3378/3312/3266 3381/3313/3269 3380/3314/3268
f 3378/3312/3266 3379/3315/3267 3382/3316/3270 3381/3313/3269
f 3380/3314/3268 3381/3313/3269 3384/3317/3272 3383/3318/3271
f 3381/3313/3269 3382/3316/3270 3385/3319/3273 3384/3317/3272
f 207/3309/207 1351/3307/1323 3377/3311/3265 1419/3320/1391
f 1351/3307/1323 1352/3306/1324 3378/3312/3266 3377/3311/3265
f 1352/3306/1324 1353/3305/1325 3379/3315/3267 3378/3312/3266
f 1353/3305/1325 190/3304/190 1300/3321/1272 3379/3315/3267
f 3379/3315/3267 1300/3321/1272 1301/3322/1273 3382/3316/3270
f 3382/3316/3270 1301/3322/1273 1302/3323/1274 3385/3319/3273
f 3385/3319/3273 1302/3323/1274 191/3324/191 1356/3325/1328
f 3384/3317/3272 3385/3319/3273 1356/3325/1328 1355/3326/1327
f 3383/3318/3271 3384/3317/3272 1355/3326/1327 1354/3327/1326
f 1417/3328/1389 3383/3318/3271 1354/3327/1326 208/3329/208
f 1418/3330/1390 3380/3314/3268 3383/3318/3271 1417/3328/1389
f 1419/3320/1391 3377/3311/3265 3380/3314/3268 1418/3330/1390
f 3386/3331/3274 3387/3332/3275 3390/3333/3278 3389/3334/3277
f 3387/3332/3275 3388/3335/3276 3391/3336/3279 3390/3333/3278
f 3389/3334/3277 3390/3333/3278 3393/3337/3281 3392/3338/3280
f 3390/3333/3278 3391/3336/3279 3394/3339/3282 3393/3337/3281
f 206/3289/206 1348/3287/1320 3386/3331/3274 1416/3340/1388
f 1348/3287/1320 1349/3286/1321 3387/3332/3275 3386/3331/3274
f 1349/3286/1321 1350/3285/1322 3388/3335/3276 3387/3332/3275
f 1350/3285/1322 183/3284/183 1279/3341/1251 3388/3335/3276
f 3388/3335/3276 1279/3341/1251 1280/3342/1252 3391/3336/3279
f 3391/3336/3279 1280/3342/1252 1281/3343/1253 3394/3339/3282
f 3394/3339/3282 1281/3343/1253 184/3344/184 1359/3345/1331
f 3393/3337/3281 3394/3339/3282 1359/3345/1331 1358/3346/1330
f 3392/3338/3280 3393/3337/3281 1358/3346/1330 1357/3347/1329
f 1414/3348/1386 3392/3338/3280 1357/3347/1329 209/3349/209
f 1415/3350/1387 3389/3334/3277 3392/3338/3280 1414/3348/1386
f 1416/3340/1388 3386/3331/3274 3389/3334/3277 1415/3350/1387
f 3395/3351/3283 3396/3352/3284 3399/3353/3287 3398/3354/3286
f 3396/3352/3284 3397/3355/3285 3400/3356/3288 3399/3353/3287
f 3398/3354/3286 3399/3353/3287 3402/3357/3290 3401/3358/3289
f 3399/3353/3287 3400/3356/3288 3403/3359/3291 3402/3357/3290
f 208/3329/208 1354/3327/1326 3395/3351/3283 1413/3360/1385
f 1354/3327/1326 1355/3326/1327 3396/3352/3284 3395/3351/3283
f 1355/3326/1327 1356/3325/1328 3397/3355/3285 3396/3352/3284
f 1356/3325/1328 191/3324/191 1303/3361/1275 3397/3355/3285
f 3397/3355/3285 1303/3361/1275 1304/3362/1276 3400/3356/3288
f 3400/3356/3288 1304/3362/1276 1305/3363/1277 3403/3359/3291
f 3403/3359/3291 1305/3363/1277 192/3364/192 1362/3365/1334
f 3402/3357/3290 3403/3359/3291 1362/3365/1334 1361/3366/1333
f 3401/3358/3289 3402/3357/3290 1361/3366/1333 1360/3367/1332
f 1411/3368/1383 3401/3358/3289 1360/3367/1332 210/3369/210
f 1412/3370/1384 3398/3354/3286 3401/3358/3289 1411/3368/1383
f 1413/3360/1385 3395/3351/3283 3398/3354/3286 1412/3370/1384
f 3404/3371/3292 3405/3372/3293 3408/3373/3296 3407/3374/3295
f 3405/3372/3293 3406/3375/3294 3409/3376/3297 3408/3373/3296
f 3407/3374/3295 3408/3373/3296 3411/3377/3299 3410/3378/3298
f 3408/3373/3296 3409/3376/3297 3412/3379/3300 3411/3377/3299
f 209/3349/209 1357/3347/1329 3404/3371/3292 1410/3380/1382
f 1357/3347/1329 1358/3346/1330 3405/3372/3293 3404/3371/3292
f 1358/3346/1330 1359/3345/1331 3406/3375/3294 3405/3372/3293
f 1359/3345/1331 184/3344/184 1282/3381/1254 3406/3375/3294
f 3406/3375/3294 1282/3381/1254 1283/3382/1255 3409/3376/3297
f 3409/3376/3297 1283/3382/1255 1284/3383/1256 3412/3379/3300
f 3412/3379/3300 1284/3383/1256 185/2301/185 1366/2300/1338
f 3411/3377/3299 3412/3379/3300 1366/2300/1338 1367/2299/1339
f 3410/3378/3298 3411/3377/3299 1367/2299/1339 1368/2297/1340
f 1408/3384/1380 3410/3378/3298 1368/2297/1340 198/2296/198
f 1409/3385/1381 3407/3374/3295 3410/3378/3298 1408/3384/1380
f 1410/3380/1382 3404/3371/3292 3407/3374/3295 1409/3385/1381
f 3413/3386/3301 3414/3387/3302 3417/3388/3305 3416/3389/3304
f 3414/3387/3302 3415/3390/3303 3418/3391/3306 3417/3388/3305
f 3416/3389/3304 3417/3388/3305 3420/3392/3308 3419/3393/3307
f 3417/3388/3305 3418/3391/3306 3421/3394/3309 3420/3392/3308
f 210/3369/210 1360/3367/1332 3413/3386/3301 1407/3395/1379
f 1360/3367/1332 1361/3366/1333 3414/3387/3302 3413/3386/3301
f 1361/3366/1333 1362/3365/1334 3415/3390/3303 3414/3387/3302
f 1362/3365/1334 192/3364/192 1306/3396/1278 3415/3390/3303
f 3415/3390/3303 1306/3396/1278 1307/3397/1279 3418/3391/3306
f 3418/3391/3306 1307/3397/1279 1308/3398/1280 3421/3394/3309
f 3421/3394/3309 1308/3398/1280 193/3155/193 1372/3154/1344
f 3420/3392/3308 3421/3394/3309 1372/3154/1344 1373/3153/1345
f 3419/3393/3307 3420/3392/3308 1373/3153/1345 1374/3151/1346
f 1405/3399/1377 3419/3393/3307 1374/3151/1346 200/3150/200
f 1406/3400/1378 3416/3389/3304 3419/3393/3307 1405/3399/1377
f 1407/3395/1379 3413/3386/3301 3416/3389/3304 1406/3400/1378
f 3422/3401/3310 3423/3402/3311 3426/3403/3314 3425/3404/3313
f 3423/3402/3311 3424/3405/3312 3427/3406/3315 3426/3403/3314
f 3425/3404/3313 3426/3403/3314 3429/3407/3317 3428/3408/3316
f 3426/3403/3314 3427/3406/3315 3430/3409/3318 3429/3407/3317
f 224/3410/224 1402/3411/1374 3422/3401/3310 1530/3412/1502
f 1402/3411/1374 1403/3413/1375 3423/3402/3311 3422/3401/3310
f 1403/3413/1375 1404/3414/1376 3424/3405/3312 3423/3402/3311
f 1404/3414/1376 210/3415/210 1407/3416/1379 3424/3405/3312
f 3424/3405/3312 1407/3416/1379 1406/3400/1378 3427/3406/3315
f 3427/3406/3315 1406/3400/1378 1405/3417/1377 3430/3409/3318
f 3430/3409/3318 1405/3417/1377 200/3418/200 1450/3419/1422
f 3429/3407/3317 3430/3409/3318 1450/3419/1422 1451/3420/1423
f 3428/3408/3316 3429/3407/3317 1451/3420/1423 1452/3421/1424
f 1528/3422/1500 3428/3408/3316 1452/3421/1424 212/3423/212
f 1529/3424/1501 3425/3404/3313 3428/3408/3316 1528/3422/1500
f 1530/3412/1502 3422/3401/3310 3425/3404/3313 1529/3424/1501
f 3431/3425/3319 3432/3426/3320 3435/3427/3323 3434/3428/3322
f 3432/3426/3320 3433/3429/3321 3436/3430/3324 3435/3427/3323
f 3434/3428/3322 3435/3427/3323 3438/3431/3326 3437/3432/3325
f 3435/3427/3323 3436/3430/3324 3439/3433/3327 3438/3431/3326
f 223/3434/223 1399/3435/1371 3431/3425/3319 1527/3436/1499
f 1399/3435/1371 1400/3437/1372 3432/3426/3320 3431/3425/3319
f 1400/3437/1372 1401/3438/1373 3433/3429/3321 3432/3426/3320
f 1401/3438/1373 209/3439/209 1410/3440/1382 3433/3429/3321
f 3433/3429/3321 1410/3440/1382 1409/3385/1381 3436/3430/3324
f 3436/3430/3324 1409/3385/1381 1408/3441/1380 3439/3433/3327
f 3439/3433/3327 1408/3441/1380 198/3442/198 1447/3443/1419
f 3438/3431/3326 3439/3433/3327 1447/3443/1419 1448/3444/1420
f 3437/3432/3325 3438/3431/3326 1448/3444/1420 1449/3445/1421
f 1525/3446/1497 3437/3432/3325 1449/3445/1421 211/3447/211
f 1526/3448/1498 3434/3428/3322 3437/3432/3325 1525/3446/1497
f 1527/3436/1499 3431/3425/3319 3434/3428/3322 1526/3448/1498
f 3440/3449/3328 3441/3450/3329 3444/3451/3332 3443/3452/3331
f 3441/3450/3329 3442/3453/3330 3445/3454/3333 3444/3451/3332
f 3443/3452/3331 3444/3451/3332 3447/3455/3335 3446/3456/3334
f 3444/3451/3332 3445/3454/3333 3448/3457/3336 3447/3455/3335
f 222/3458/222 1396/3459/1368 3440/3449/3328 1524/3460/1496
f 1396/3459/1368 1397/3461/1369 3441/3450/3329 3440/3449/3328
f 1397/3461/1369 1398/3462/1370 3442/3453/3330 3441/3450/3329
f 1398/3462/1370 208/3463/208 1413/3464/1385 3442/3453/3330
f 3442/3453/3330 1413/3464/1385 1412/3465/1384 3445/3454/3333
f 3445/3454/3333 1412/3465/1384 1411/3466/1383 3448/3457/3336
f 3448/3457/3336 1411/3466/1383 210/3415/210 1404/3414/1376
f 3447/3455/3335 3448/3457/3336 1404/3414/1376 1403/3413/1375
f 3446/3456/3334 3447/3455/3335 1403/3413/1375 1402/3411/1374
f 1522/3467/1494 3446/3456/3334 1402/3411/1374 224/3410/224
f 1523/3468/1495 3443/3452/3331 3446/3456/3334 1522/3467/1494
f 1524/3460/1496 3440/3449/3328 3443/3452/3331 1523/3468/1495
f 3449/3469/3337 3450/3470/3338 3453/3471/3341 3452/3472/3340
f 3450/3470/3338 3451/3473/3339 3454/3474/3342 3453/3471/3341
f 3452/3472/3340 3453/3471/3341 3456/3475/3344 3455/3476/3343
f 3453/3471/3341 3454/3474/3342 3457/3477/3345 3456/3475/3344
f 220/3478/220 1390/3479/1362 3449/3469/3337 1521/3480/1493
f 1390/3479/1362 1391/3481/1363 3450/3470/3338 3449/3469/3337
f 1391/3481/1363 1392/3482/1364 3451/3473/3339 3450/3470/3338
f 1392/3482/1364 206/3483/206 1416/3484/1388 3451/3473/3339
f 3451/3473/3339 1416/3484/1388 1415/3350/1387 3454/3474/3342
f 3454/3474/3342 1415/3350/1387 1414/3485/1386 3457/3477/3345
f 3457/3477/3345 1414/3485/1386 209/3439/209 1401/3438/1373
f 3456/3475/3344 3457/3477/3345 1401/3438/1373 1400/3437/1372
f 3455/3476/3343 3456/3475/3344 1400/3437/1372 1399/3435/1371
f 1519/3486/1491 3455/3476/3343 1399/3435/1371 223/3434/223
f 1520/3487/1492 3452/3472/3340 3455/3476/3343 1519/3486/1491
f 1521/3480/1493 3449/3469/3337 3452/3472/3340 1520/3487/1492
f 3458/3488/3346 3459/3489/3347 3462/3490/3350 3461/3491/3349
f 3459/3489/3347 3460/3492/3348 3463/3493/3351 3462/3490/3350
f 3461/3491/3349 3462/3490/3350 3465/3494/3353 3464/3495/3352
f 3462/3490/3350 3463/3493/3351 3466/3496/3354 3465/3494/3353
f 221/3497/221 1393/3498/1365 3458/3488/3346 1518/3499/1490
f 1393/3498/1365 1394/3500/1366 3459/3489/3347 3458/3488/3346
f 1394/3500/1366 1395/3501/1367 3460/3492/3348 3459/3489/3347
f 1395/3501/1367 207/3502/207 1419/3503/1391 3460/3492/3348
f 3460/3492/3348 1419/3503/1391 1418/3504/1390 3463/3493/3351
f 3463/3493/3351 1418/3504/1390 1417/3505/1389 3466/3496/3354
f 3466/3496/3354 1417/3505/1389 208/3463/208 1398/3462/1370
f 3465/3494/3353 3466/3496/3354 1398/3462/1370 1397/3461/1369
f 3464/3495/3352 3465/3494/3353 1397/3461/1369 1396/3459/1368
f 1516/3506/1488 3464/3495/3352 1396/3459/1368 222/3458/222
f 1517/3507/1489 3461/3491/3349 3464/3495/3352 1516/3506/1488
f 1518/3499/1490 3458/3488/3346 3461/3491/3349 1517/3507/1489
f 3467/3508/3355 3468/3509/3356 3471/3510/3359 3470/3511/3358
f 3468/3509/3356 3469/3512/3357 3472/3513/3360 3471/3510/3359
f 3470/3511/3358 3471/3510/3359 3474/3514/3362 3473/3515/3361
f 3471/3510/3359 3472/3513/3360 3475/3516/3363 3474/3514/3362
f 219/3517/219 1387/3518/1359 3467/3508/3355 1515/3519/1487
f 1387/3518/1359 1388/3520/1360 3468/3509/3356 3467/3508/3355
f 1388/3520/1360 1389/3521/1361 3469/3512/3357 3468/3509/3356
f 1389/3521/1361 205/3522/205 1422/3523/1394 3469/3512/3357
f 3469/3512/3357 1422/3523/1394 1421/3524/1393 3472/3513/3360
f 3472/3513/3360 1421/3524/1393 1420/3525/1392 3475/3516/3363
f 3475/3516/3363 1420/3525/1392 207/3502/207 1395/3501/1367
f 3474/3514/3362 3475/3516/3363 1395/3501/1367 1394/3500/1366
f 3473/3515/3361 3474/3514/3362 1394/3500/1366 1393/3498/1365
f 1513/3526/1485 3473/3515/3361 1393/3498/1365 221/3497/221
f 1514/3527/1486 3470/3511/3358 3473/3515/3361 1513/3526/1485
f 1515/3519/1487 3467/3508/3355 3470/3511/3358 1514/3527/1486
f 3476/3528/3364 3477/3529/3365 3480/3530/3368 3479/3531/3367
f 3477/3529/3365 3478/3532/3366 3481/3533/3369 3480/3530/3368
f 3479/3531/3367 3480/3530/3368 3483/3534/3371 3482/3535/3370
f 3480/3530/3368 3481/3533/3369 3484/3536/3372 3483/3534/3371
f 218/3537/218 1384/3538/1356 3476/3528/3364 1512/3539/1484
f 1384/3538/1356 1385/3540/1357 3477/3529/3365 3476/3528/3364
f 1385/3540/1357 1386/3541/1358 3478/3532/3366 3477/3529/3365
f 1386/3541/1358 204/3542/204 1425/3543/1397 3478/3532/3366
f 3478/3532/3366 1425/3543/1397 1424/3544/1396 3481/3533/3369
f 3481/3533/3369 1424/3544/1396 1423/3545/1395 3484/3536/3372
f 3484/3536/3372 1423/3545/1395 206/3483/206 1392/3482/1364
f 3483/3534/3371 3484/3536/3372 1392/3482/1364 1391/3481/1363
f 3482/3535/3370 3483/3534/3371 1391/3481/1363 1390/3479/1362
f 1510/3546/1482 3482/3535/3370 1390/3479/1362 220/3478/220
f 1511/3547/1483 3479/3531/3367 3482/3535/3370 1510/3546/1482
f 1512/3539/1484 3476/3528/3364 3479/3531/3367 1511/3547/1483
f 3485/3548/3373 3486/3549/3374 3489/3550/3377 3488/3551/3376
f 3486/3549/3374 3487/3552/3375 3490/3553/3378 3489/3550/3377
f 3488/3551/3376 3489/3550/3377 3492/3554/3380 3491/3555/3379
f 3489/3550/3377 3490/3553/3378 3493/3556/3381 3492/3554/3380
f 217/3557/217 1381/3558/1353 3485/3548/3373 1509/3559/1481
f 1381/3558/1353 1382/3560/1354 3486/3549/3374 3485/3548/3373
f 1382/3560/1354 1383/3561/1355 3487/3552/3375 3486/3549/3374
f 1383/3561/1355 203/3562/203 1428/3563/1400 3487/3552/3375
f 3487/3552/3375 1428/3563/1400 1427/3564/1399 3490/3553/3378
f 3490/3553/3378 1427/3564/1399 1426/3565/1398 3493/3556/3381
f 3493/3556/3381 1426/3565/1398 205/3522/205 1389/3521/1361
f 3492/3554/3380 3493/3556/3381 1389/3521/1361 1388/3520/1360
f 3491/3555/3379 3492/3554/3380 1388/3520/1360 1387/3518/1359
f 1507/3566/1479 3491/3555/3379 1387/3518/1359 219/3517/219
f 1508/3567/1480 3488/3551/3376 3491/3555/3379 1507/3566/1479
f 1509/3559/1481 3485/3548/3373 3488/3551/3376 1508/3567/1480
f 3494/3568/3382 3495/3569/3383 3498/3570/3386 3497/3571/3385
f 3495/3569/3383 3496/3572/3384 3499/3573/3387 3498/3570/3386
f 3497/3571/3385 3498/3570/3386 3501/3574/3389 3500/3575/3388
f 3498/3570/3386 3499/3573/3387 3502/3576/3390 3501/3574/3389
f 216/3577/216 1378/3578/1350 3494/3568/3382 1506/3579/1478
f 1378/3578/1350 1379/3580/1351 3495/3569/3383 3494/3568/3382
f 1379/3580/1351 1380/3581/1352 3496/3572/3384 3495/3569/3383
f 1380/3581/1352 202/3582/202 1431/3583/1403 3496/3572/3384
f 3496/3572/3384 1431/3583/1403 1430/3584/1402 3499/3573/3387
f 3499/3573/3387 1430/3584/1402 1429/3585/1401 3502/3576/3390
f 3502/3576/3390 1429/3585/1401 204/3542/204 1386/3541/1358
f 3501/3574/3389 3502/3576/3390 1386/3541/1358 1385/3540/1357
f 3500/3575/3388 3501/3574/3389 1385/3540/1357 1384/3538/1356
f 1504/3586/1476 3500/3575/3388 1384/3538/1356 218/3537/218
f 1505/3587/1477 3497/3571/3385 3500/3575/3388 1504/3586/1476
f 1506/3579/1478 3494/3568/3382 3497/3571/3385 1505/3587/1477
f 3503/3588/3391 3504/3589/3392 3507/3590/3395 3506/3591/3394
f 3504/3589/3392 3505/3592/3393 3508/3593/3396 3507/3590/3395
f 3506/3591/3394 3507/3590/3395 3510/3594/3398 3509/3595/3397
f 3507/3590/3395 3508/3593/3396 3511/3596/3399 3510/3594/3398
f 215/3597/215 1375/3598/1347 3503/3588/3391 1503/3599/1475
f 1375/3598/1347 1376/3600/1348 3504/3589/3392 3503/3588/3391
f 1376/3600/1348 1377/3601/1349 3505/3592/3393 3504/3589/3392
f 1377/3601/1349 201/3602/201 1434/3603/1406 3505/3592/3393
f 3505/3592/3393 1434/3603/1406 1433/3604/1405 3508/3593/3396
f 3508/3593/3396 1433/3604/1405 1432/3605/1404 3511/3596/3399
f 3511/3596/3399 1432/3605/1404 203/3562/203 1383/3561/1355
f 3510/3594/3398 3511/3596/3399 1383/3561/1355 1382/3560/1354
f 3509/3595/3397 3510/3594/3398 1382/3560/1354 1381/3558/1353
f 1501/3606/1473 3509/3595/3397 1381/3558/1353 217/3557/217
f 1502/3607/1474 3506/3591/3394 3509/3595/3397 1501/3606/1473
f 1503/3599/1475 3503/3588/3391 3506/3591/3394 1502/3607/1474
f 3512/3608/3400 3513/3609/3401 3516/3610/3404 3515/3611/3403
f 3513/3609/3401 3514/3612/3402 3517/3613/3405 3516/3610/3404
f 3515/3611/3403 3516/3610/3404 3519/3614/3407 3518/3615/3406
f 3516/3610/3404 3517/3613/3405 3520/3616/3408 3519/3614/3407
f 214/3617/214 1369/3618/1341 3512/3608/3400 1500/3619/1472
f 1369/3618/1341 1370/3620/1342 3513/3609/3401 3512/3608/3400
f 1370/3620/1342 1371/3621/1343 3514/3612/3402 3513/3609/3401
f 1371/3621/1343 199/3622/199 1437/3623/1409 3514/3612/3402
f 3514/3612/3402 1437/3623/1409 1436/3624/1408 3517/3613/3405
f 3517/3613/3405 1436/3624/1408 1435/3625/1407 3520/3616/3408
f 3520/3616/3408 1435/3625/1407 202/3582/202 1380/3581/1352
f 3519/3614/3407 3520/3616/3408 1380/3581/1352 1379/3580/1351
f 3518/3615/3406 3519/3614/3407 1379/3580/1351 1378/3578/1350
f 1498/3626/1470 3518/3615/3406 1378/3578/1350 216/3577/216
f 1499/3627/1471 3515/3611/3403 3518/3615/3406 1498/3626/1470
f 1500/3619/1472 3512/3608/3400 3515/3611/3403 1499/3627/1471
f 3521/3628/3409 3522/3629/3410 3525/3630/3413 3524/3631/3412
f 3522/3629/3410 3523/3632/3411 3526/3633/3414 3525/3630/3413
f 3524/3631/3412 3525/3630/3413 3528/3634/3416 3527/3635/3415
f 3525/3630/3413 3526/3633/3414 3529/3636/3417 3528/3634/3416
f 213/3637/213 1363/3638/1335 3521/3628/3409 1497/3639/1469
f 1363/3638/1335 1364/3640/1336 3522/3629/3410 3521/3628/3409
f 1364/3640/1336 1365/3641/1337 3523/3632/3411 3522/3629/3410
f 1365/3641/1337 197/3175/197 1440/3177/1412 3523/3632/3411
f 3523/3632/3411 1440/3177/1412 1439/3190/1411 3526/3633/3414
f 3526/3633/3414 1439/3190/1411 1438/3188/1410 3529/3636/3417
f 3529/3636/3417 1438/3188/1410 201/3189/201 1377/3642/1349
f 3528/3634/3416 3529/3636/3417 1377/3642/1349 1376/3600/1348
f 3527/3635/3415 3528/3634/3416 1376/3600/1348 1375/3643/1347
f 1495/3644/1467 3527/3635/3415 1375/3643/1347 215/3645/215
f 1496/3646/1468 3524/3631/3412 3527/3635/3415 1495/3644/1467
f 1497/3639/1469 3521/3628/3409 3524/3631/3412 1496/3646/1468
f 3530/3647/3418 3531/3648/3419 3534/3649/3422 3533/3650/3421
f 3531/3648/3419 3532/3651/3420 3535/3652/3423 3534/3649/3422
f 3533/3650/3421 3534/3649/3422 3537/3653/3425 3536/3654/3424
f 3534/3649/3422 3535/3652/3423 3538/3655/3426 3537/3653/3425
f 212/3423/212 1452/3421/1424 3530/3647/3418 1494/3656/1466
f 1452/3421/1424 1451/3420/1423 3531/3648/3419 3530/3647/3418
f 1451/3420/1423 1450/3419/1422 3532/3651/3420 3531/3648/3419
f 1450/3419/1422 200/3418/200 1443/3657/1415 3532/3651/3420
f 3532/3651/3420 1443/3657/1415 1442/3658/1414 3535/3652/3423
f 3535/3652/3423 1442/3658/1414 1441/3659/1413 3538/3655/3426
f 3538/3655/3426 1441/3659/1413 199/3622/199 1371/3621/1343
f 3537/3653/3425 3538/3655/3426 1371/3621/1343 1370/3620/1342
f 3536/3654/3424 3537/3653/3425 1370/3620/1342 1369/3618/1341
f 1492/3660/1464 3536/3654/3424 1369/3618/1341 214/3617/214
f 1493/3661/1465 3533/3650/3421 3536/3654/3424 1492/3660/1464
f 1494/3656/1466 3530/3647/3418 3533/3650/3421 1493/3661/1465
f 3539/3662/3427 3540/3663/3428 3543/3664/3431 3542/3665/3430
f 3540/3663/3428 3541/3666/3429 3544/3667/3432 3543/3664/3431
f 3542/3665/3430 3543/3664/3431 3546/3668/3434 3545/3669/3433
f 3543/3664/3431 3544/3667/3432 3547/3670/3435 3546/3668/3434
f 211/3671/211 1449/3672/1421 3539/3662/3427 1491/3673/1463
f 1449/3672/1421 1448/3674/1420 3540/3663/3428 3539/3662/3427
f 1448/3674/1420 1447/3675/1419 3541/3666/3429 3540/3663/3428
f 1447/3675/1419 198/2296/198 1446/2298/1418 3541/3666/3429
f 3541/3666/3429 1446/2298/1418 1445/2311/1417 3544/3667/3432
f 3544/3667/3432 1445/2311/1417 1444/2309/1416 3547/3670/3435
f 3547/3670/3435 1444/2309/1416 197/2310/197 1365/3676/1337
f 3546/3668/3434 3547/3670/3435 1365/3676/1337 1364/3677/1336
f 3545/3669/3433 3546/3668/3434 1364/3677/1336 1363/3678/1335
f 1489/3679/1461 3545/3669/3433 1363/3678/1335 213/3680/213
f 1490/3681/1462 3542/3665/3430 3545/3669/3433 1489/3679/1461
f 1491/3673/1463 3539/3662/3427 3542/3665/3430 1490/3681/1462
f 3548/3682/3436 3549/3683/3437 3552/3684/3440 3551/3685/3439
f 3549/3683/3437 3550/3686/3438 3553/3687/3441 3552/3684/3440
f 3551/3685/3439 3552/3684/3440 3555/3688/3443 3554/3689/3442
f 3552/3684/3440 3553/3687/3441 3556/3690/3444 3555/3688/3443
f 117/2827/117 1326/3691/1298 3548/3682/3436 1201/2826/1173
f 1326/3691/1298 1325/3692/1297 3549/3683/3437 3548/3682/3436
f 1325/3692/1297 1324/3693/1296 3550/3686/3438 3549/3683/3437
f 1324/3693/1296 211/3671/211 1491/3673/1463 3550/3686/3438
f 3550/3686/3438 1491/3673/1463 1490/3681/1462 3553/3687/3441
f 3553/3687/3441 1490/3681/1462 1489/3679/1461 3556/3690/3444
f 3556/3690/3444 1489/3679/1461 213/3680/213 1455/3694/1427
f 3555/3688/3443 3556/3690/3444 1455/3694/1427 1454/3695/1426
f 3554/3689/3442 3555/3688/3443 1454/3695/1426 1453/3696/1425
f 1203/3697/1175 3554/3689/3442 1453/3696/1425 119/2816/119
f 1202/3698/1174 3551/3685/3439 3554/3689/3442 1203/3697/1175
f 1201/2826/1173 3548/3682/3436 3551/3685/3439 1202/3698/1174
f 3557/3699/3445 3558/3700/3446 3561/3701/3449 3560/3702/3448
f 3558/3700/3446 3559/3703/3447 3562/3704/3450 3561/3701/3449
f 3560/3702/3448 3561/3701/3449 3564/3705/3452 3563/3706/3451
f 3561/3701/3449 3562/3704/3450 3565/3707/3453 3564/3705/3452
f 133/3708/133 1332/3709/1304 3557/3699/3445 1225/3710/1197
f 1332/3709/1304 1331/3711/1303 3558/3700/3446 3557/3699/3445
f 1331/3711/1303 1330/3712/1302 3559/3703/3447 3558/3700/3446
f 1330/3712/1302 212/3423/212 1494/3656/1466 3559/3703/3447
f 3559/3703/3447 1494/3656/1466 1493/3661/1465 3562/3704/3450
f 3562/3704/3450 1493/3661/1465 1492/3660/1464 3565/3707/3453
f 3565/3707/3453 1492/3660/1464 214/3617/214 1458/3713/1430
f 3564/3705/3452 3565/3707/3453 1458/3713/1430 1457/3714/1429
f 3563/3706/3451 3564/3705/3452 1457/3714/1429 1456/3715/1428
f 1227/3716/1199 3563/3706/3451 1456/3715/1428 135/3717/135
f 1226/3718/1198 3560/3702/3448 3563/3706/3451 1227/3716/1199
f 1225/3710/1197 3557/3699/3445 3560/3702/3448 1226/3718/1198
f 3566/3719/3454 3567/3720/3455 3570/3721/3458 3569/3722/3457
f 3567/3720/3455 3568/3723/3456 3571/3724/3459 3570/3721/3458
f 3569/3722/3457 3570/3721/3458 3573/3725/3461 3572/3726/3460
f 3570/3721/3458 3571/3724/3459 3574/3727/3462 3573/3725/3461
f 119/2850/119 1453/3728/1425 3566/3719/3454 1204/3729/1176
f 1453/3728/1425 1454/3730/1426 3567/3720/3455 3566/3719/3454
f 1454/3730/1426 1455/3731/1427 3568/3723/3456 3567/3720/3455
f 1455/3731/1427 213/3637/213 1497/3639/1469 3568/3723/3456
f 3568/3723/3456 1497/3639/1469 1496/3646/1468 3571/3724/3459
f 3571/3724/3459 1496/3646/1468 1495/3644/1467 3574/3727/3462
f 3574/3727/3462 1495/3644/1467 215/3645/215 1461/3732/1433
f 3573/3725/3461 3574/3727/3462 1461/3732/1433 1460/3733/1432
f 3572/3726/3460 3573/3725/3461 1460/3733/1432 1459/3734/1431
f 1206/3735/1178 3572/3726/3460 1459/3734/1431 121/3736/121
f 1205/3737/1177 3569/3722/3457 3572/3726/3460 1206/3735/1178
f 1204/3729/1176 3566/3719/3454 3569/3722/3457 1205/3737/1177
f 3575/3738/3463 3576/3739/3464 3579/3740/3467 3578/3741/3466
f 3576/3739/3464 3577/3742/3465 3580/3743/3468 3579/3740/3467
f 3578/3741/3466 3579/3740/3467 3582/3744/3470 3581/3745/3469
f 3579/3740/3467 3580/3743/3468 3583/3746/3471 3582/3744/3470
f 135/3717/135 1456/3715/1428 3575/3738/3463 1228/3747/1200
f 1456/3715/1428 1457/3714/1429 3576/3739/3464 3575/3738/3463
f 1457/3714/1429 1458/3713/1430 3577/3742/3465 3576/3739/3464
f 1458/3713/1430 214/3617/214 1500/3619/1472 3577/3742/3465
f 3577/3742/3465 1500/3619/1472 1499/3627/1471 3580/3743/3468
f 3580/3743/3468 1499/3627/1471 1498/3626/1470 3583/3746/3471
f 3583/3746/3471 1498/3626/1470 216/3577/216 1464/3748/1436
f 3582/3744/3470 3583/3746/3471 1464/3748/1436 1463/3749/1435
f 3581/3745/3469 3582/3744/3470 1463/3749/1435 1462/3750/1434
f 1230/3751/1202 3581/3745/3469 1462/3750/1434 137/3752/137
f 1229/3753/1201 3578/3741/3466 3581/3745/3469 1230/3751/1202
f 1228/3747/1200 3575/3738/3463 3578/3741/3466 1229/3753/1201
f 3584/3754/3472 3585/3755/3473 3588/3756/3476 3587/3757/3475
f 3585/3755/3473 3586/3758/3474 3589/3759/3477 3588/3756/3476
f 3587/3757/3475 3588/3756/3476 3591/3760/3479 3590/3761/3478
f 3588/3756/3476 3589/3759/3477 3592/3762/3480 3591/3760/3479
f 121/3763/121 1459/3764/1431 3584/3754/3472 1207/3765/1179
f 1459/3764/1431 1460/3766/1432 3585/3755/3473 3584/3754/3472
f 1460/3766/1432 1461/3767/1433 3586/3758/3474 3585/3755/3473
f 1461/3767/1433 215/3597/215 1503/3599/1475 3586/3758/3474
f 3586/3758/3474 1503/3599/1475 1502/3607/1474 3589/3759/3477
f 3589/3759/3477 1502/3607/1474 1501/3606/1473 3592/3762/3480
f 3592/3762/3480 1501/3606/1473 217/3557/217 1467/3768/1439
f 3591/3760/3479 3592/3762/3480 1467/3768/1439 1466/3769/1438
f 3590/3761/3478 3591/3760/3479 1466/3769/1438 1465/3770/1437
f 1209/3771/1181 3590/3761/3478 1465/3770/1437 123/3772/123
f 1208/3773/1180 3587/3757/3475 3590/3761/3478 1209/3771/1181
f 1207/3765/1179 3584/3754/3472 3587/3757/3475 1208/3773/1180
f 3593/3774/3481 3594/3775/3482 3597/3776/3485 3596/3777/3484
f 3594/3775/3482 3595/3778/3483 3598/3779/3486 3597/3776/3485
f 3596/3777/3484 3597/3776/3485 3600/3780/3488 3599/3781/3487
f 3597/3776/3485 3598/3779/3486 3601/3782/3489 3600/3780/3488
f 137/3752/137 1462/3750/1434 3593/3774/3481 1231/3783/1203
f 1462/3750/1434 1463/3749/1435 3594/3775/3482 3593/3774/3481
f 1463/3749/1435 1464/3748/1436 3595/3778/3483 3594/3775/3482
f 1464/3748/1436 216/3577/216 1506/3579/1478 3595/3778/3483
f 3595/3778/3483 1506/3579/1478 1505/3587/1477 3598/3779/3486
f 3598/3779/3486 1505/3587/1477 1504/3586/1476 3601/3782/3489
f 3601/3782/3489 1504/3586/1476 218/3537/218 1470/3784/1442
f 3600/3780/3488 3601/3782/3489 1470/3784/1442 1469/3785/1441
f 3599/3781/3487 3600/3780/3488 1469/3785/1441 1468/3786/1440
f 1233/3020/1205 3599/3781/3487 1468/3786/1440 139/3787/139
f 1232/3788/1204 3596/3777/3484 3599/3781/3487 1233/3020/1205
f 1231/3783/1203 3593/3774/3481 3596/3777/3484 1232/3788/1204
f 3602/3789/3490 3603/3790/3491 3606/3791/3494 3605/3792/3493
f 3603/3790/3491 3604/3793/3492 3607/3794/3495 3606/3791/3494
f 3605/3792/3493 3606/3791/3494 3609/3795/3497 3608/3796/3496
f 3606/3791/3494 3607/3794/3495 3610/3797/3498 3609/3795/3497
f 123/3772/123 1465/3770/1437 3602/3789/3490 1210/3798/1182
f 1465/3770/1437 1466/3769/1438 3603/3790/3491 3602/3789/3490
f 1466/3769/1438 1467/3768/1439 3604/3793/3492 3603/3790/3491
f 1467/3768/1439 217/3557/217 1509/3559/1481 3604/3793/3492
f 3604/3793/3492 1509/3559/1481 1508/3567/1480 3607/3794/3495
f 3607/3794/3495 1508/3567/1480 1507/3566/1479 3610/3797/3498
f 3610/3797/3498 1507/3566/1479 219/3517/219 1473/3799/1445
f 3609/3795/3497 3610/3797/3498 1473/3799/1445 1472/3800/1444
f 3608/3796/3496 3609/3795/3497 1472/3800/1444 1471/3801/1443
f 1212/3802/1184 3608/3796/3496 1471/3801/1443 125/3803/125
f 1211/3804/1183 3605/3792/3493 3608/3796/3496 1212/3802/1184
f 1210/3798/1182 3602/3789/3490 3605/3792/3493 1211/3804/1183
f 3611/3805/3499 3612/3806/3500 3615/3807/3503 3614/3808/3502
f 3612/3806/3500 3613/3809/3501 3616/3810/3504 3615/3807/3503
f 3614/3808/3502 3615/3807/3503 3618/3811/3506 3617/3812/3505
f 3615/3807/3503 3616/3810/3504 3619/3813/3507 3618/3811/3506
f 139/3787/139 1468/3786/1440 3611/3805/3499 1234/3814/1206
f 1468/3786/1440 1469/3785/1441 3612/3806/3500 3611/3805/3499
f 1469/3785/1441 1470/3784/1442 3613/3809/3501 3612/3806/3500
f 1470/3784/1442 218/3537/218 1512/3539/1484 3613/3809/3501
f 3613/3809/3501 1512/3539/1484 1511/3547/1483 3616/3810/3504
f 3616/3810/3504 1511/3547/1483 1510/3546/1482 3619/3813/3507
f 3619/3813/3507 1510/3546/1482 220/3478/220 1476/3815/1448
f 3618/3811/3506 3619/3813/3507 1476/3815/1448 1475/3816/1447
f 3617/3812/3505 3618/3811/3506 1475/3816/1447 1474/3817/1446
f 1236/3037/1208 3617/3812/3505 1474/3817/1446 113/3818/113
f 1235/3819/1207 3614/3808/3502 3617/3812/3505 1236/3037/1208
f 1234/3814/1206 3611/3805/3499 3614/3808/3502 1235/3819/1207
f 3620/3820/3508 3621/3821/3509 3624/3822/3512 3623/3823/3511
f 3621/3821/3509 3622/3824/3510 3625/3825/3513 3624/3822/3512
f 3623/3823/3511 3624/3822/3512 3627/3826/3515 3626/3827/3514
f 3624/3822/3512 3625/3825/3513 3628/3828/3516 3627/3826/3515
f 125/3803/125 1471/3801/1443 3620/3820/3508 1213/3829/1185
f 1471/3801/1443 1472/3800/1444 3621/3821/3509 3620/3820/3508
f 1472/3800/1444 1473/3799/1445 3622/3824/3510 3621/3821/3509
f 1473/3799/1445 219/3517/219 1515/3519/1487 3622/3824/3510
f 3622/3824/3510 1515/3519/1487 1514/3527/1486 3625/3825/3513
f 3625/3825/3513 1514/3527/1486 1513/3526/1485 3628/3828/3516
f 3628/3828/3516 1513/3526/1485 221/3497/221 1479/3830/1451
f 3627/3826/3515 3628/3828/3516 1479/3830/1451 1478/3831/1450
f 3626/3827/3514 3627/3826/3515 1478/3831/1450 1477/3832/1449
f 1215/2905/1187 3626/3827/3514 1477/3832/1449 127/3833/127
f 1214/3834/1186 3623/3823/3511 3626/3827/3514 1215/2905/1187
f 1213/3829/1185 3620/3820/3508 3623/3823/3511 1214/3834/1186
f 3629/3835/3517 3630/3836/3518 3633/3837/3521 3632/3838/3520
f 3630/3836/3518 3631/3839/3519 3634/3840/3522 3633/3837/3521
f 3632/3838/3520 3633/3837/3521 3636/3841/3524 3635/3842/3523
f 3633/3837/3521 3634/3840/3522 3637/3843/3525 3636/3841/3524
f 127/3833/127 1477/3832/1449 3629/3835/3517 1216/3844/1188
f 1477/3832/1449 1478/3831/1450 3630/3836/3518 3629/3835/3517
f 1478/3831/1450 1479/3830/1451 3631/3839/3519 3630/3836/3518
f 1479/3830/1451 221/3497/221 1518/3499/1490 3631/3839/3519
f 3631/3839/3519 1518/3499/1490 1517/3507/1489 3634/3840/3522
f 3634/3840/3522 1517/3507/1489 1516/3506/1488 3637/3843/3525
f 3637/3843/3525 1516/3506/1488 222/3458/222 1482/3845/1454
f 3636/3841/3524 3637/3843/3525 1482/3845/1454 1481/3846/1453
f 3635/3842/3523 3636/3841/3524 1481/3846/1453 1480/3847/1452
f 1218/3848/1190 3635/3842/3523 1480/3847/1452 129/3849/129
f 1217/3850/1189 3632/3838/3520 3635/3842/3523 1218/3848/1190
f 1216/3844/1188 3629/3835/3517 3632/3838/3520 1217/3850/1189
f 3638/3851/3526 3639/3852/3527 3642/3853/3530 3641/3854/3529
f 3639/3852/3527 3640/3855/3528 3643/3856/3531 3642/3853/3530
f 3641/3854/3529 3642/3853/3530 3645/3857/3533 3644/3858/3532
f 3642/3853/3530 3643/3856/3531 3646/3859/3534 3645/3857/3533
f 113/3818/113 1474/3817/1446 3638/3851/3526 1195/3860/1167
f 1474/3817/1446 1475/3816/1447 3639/3852/3527 3638/3851/3526
f 1475/3816/1447 1476/3815/1448 3640/3855/3528 3639/3852/3527
f 1476/3815/1448 220/3478/220 1521/3480/1493 3640/3855/3528
f 3640/3855/3528 1521/3480/1493 1520/3487/1492 3643/3856/3531
f 3643/3856/3531 1520/3487/1492 1519/3486/1491 3646/3859/3534
f 3646/3859/3534 1519/3486/1491 223/3434/223 1485/3861/1457
f 3645/3857/3533 3646/3859/3534 1485/3861/1457 1484/3862/1456
f 3644/3858/3532 3645/3857/3533 1484/3862/1456 1483/3863/1455
f 1197/3864/1169 3644/3858/3532 1483/3863/1455 115/3865/115
f 1196/3866/1168 3641/3854/3529 3644/3858/3532 1197/3864/1169
f 1195/3860/1167 3638/3851/3526 3641/3854/3529 1196/3866/1168
f 3647/3867/3535 3648/3868/3536 3651/3869/3539 3650/3870/3538
f 3648/3868/3536 3649/3871/3537 3652/3872/3540 3651/3869/3539
f 3650/3870/3538 3651/3869/3539 3654/3873/3542 3653/3874/3541
f 3651/3869/3539 3652/3872/3540 3655/3875/3543 3654/3873/3542
f 129/3849/129 1480/3847/1452 3647/3867/3535 1219/3876/1191
f 1480/3847/1452 1481/3846/1453 3648/3868/3536 3647/3867/3535
f 1481/3846/1453 1482/3845/1454 3649/3871/3537 3648/3868/3536
f 1482/3845/1454 222/3458/222 1524/3460/1496 3649/3871/3537
f 3649/3871/3537 1524/3460/1496 1523/3468/1495 3652/3872/3540
f 3652/3872/3540 1523/3468/1495 1522/3467/1494 3655/3875/3543
f 3655/3875/3543 1522/3467/1494 224/3410/224 1488/3877/1460
f 3654/3873/3542 3655/3875/3543 1488/3877/1460 1487/3878/1459
f 3653/3874/3541 3654/3873/3542 1487/3878/1459 1486/3879/1458
f 1221/3880/1193 3653/3874/3541 1486/3879/1458 131/3881/131
f 1220/3882/1192 3650/3870/3538 3653/3874/3541 1221/3880/1193
f 1219/3876/1191 3647/3867/3535 3650/3870/3538 1220/3882/1192
f 3656/3883/3544 3657/3884/3545 3660/3885/3548 3659/3886/3547
f 3657/3884/3545 3658/3887/3546 3661/3888/3549 3660/3885/3548
f 3659/3886/3547 3660/3885/3548 3663/3889/3551 3662/3890/3550
f 3660/3885/3548 3661/3888/3549 3664/3891/3552 3663/3889/3551
f 115/3865/115 1483/3863/1455 3656/3883/3544 1198/3892/1170
f 1483/3863/1455 1484/3862/1456 3657/3884/3545 3656/3883/3544
f 1484/3862/1456 1485/3861/1457 3658/3887/3546 3657/3884/3545
f 1485/3861/1457 223/3434/223 1527/3436/1499 3658/3887/3546
f 3658/3887/3546 1527/3436/1499 1526/3448/1498 3661/3888/3549
f 3661/3888/3549 1526/3448/1498 1525/3446/1497 3664/3891/3552
f 3664/3891/3552 1525/3446/1497 211/3447/211 1324/3893/1296
f 3663/3889/3551 3664/3891/3552 1324/3893/1296 1325/3894/1297
f 3662/3890/3550 3663/3889/3551 1325/3894/1297 1326/3895/1298
f 1200/3896/1172 3662/3890/3550 1326/3895/1298 117/3897/117
f 1199/3898/1171 3659/3886/3547 3662/3890/3550 1200/3896/1172
f 1198/3892/1170 3656/3883/3544 3659/3886/3547 1199/3898/1171
f 3665/3899/3553 3666/3900/3554 3669/3901/3557 3668/3902/3556
f 3666/3900/3554 3667/3903/3555 3670/3904/3558 3669/3901/3557
f 3668/3902/3556 3669/3901/3557 3672/3905/3560 3671/3906/3559
f 3669/3901/3557 3670/3904/3558 3673/3907/3561 3672/3905/3560
f 131/3881/131 1486/3879/1458 3665/3899/3553 1222/3908/1194
f 1486/3879/1458 1487/3878/1459 3666/3900/3554 3665/3899/3553
f 1487/3878/1459 1488/3877/1460 3667/3903/3555 3666/3900/3554
f 1488/3877/1460 224/3410/224 1530/3412/1502 3667/3903/3555
f 3667/3903/3555 1530/3412/1502 1529/3424/1501 3670/3904/3558
f 3670/3904/3558 1529/3424/1501 1528/3422/1500 3673/3907/3561
f 3673/3907/3561 1528/3422/1500 212/3423/212 1330/3712/1302
f 3672/3905/3560 3673/3907/3561 1330/3712/1302 1331/3711/1303
f 3671/3906/3559 3672/3905/3560 1331/3711/1303 1332/3709/1304
f 1224/3909/1196 3671/3906/3559 1332/3709/1304 133/3708/133
f 1223/3910/1195 3668/3902/3556 3671/3906/3559 1224/3909/1196
f 1222/3908/1194 3665/3899/3553 3668/3902/3556 1223/3910/1195
f 3674/3911/3562 3675/3912/3563 3678/3913/3566 3677/3914/3565
f 3675/3912/3563 3676/3915/3564 3679/3916/3567 3678/3913/3566
f 3677/3914/3565 3678/3913/3566 3681/3917/3569 3680/3918/3568
f 3678/3913/3566 3679/3916/3567 3682/3919/3570 3681/3917/3569
f 4/3920/4 274/3921/274 3674/3911/3562 1534/3922/1506
f 274/3921/274 275/3923/275 3675/3912/3563 3674/3911/3562
f 275/3923/275 276/3924/276 3676/3915/3564 3675/3912/3563
f 276/3924/276 2/15/2 1531/3925/1503 3676/3915/3564
f 3676/3915/3564 1531/3925/1503 1532/3926/1504 3679/3916/3567
f 3679/3916/3567 1532/3926/1504 1533/3927/1505 3682/3919/3570
f 3682/3919/3570 1533/3927/1505 114/1995/114 906/3928/878
f 3681/3917/3569 3682/3919/3570 906/3928/878 905/1992/877
f 3680/3918/3568 3681/3917/3569 905/1992/877 904/3929/876
f 1536/3930/1508 3680/3918/3568 904/3929/876 116/3931/116
f 1535/3932/1507 3677/3914/3565 3680/3918/3568 1536/3930/1508
f 1534/3922/1506 3674/3911/3562 3677/3914/3565 1535/3932/1507
f 3683/3933/3571 3684/3934/3572 3687/3935/3575 3686/3936/3574
f 3684/3934/3572 3685/3937/3573 3688/3938/3576 3687/3935/3575
f 3686/3936/3574 3687/3935/3575 3690/3939/3578 3689/3940/3577
f 3687/3935/3575 3688/3938/3576 3691/3941/3579 3690/3939/3578
f 6/3942/6 286/3943/286 3683/3933/3571 1537/3944/1509
f 286/3943/286 287/3945/287 3684/3934/3572 3683/3933/3571
f 287/3945/287 288/36/288 3685/3937/3573 3684/3934/3572
f 288/36/288 4/3920/4 1534/3922/1506 3685/3937/3573
f 3685/3937/3573 1534/3922/1506 1535/3932/1507 3688/3938/3576
f 3688/3938/3576 1535/3932/1507 1536/3930/1508 3691/3941/3579
f 3691/3941/3579 1536/3930/1508 116/3931/116 918/3946/890
f 3690/3939/3578 3691/3941/3579 918/3946/890 917/3947/889
f 3689/3940/3577 3690/3939/3578 917/3947/889 916/3948/888
f 1539/3949/1511 3689/3940/3577 916/3948/888 118/3950/118
f 1538/3951/1510 3686/3936/3574 3689/3940/3577 1539/3949/1511
f 1537/3944/1509 3683/3933/3571 3686/3936/3574 1538/3951/1510
f 3692/3952/3580 3693/3953/3581 3696/3954/3584 3695/3955/3583
f 3693/3953/3581 3694/3956/3582 3697/3957/3585 3696/3954/3584
f 3695/3955/3583 3696/3954/3584 3699/3958/3587 3698/3959/3586
f 3696/3954/3584 3697/3957/3585 3700/3960/3588 3699/3958/3587
f 8/64/8 295/3961/295 3692/3952/3580 1540/3962/1512
f 295/3961/295 296/3963/296 3693/3953/3581 3692/3952/3580
f 296/3963/296 297/61/297 3694/3956/3582 3693/3953/3581
f 297/61/297 6/39/6 1537/3964/1509 3694/3956/3582
f 3694/3956/3582 1537/3964/1509 1538/3965/1510 3697/3957/3585
f 3697/3957/3585 1538/3965/1510 1539/3966/1511 3700/3960/3588
f 3700/3960/3588 1539/3966/1511 118/2013/118 927/3967/899
f 3699/3958/3587 3700/3960/3588 927/3967/899 926/3968/898
f 3698/3959/3586 3699/3958/3587 926/3968/898 925/3969/897
f 1542/3970/1514 3698/3959/3586 925/3969/897 120/2035/120
f 1541/3971/1513 3695/3955/3583 3698/3959/3586 1542/3970/1514
f 1540/3962/1512 3692/3952/3580 3695/3955/3583 1541/3971/1513
f 3701/3972/3589 3702/3973/3590 3705/3974/3593 3704/3975/3592
f 3702/3973/3590 3703/3976/3591 3706/3977/3594 3705/3974/3593
f 3704/3975/3592 3705/3974/3593 3708/3978/3596 3707/3979/3595
f 3705/3974/3593 3706/3977/3594 3709/3980/3597 3708/3978/3596
f 10/3981/10 304/3982/304 3701/3972/3589 1543/3983/1515
f 304/3982/304 305/3984/305 3702/3973/3590 3701/3972/3589
f 305/3984/305 306/86/306 3703/3976/3591 3702/3973/3590
f 306/86/306 8/85/8 1540/3985/1512 3703/3976/3591
f 3703/3976/3591 1540/3985/1512 1541/3986/1513 3706/3977/3594
f 3706/3977/3594 1541/3986/1513 1542/3987/1514 3709/3980/3597
f 3709/3980/3597 1542/3987/1514 120/2065/120 936/3988/908
f 3708/3978/3596 3709/3980/3597 936/3988/908 935/3989/907
f 3707/3979/3595 3708/3978/3596 935/3989/907 934/3990/906
f 1545/3991/1517 3707/3979/3595 934/3990/906 122/3992/122
f 1544/3993/1516 3704/3975/3592 3707/3979/3595 1545/3991/1517
f 1543/3983/1515 3701/3972/3589 3704/3975/3592 1544/3993/1516
f 3710/3994/3598 3711/3995/3599 3714/3996/3602 3713/3997/3601
f 3711/3995/3599 3712/3998/3600 3715/3999/3603 3714/3996/3602
f 3713/3997/3601 3714/3996/3602 3717/4000/3605 3716/4001/3604
f 3714/3996/3602 3715/3999/3603 3718/4002/3606 3717/4000/3605
f 12/4003/12 313/4004/313 3710/3994/3598 1546/4005/1518
f 313/4004/313 314/4006/314 3711/3995/3599 3710/3994/3598
f 314/4006/314 315/106/315 3712/3998/3600 3711/3995/3599
f 315/106/315 10/89/10 1543/4007/1515 3712/3998/3600
f 3712/3998/3600 1543/4007/1515 1544/4008/1516 3715/3999/3603
f 3715/3999/3603 1544/4008/1516 1545/4009/1517 3718/4002/3606
f 3718/4002/3606 1545/4009/1517 122/2090/122 945/4010/917
f 3717/4000/3605 3718/4002/3606 945/4010/917 944/4011/916
f 3716/4001/3604 3717/4000/3605 944/4011/916 943/4012/915
f 1548/4013/1520 3716/4001/3604 943/4012/915 124/2085/124
f 1547/4014/1519 3713/3997/3601 3716/4001/3604 1548/4013/1520
f 1546/4005/1518 3710/3994/3598 3713/3997/3601 1547/4014/1519
f 3719/4015/3607 3720/4016/3608 3723/4017/3611 3722/4018/3610
f 3720/4016/3608 3721/4019/3609 3724/4020/3612 3723/4017/3611
f 3722/4018/3610 3723/4017/3611 3726/4021/3614 3725/4022/3613
f 3723/4017/3611 3724/4020/3612 3727/4023/3615 3726/4021/3614
f 14/4024/14 322/4025/322 3719/4015/3607 1549/4026/1521
f 322/4025/322 323/4027/323 3720/4016/3608 3719/4015/3607
f 323/4027/323 324/4028/324 3721/4019/3609 3720/4016/3608
f 324/4028/324 12/4003/12 1546/4005/1518 3721/4019/3609
f 3721/4019/3609 1546/4005/1518 1547/4014/1519 3724/4020/3612
f 3724/4020/3612 1547/4014/1519 1548/4013/1520 3727/4023/3615
f 3727/4023/3615 1548/4013/1520 124/2085/124 954/4029/926
f 3726/4021/3614 3727/4023/3615 954/4029/926 953/4030/925
f 3725/4022/3613 3726/4021/3614 953/4030/925 952/4031/924
f 1551/4032/1523 3725/4022/3613 952/4031/924 126/2108/126
f 1550/4033/1522 3722/4018/3610 3725/4022/3613 1551/4032/1523
f 1549/4026/1521 3719/4015/3607 3722/4018/3610 1550/4033/1522
f 3728/4034/3616 3729/4035/3617 3732/4036/3620 3731/4037/3619
f 3729/4035/3617 3730/4038/3618 3733/4039/3621 3732/4036/3620
f 3731/4037/3619 3732/4036/3620 3735/4040/3623 3734/4041/3622
f 3732/4036/3620 3733/4039/3621 3736/4042/3624 3735/4040/3623
f 16/153/16 331/4043/331 3728/4034/3616 1552/4044/1524
f 331/4043/331 332/4045/332 3729/4035/3617 3728/4034/3616
f 332/4045/332 333/4046/333 3730/4038/3618 3729/4035/3617
f 333/4046/333 14/4024/14 1549/4026/1521 3730/4038/3618
f 3730/4038/3618 1549/4026/1521 1550/4033/1522 3733/4039/3621
f 3733/4039/3621 1550/4033/1522 1551/4032/1523 3736/4042/3624
f 3736/4042/3624 1551/4032/1523 126/2108/126 963/2131/935
f 3735/4040/3623 3736/4042/3624 963/2131/935 962/2130/934
f 3734/4041/3622 3735/4040/3623 962/2130/934 961/4047/933
f 1554/4048/1526 3734/4041/3622 961/4047/933 128/4049/128
f 1553/4050/1525 3731/4037/3619 3734/4041/3622 1554/4048/1526
f 1552/4044/1524 3728/4034/3616 3731/4037/3619 1553/4050/1525
f 3737/4051/3625 3738/4052/3626 3741/4053/3629 3740/4054/3628
f 3738/4052/3626 3739/4055/3627 3742/4056/3630 3741/4053/3629
f 3740/4054/3628 3741/4053/3629 3744/4057/3632 3743/4058/3631
f 3741/4053/3629 3742/4056/3630 3745/4059/3633 3744/4057/3632
f 18/4060/18 340/4061/340 3737/4051/3625 1555/4062/1527
f 340/4061/340 341/4063/341 3738/4052/3626 3737/4051/3625
f 341/4063/341 342/4064/342 3739/4055/3627 3738/4052/3626
f 342/4064/342 16/153/16 1552/4044/1524 3739/4055/3627
f 3739/4055/3627 1552/4044/1524 1553/4050/1525 3742/4056/3630
f 3742/4056/3630 1553/4050/1525 1554/4048/1526 3745/4059/3633
f 3745/4059/3633 1554/4048/1526 128/4049/128 972/4065/944
f 3744/4057/3632 3745/4059/3633 972/4065/944 971/4066/943
f 3743/4058/3631 3744/4057/3632 971/4066/943 970/4067/942
f 1557/4068/1529 3743/4058/3631 970/4067/942 130/4069/130
f 1556/4070/1528 3740/4054/3628 3743/4058/3631 1557/4068/1529
f 1555/4062/1527 3737/4051/3625 3740/4054/3628 1556/4070/1528
f 3746/4071/3634 3747/4072/3635 3750/4073/3638 3749/4074/3637
f 3747/4072/3635 3748/4075/3636 3751/4076/3639 3750/4073/3638
f 3749/4074/3637 3750/4073/3638 3753/4077/3641 3752/4078/3640
f 3750/4073/3638 3751/4076/3639 3754/4079/3642 3753/4077/3641
f 20/4080/20 349/4081/349 3746/4071/3634 1558/4082/1530
f 349/4081/349 350/4083/350 3747/4072/3635 3746/4071/3634
f 350/4083/350 351/4084/351 3748/4075/3636 3747/4072/3635
f 351/4084/351 18/4060/18 1555/4062/1527 3748/4075/3636
f 3748/4075/3636 1555/4062/1527 1556/4070/1528 3751/4076/3639
f 3751/4076/3639 1556/4070/1528 1557/4068/1529 3754/4079/3642
f 3754/4079/3642 1557/4068/1529 130/4069/130 981/2171/953
f 3753/4077/3641 3754/4079/3642 981/2171/953 980/4085/952
f 3752/4078/3640 3753/4077/3641 980/4085/952 979/4086/951
f 1560/4087/1532 3752/4078/3640 979/4086/951 132/4088/132
f 1559/4089/1531 3749/4074/3637 3752/4078/3640 1560/4087/1532
f 1558/4082/1530 3746/4071/3634 3749/4074/3637 1559/4089/1531
f 3755/4090/3643 3756/4091/3644 3759/4092/3647 3758/4093/3646
f 3756/4091/3644 3757/4094/3645 3760/4095/3648 3759/4092/3647
f 3758/4093/3646 3759/4092/3647 3762/4096/3650 3761/4097/3649
f 3759/4092/3647 3760/4095/3648 3763/4098/3651 3762/4096/3650
f 22/213/22 358/4099/358 3755/4090/3643 1561/4100/1533
f 358/4099/358 359/4101/359 3756/4091/3644 3755/4090/3643
f 359/4101/359 360/4102/360 3757/4094/3645 3756/4091/3644
f 360/4102/360 20/4080/20 1558/4082/1530 3757/4094/3645
f 3757/4094/3645 1558/4082/1530 1559/4089/1531 3760/4095/3648
f 3760/4095/3648 1559/4089/1531 1560/4087/1532 3763/4098/3651
f 3763/4098/3651 1560/4087/1532 132/4088/132 990/2191/962
f 3762/4096/3650 3763/4098/3651 990/2191/962 989/4103/961
f 3761/4097/3649 3762/4096/3650 989/4103/961 988/4104/960
f 1563/4105/1535 3761/4097/3649 988/4104/960 134/2188/134
f 1562/4106/1534 3758/4093/3646 3761/4097/3649 1563/4105/1535
f 1561/4100/1533 3755/4090/3643 3758/4093/3646 1562/4106/1534
f 3764/4107/3652 3765/4108/3653 3768/4109/3656 3767/4110/3655
f 3765/4108/3653 3766/4111/3654 3769/4112/3657 3768/4109/3656
f 3767/4110/3655 3768/4109/3656 3771/4113/3659 3770/4114/3658
f 3768/4109/3656 3769/4112/3657 3772/4115/3660 3771/4113/3659
f 24/4116/24 367/4117/367 3764/4107/3652 1564/4118/1536
f 367/4117/367 368/4119/368 3765/4108/3653 3764/4107/3652
f 368/4119/368 369/4120/369 3766/4111/3654 3765/4108/3653
f 369/4120/369 22/213/22 1561/4100/1533 3766/4111/3654
f 3766/4111/3654 1561/4100/1533 1562/4106/1534 3769/4112/3657
f 3769/4112/3657 1562/4106/1534 1563/4105/1535 3772/4115/3660
f 3772/4115/3660 1563/4105/1535 134/2188/134 999/4121/971
f 3771/4113/3659 3772/4115/3660 999/4121/971 998/2210/970
f 3770/4114/3658 3771/4113/3659 998/2210/970 997/4122/969
f 1566/4123/1538 3770/4114/3658 997/4122/969 136/4124/136
f 1565/4125/1537 3767/4110/3655 3770/4114/3658 1566/4123/1538
f 1564/4118/1536 3764/4107/3652 3767/4110/3655 1565/4125/1537
f 3773/4126/3661 3774/4127/3662 3777/4128/3665 3776/4129/3664
f 3774/4127/3662 3775/4130/3663 3778/4131/3666 3777/4128/3665
f 3776/4129/3664 3777/4128/3665 3780/4132/3668 3779/4133/3667
f 3777/4128/3665 3778/4131/3666 3781/4134/3669 3780/4132/3668
f 26/4135/26 376/4136/376 3773/4126/3661 1567/4137/1539
f 376/4136/376 377/4138/377 3774/4127/3662 3773/4126/3661
f 377/4138/377 378/4139/378 3775/4130/3663 3774/4127/3662
f 378/4139/378 24/4116/24 1564/4118/1536 3775/4130/3663
f 3775/4130/3663 1564/4118/1536 1565/4125/1537 3778/4131/3666
f 3778/4131/3666 1565/4125/1537 1566/4123/1538 3781/4134/3669
f 3781/4134/3669 1566/4123/1538 136/4124/136 1008/2231/980
f 3780/4132/3668 3781/4134/3669 1008/2231/980 1007/2230/979
f 3779/4133/3667 3780/4132/3668 1007/2230/979 1006/4140/978
f 1569/4141/1541 3779/4133/3667 1006/4140/978 138/2228/138
f 1568/4142/1540 3776/4129/3664 3779/4133/3667 1569/4141/1541
f 1567/4137/1539 3773/4126/3661 3776/4129/3664 1568/4142/1540
f 3782/4143/3670 3783/4144/3671 3786/4145/3674 3785/4146/3673
f 3783/4144/3671 3784/4147/3672 3787/4148/3675 3786/4145/3674
f 3785/4146/3673 3786/4145/3674 3789/4149/3677 3788/4150/3676
f 3786/4145/3674 3787/4148/3675 3790/4151/3678 3789/4149/3677
f 28/4152/28 385/4153/385 3782/4143/3670 1570/4154/1542
f 385/4153/385 386/4155/386 3783/4144/3671 3782/4143/3670
f 386/4155/386 387/294/387 3784/4147/3672 3783/4144/3671
f 387/294/387 26/4135/26 1567/4137/1539 3784/4147/3672
f 3784/4147/3672 1567/4137/1539 1568/4142/1540 3787/4148/3675
f 3787/4148/3675 1568/4142/1540 1569/4141/1541 3790/4151/3678
f 3790/4151/3678 1569/4141/1541 138/2228/138 1017/2274/989
f 3789/4149/3677 3790/4151/3678 1017/2274/989 1016/2273/988
f 3788/4150/3676 3789/4149/3677 1016/2273/988 1015/4156/987
f 1572/4157/1544 3788/4150/3676 1015/4156/987 140/2271/140
f 1571/4158/1543 3785/4146/3673 3788/4150/3676 1572/4157/1544
f 1570/4154/1542 3782/4143/3670 3785/4146/3673 1571/4158/1543
f 3791/4159/3679 3792/4160/3680 3795/4161/3683 3794/4162/3682
f 3792/4160/3680 3793/4163/3681 3796/4164/3684 3795/4161/3683
f 3794/4162/3682 3795/4161/3683 3798/4165/3686 3797/4166/3685
f 3795/4161/3683 3796/4164/3684 3799/4167/3687 3798/4165/3686
f 2/15/2 394/4168/394 3791/4159/3679 1531/3925/1503
f 394/4168/394 395/4169/395 3792/4160/3680 3791/4159/3679
f 395/4169/395 396/4170/396 3793/4163/3681 3792/4160/3680
f 396/4170/396 28/4152/28 1570/4154/1542 3793/4163/3681
f 3793/4163/3681 1570/4154/1542 1571/4158/1543 3796/4164/3684
f 3796/4164/3684 1571/4158/1543 1572/4157/1544 3799/4167/3687
f 3799/4167/3687 1572/4157/1544 140/2271/140 1026/4171/998
f 3798/4165/3686 3799/4167/3687 1026/4171/998 1025/4172/997
f 3797/4166/3685 3798/4165/3686 1025/4172/997 1024/4173/996
f 1533/3927/1505 3797/4166/3685 1024/4173/996 114/1995/114
f 1532/3926/1504 3794/4162/3682 3797/4166/3685 1533/3927/1505
f 1531/3925/1503 3791/4159/3679 3794/4162/3682 1532/3926/1504
f 3800/4174/3688 3801/4175/3689 3804/4176/3692 3803/4177/3691
f 3801/4175/3689 3802/4178/3690 3805/4179/3693 3804/4176/3692
f 3803/4177/3691 3804/4176/3692 3807/4180/3695 3806/4181/3694
f 3804/4176/3692 3805/4179/3693 3808/4182/3696 3807/4180/3695
f 268/4183/268 1860/4184/1832 3800/4174/3688 1842/4185/1814
f 1860/4184/1832 1859/4186/1831 3801/4175/3689 3800/4174/3688
f 1859/4186/1831 1858/4187/1830 3802/4178/3690 3801/4175/3689
f 1858/4187/1830 267/4188/267 1633/4189/1605 3802/4178/3690
f 3802/4178/3690 1633/4189/1605 1634/4190/1606 3805/4179/3693
f 3805/4179/3693 1634/4190/1606 1635/4191/1607 3808/4182/3696
f 3808/4182/3696 1635/4191/1607 235/4192/235 1629/4193/1601
f 3807/4180/3695 3808/4182/3696 1629/4193/1601 1628/4194/1600
f 3806/4181/3694 3807/4180/3695 1628/4194/1600 1627/4195/1599
f 1840/4196/1812 3806/4181/3694 1627/4195/1599 236/4197/236
f 1841/4198/1813 3803/4177/3691 3806/4181/3694 1840/4196/1812
f 1842/4185/1814 3800/4174/3688 3803/4177/3691 1841/4198/1813
f 3809/4199/3697 3810/4200/3698 3813/4201/3701 3812/4202/3700
f 3810/4200/3698 3811/4203/3699 3814/4204/3702 3813/4201/3701
f 3812/4202/3700 3813/4201/3701 3816/4205/3704 3815/4206/3703
f 3813/4201/3701 3814/4204/3702 3817/4207/3705 3816/4205/3704
f 232/4208/232 1617/4209/1589 3809/4199/3697 1608/4210/1580
f 1617/4209/1589 1616/4211/1588 3810/4200/3698 3809/4199/3697
f 1616/4211/1588 1615/4212/1587 3811/4203/3699 3810/4200/3698
f 1615/4212/1587 231/4213/231 1591/4214/1563 3811/4203/3699
f 3811/4203/3699 1591/4214/1563 1592/4215/1564 3814/4204/3702
f 3814/4204/3702 1592/4215/1564 1593/4216/1565 3817/4207/3705
f 3817/4207/3705 1593/4216/1565 227/4217/227 1581/4218/1553
f 3816/4205/3704 3817/4207/3705 1581/4218/1553 1580/4219/1552
f 3815/4206/3703 3816/4205/3704 1580/4219/1552 1579/4220/1551
f 1606/4221/1578 3815/4206/3703 1579/4220/1551 228/4222/228
f 1607/4223/1579 3812/4202/3700 3815/4206/3703 1606/4221/1578
f 1608/4210/1580 3809/4199/3697 3812/4202/3700 1607/4223/1579
f 3818/4224/3706 3819/4225/3707 3822/4226/3710 3821/4227/3709
f 3819/4225/3707 3820/4228/3708 3823/4229/3711 3822/4226/3710
f 3821/4227/3709 3822/4226/3710 3825/4230/3713 3824/4231/3712
f 3822/4226/3710 3823/4229/3711 3826/4232/3714 3825/4230/3713
f 231/4213/231 1614/4233/1586 3818/4224/3706 1591/4214/1563
f 1614/4233/1586 1613/4234/1585 3819/4225/3707 3818/4224/3706
f 1613/4234/1585 1612/4235/1584 3820/4228/3708 3819/4225/3707
f 1612/4235/1584 230/4236/230 1602/4237/1574 3820/4228/3708
f 3820/4228/3708 1602/4237/1574 1601/4238/1573 3823/4229/3711
f 3823/4229/3711 1601/4238/1573 1600/4239/1572 3826/4232/3714
f 3826/4232/3714 1600/4239/1572 226/4240/226 1576/4241/1548
f 3825/4230/3713 3826/4232/3714 1576/4241/1548 1577/4242/1549
f 3824/4231/3712 3825/4230/3713 1577/4242/1549 1578/4243/1550
f 1593/4216/1565 3824/4231/3712 1578/4243/1550 227/4217/227
f 1592/4215/1564 3821/4227/3709 3824/4231/3712 1593/4216/1565
f 1591/4214/1563 3818/4224/3706 3821/4227/3709 1592/4215/1564
f 3827/4244/3715 3828/4245/3716 3831/4246/3719 3830/4247/3718
f 3828/4245/3716 3829/4248/3717 3832/4249/3720 3831/4246/3719
f 3830/4247/3718 3831/4246/3719 3834/4250/3722 3833/4251/3721
f 3831/4246/3719 3832/4249/3720 3835/4252/3723 3834/4250/3722
f 229/4253/229 1611/4254/1583 3827/4244/3715 1585/4255/1557
f 1611/4254/1583 1610/4256/1582 3828/4245/3716 3827/4244/3715
f 1610/4256/1582 1609/4257/1581 3829/4248/3717 3828/4245/3716
f 1609/4257/1581 232/4258/232 1608/4259/1580 3829/4248/3717
f 3829/4248/3717 1608/4259/1580 1607/4260/1579 3832/4249/3720
f 3832/4249/3720 1607/4260/1579 1606/4261/1578 3835/4252/3723
f 3835/4252/3723 1606/4261/1578 228/4262/228 1584/4263/1556
f 3834/4250/3722 3835/4252/3723 1584/4263/1556 1583/4264/1555
f 3833/4251/3721 3834/4250/3722 1583/4264/1555 1582/4265/1554
f 1587/4266/1559 3833/4251/3721 1582/4265/1554 225/4267/225
f 1586/4268/1558 3830/4247/3718 3833/4251/3721 1587/4266/1559
f 1585/4255/1557 3827/4244/3715 3830/4247/3718 1586/4268/1558
f 3836/4269/3724 3837/4270/3725 3840/4271/3728 3839/4272/3727
f 3837/4270/3725 3838/4273/3726 3841/4274/3729 3840/4271/3728
f 3839/4272/3727 3840/4271/3728 3843/4275/3731 3842/4276/3730
f 3840/4271/3728 3841/4274/3729 3844/4277/3732 3843/4275/3731
f 45/4278/45 532/4279/532 3836/4269/3724 1597/4280/1569
f 532/4279/532 533/4281/533 3837/4270/3725 3836/4269/3724
f 533/4281/533 534/4282/534 3838/4273/3726 3837/4270/3725
f 534/4282/534 46/4283/46 1596/4284/1568 3838/4273/3726
f 3838/4273/3726 1596/4284/1568 1595/4285/1567 3841/4274/3729
f 3841/4274/3729 1595/4285/1567 1594/4286/1566 3844/4277/3732
f 3844/4277/3732 1594/4286/1566 232/4258/232 1609/4257/1581
f 3843/4275/3731 3844/4277/3732 1609/4257/1581 1610/4256/1582
f 3842/4276/3730 3843/4275/3731 1610/4256/1582 1611/4254/1583
f 1599/4287/1571 3842/4276/3730 1611/4254/1583 229/4253/229
f 1598/4288/1570 3839/4272/3727 3842/4276/3730 1599/4287/1571
f 1597/4280/1569 3836/4269/3724 3839/4272/3727 1598/4288/1570
f 3845/4289/3733 3846/4290/3734 3849/4291/3737 3848/4292/3736
f 3846/4290/3734 3847/4293/3735 3850/4294/3738 3849/4291/3737
f 3848/4292/3736 3849/4291/3737 3852/4295/3740 3851/4296/3739
f 3849/4291/3737 3850/4294/3738 3853/4297/3741 3852/4295/3740
f 61/4298/61 303/4299/303 3845/4289/3733 1603/4300/1575
f 303/4299/303 302/4301/302 3846/4290/3734 3845/4289/3733
f 302/4301/302 301/4302/301 3847/4293/3735 3846/4290/3734
f 301/4302/301 60/4303/60 1590/4304/1562 3847/4293/3735
f 3847/4293/3735 1590/4304/1562 1589/4305/1561 3850/4294/3738
f 3850/4294/3738 1589/4305/1561 1588/4306/1560 3853/4297/3741
f 3853/4297/3741 1588/4306/1560 230/619/230 1612/4307/1584
f 3852/4295/3740 3853/4297/3741 1612/4307/1584 1613/4308/1585
f 3851/4296/3739 3852/4295/3740 1613/4308/1585 1614/4233/1586
f 1605/4309/1577 3851/4296/3739 1614/4233/1586 231/4310/231
f 1604/4311/1576 3848/4292/3736 3851/4296/3739 1605/4309/1577
f 1603/4300/1575 3845/4289/3733 3848/4292/3736 1604/4311/1576
f 3854/4312/3742 3855/4313/3743 3858/4314/3746 3857/4315/3745
f 3855/4313/3743 3856/4316/3744 3859/4317/3747 3858/4314/3746
f 3857/4315/3745 3858/4314/3746 3861/4318/3749 3860/4319/3748
f 3858/4314/3746 3859/4317/3747 3862/4320/3750 3861/4318/3749
f 46/4283/46 307/4321/307 3854/4312/3742 1596/4284/1568
f 307/4321/307 308/4322/308 3855/4313/3743 3854/4312/3742
f 308/4322/308 309/4323/309 3856/4316/3744 3855/4313/3743
f 309/4323/309 61/4298/61 1603/4300/1575 3856/4316/3744
f 3856/4316/3744 1603/4300/1575 1604/4311/1576 3859/4317/3747
f 3859/4317/3747 1604/4311/1576 1605/4309/1577 3862/4320/3750
f 3862/4320/3750 1605/4309/1577 231/4310/231 1615/4324/1587
f 3861/4318/3749 3862/4320/3750 1615/4324/1587 1616/4211/1588
f 3860/4319/3748 3861/4318/3749 1616/4211/1588 1617/4325/1589
f 1594/4286/1566 3860/4319/3748 1617/4325/1589 232/4258/232
f 1595/4285/1567 3857/4315/3745 3860/4319/3748 1594/4286/1566
f 1596/4284/1568 3854/4312/3742 3857/4315/3745 1595/4285/1567
f 3863/4326/3751 3864/4327/3752 3867/4328/3755 3866/4329/3754
f 3864/4327/3752 3865/4330/3753 3868/4331/3756 3867/4328/3755
f 3866/4329/3754 3867/4328/3755 3870/4332/3758 3869/4333/3757
f 3867/4328/3755 3868/4331/3756 3871/4334/3759 3870/4332/3758
f 60/4303/60 300/4335/300 3863/4326/3751 1590/4304/1562
f 300/4335/300 299/4336/299 3864/4327/3752 3863/4326/3751
f 299/4336/299 298/4337/298 3865/4330/3753 3864/4327/3752
f 298/4337/298 45/4338/45 1597/4339/1569 3865/4330/3753
f 3865/4330/3753 1597/4339/1569 1598/4340/1570 3868/4331/3756
f 3868/4331/3756 1598/4340/1570 1599/4341/1571 3871/4334/3759
f 3871/4334/3759 1599/4341/1571 229/624/229 1618/623/1590
f 3870/4332/3758 3871/4334/3759 1618/623/1590 1619/622/1591
f 3869/4333/3757 3870/4332/3758 1619/622/1591 1620/620/1592
f 1588/4306/1560 3869/4333/3757 1620/620/1592 230/619/230
f 1589/4305/1561 3866/4329/3754 3869/4333/3757 1588/4306/1560
f 1590/4304/1562 3863/4326/3751 3866/4329/3754 1589/4305/1561
f 3872/4342/3760 3873/4343/3761 3876/4344/3764 3875/4345/3763
f 3873/4343/3761 3874/4346/3762 3877/4347/3765 3876/4344/3764
f 3875/4345/3763 3876/4344/3764 3879/4348/3767 3878/4349/3766
f 3876/4344/3764 3877/4347/3765 3880/4350/3768 3879/4348/3767
f 235/4192/235 1626/4351/1598 3872/4342/3760 1662/4352/1634
f 1626/4351/1598 1625/4353/1597 3873/4343/3761 3872/4342/3760
f 1625/4353/1597 1624/4354/1596 3874/4346/3762 3873/4343/3761
f 1624/4354/1596 234/4355/234 1657/4356/1629 3874/4346/3762
f 3874/4346/3762 1657/4356/1629 1658/4357/1630 3877/4347/3765
f 3877/4347/3765 1658/4357/1630 1659/4358/1631 3880/4350/3768
f 3880/4350/3768 1659/4358/1631 238/4359/238 1648/4360/1620
f 3879/4348/3767 3880/4350/3768 1648/4360/1620 1649/4361/1621
f 3878/4349/3766 3879/4348/3767 1649/4361/1621 1650/4362/1622
f 1660/4363/1632 3878/4349/3766 1650/4362/1622 239/4364/239
f 1661/4365/1633 3875/4345/3763 3878/4349/3766 1660/4363/1632
f 1662/4352/1634 3872/4342/3760 3875/4345/3763 1661/4365/1633
f 3881/4366/3769 3882/4367/3770 3885/4368/3773 3884/4369/3772
f 3882/4367/3770 3883/4370/3771 3886/4371/3774 3885/4368/3773
f 3884/4369/3772 3885/4368/3773 3888/4372/3776 3887/4373/3775
f 3885/4368/3773 3886/4371/3774 3889/4374/3777 3888/4372/3776
f 270/4375/270 1857/4376/1829 3881/4366/3769 1848/4377/1820
f 1857/4376/1829 1856/4378/1828 3882/4367/3770 3881/4366/3769
f 1856/4378/1828 1855/4379/1827 3883/4370/3771 3882/4367/3770
f 1855/4379/1827 269/4380/269 1639/4381/1611 3883/4370/3771
f 3883/4370/3771 1639/4381/1611 1640/4382/1612 3886/4371/3774
f 3886/4371/3774 1640/4382/1612 1641/4383/1613 3889/4374/3777
f 3889/4374/3777 1641/4383/1613 233/4384/233 1621/4385/1593
f 3888/4372/3776 3889/4374/3777 1621/4385/1593 1622/4386/1594
f 3887/4373/3775 3888/4372/3776 1622/4386/1594 1623/4387/1595
f 1846/4388/1818 3887/4373/3775 1623/4387/1595 234/4389/234
f 1847/4390/1819 3884/4369/3772 3887/4373/3775 1846/4388/1818
f 1848/4377/1820 3881/4366/3769 3884/4369/3772 1847/4390/1819
f 3890/4391/3778 3891/4392/3779 3894/4393/3782 3893/4394/3781
f 3891/4392/3779 3892/4395/3780 3895/4396/3783 3894/4393/3782
f 3893/4394/3781 3894/4393/3782 3897/4397/3785 3896/4398/3784
f 3894/4393/3782 3895/4396/3783 3898/4399/3786 3897/4397/3785
f 269/4400/269 1854/4401/1826 3890/4391/3778 1639/4402/1611
f 1854/4401/1826 1853/4403/1825 3891/4392/3779 3890/4391/3778
f 1853/4403/1825 1852/4404/1824 3892/4395/3780 3891/4392/3779
f 1852/4404/1824 268/4405/268 1842/4406/1814 3892/4395/3780
f 3892/4395/3780 1842/4406/1814 1841/4407/1813 3895/4396/3783
f 3895/4396/3783 1841/4407/1813 1840/4408/1812 3898/4399/3786
f 3898/4399/3786 1840/4408/1812 236/4409/236 1632/4410/1604
f 3897/4397/3785 3898/4399/3786 1632/4410/1604 1631/4411/1603
f 3896/4398/3784 3897/4397/3785 1631/4411/1603 1630/4412/1602
f 1641/4413/1613 3896/4398/3784 1630/4412/1602 233/4414/233
f 1640/4415/1612 3893/4394/3781 3896/4398/3784 1641/4413/1613
f 1639/4402/1611 3890/4391/3778 3893/4394/3781 1640/4415/1612
f 3899/4416/3787 3900/4417/3788 3903/4418/3791 3902/4419/3790
f 3900/4417/3788 3901/4420/3789 3904/4421/3792 3903/4418/3791
f 3902/4419/3790 3903/4418/3791 3906/4422/3794 3905/4423/3793
f 3903/4418/3791 3904/4421/3792 3907/4424/3795 3906/4422/3794
f 267/4188/267 1851/4425/1823 3899/4416/3787 1633/4189/1605
f 1851/4425/1823 1850/4426/1822 3900/4417/3788 3899/4416/3787
f 1850/4426/1822 1849/4427/1821 3901/4420/3789 3900/4417/3788
f 1849/4427/1821 270/4428/270 1848/4429/1820 3901/4420/3789
f 3901/4420/3789 1848/4429/1820 1847/4430/1819 3904/4421/3792
f 3904/4421/3792 1847/4430/1819 1846/4431/1818 3907/4424/3795
f 3907/4424/3795 1846/4431/1818 234/4355/234 1624/4354/1596
f 3906/4422/3794 3907/4424/3795 1624/4354/1596 1625/4353/1597
f 3905/4423/3793 3906/4422/3794 1625/4353/1597 1626/4351/1598
f 1635/4191/1607 3905/4423/3793 1626/4351/1598 235/4192/235
f 1634/4190/1606 3902/4419/3790 3905/4423/3793 1635/4191/1607
f 1633/4189/1605 3899/4416/3787 3902/4419/3790 1634/4190/1606
f 3908/4432/3796 3909/4433/3797 3912/4434/3800 3911/4435/3799
f 3909/4433/3797 3910/4436/3798 3913/4437/3801 3912/4434/3800
f 3911/4435/3799 3912/4434/3800 3915/4438/3803 3914/4439/3802
f 3912/4434/3800 3913/4437/3801 3916/4440/3804 3915/4438/3803
f 240/4441/240 1651/4442/1623 3908/4432/3796 1686/4443/1658
f 1651/4442/1623 1652/4444/1624 3909/4433/3797 3908/4432/3796
f 1652/4444/1624 1653/4445/1625 3910/4436/3798 3909/4433/3797
f 1653/4445/1625 239/4364/239 1681/4446/1653 3910/4436/3798
f 3910/4436/3798 1681/4446/1653 1682/4447/1654 3913/4437/3801
f 3913/4437/3801 1682/4447/1654 1683/4448/1655 3916/4440/3804
f 3916/4440/3804 1683/4448/1655 243/4449/243 1677/4450/1649
f 3915/4438/3803 3916/4440/3804 1677/4450/1649 1676/4451/1648
f 3914/4439/3802 3915/4438/3803 1676/4451/1648 1675/4452/1647
f 1684/4453/1656 3914/4439/3802 1675/4452/1647 244/4454/244
f 1685/4455/1657 3911/4435/3799 3914/4439/3802 1684/4453/1656
f 1686/4443/1658 3908/4432/3796 3911/4435/3799 1685/4455/1657
f 3917/4456/3805 3918/4457/3806 3921/4458/3809 3920/4459/3808
f 3918/4457/3806 3919/4460/3807 3922/4461/3810 3921/4458/3809
f 3920/4459/3808 3921/4458/3809 3924/4462/3812 3923/4463/3811
f 3921/4458/3809 3922/4461/3810 3925/4464/3813 3924/4462/3812
f 236/4197/236 1627/4195/1599 3917/4456/3805 1665/4465/1637
f 1627/4195/1599 1628/4194/1600 3918/4457/3806 3917/4456/3805
f 1628/4194/1600 1629/4193/1601 3919/4460/3807 3918/4457/3806
f 1629/4193/1601 235/4192/235 1662/4352/1634 3919/4460/3807
f 3919/4460/3807 1662/4352/1634 1661/4365/1633 3922/4461/3810
f 3922/4461/3810 1661/4365/1633 1660/4363/1632 3925/4464/3813
f 3925/4464/3813 1660/4363/1632 239/4364/239 1653/4445/1625
f 3924/4462/3812 3925/4464/3813 1653/4445/1625 1652/4444/1624
f 3923/4463/3811 3924/4462/3812 1652/4444/1624 1651/4442/1623
f 1663/4466/1635 3923/4463/3811 1651/4442/1623 240/4441/240
f 1664/4467/1636 3920/4459/3808 3923/4463/3811 1663/4466/1635
f 1665/4465/1637 3917/4456/3805 3920/4459/3808 1664/4467/1636
f 3926/4468/3814 3927/4469/3815 3930/4470/3818 3929/4471/3817
f 3927/4469/3815 3928/4472/3816 3931/4473/3819 3930/4470/3818
f 3929/4471/3817 3930/4470/3818 3933/4474/3821 3932/4475/3820
f 3930/4470/3818 3931/4473/3819 3934/4476/3822 3933/4474/3821
f 234/4389/234 1623/4387/1595 3926/4468/3814 1657/4477/1629
f 1623/4387/1595 1622/4386/1594 3927/4469/3815 3926/4468/3814
f 1622/4386/1594 1621/4385/1593 3928/4472/3816 3927/4469/3815
f 1621/4385/1593 233/4384/233 1666/4478/1638 3928/4472/3816
f 3928/4472/3816 1666/4478/1638 1667/4479/1639 3931/4473/3819
f 3931/4473/3819 1667/4479/1639 1668/4480/1640 3934/4476/3822
f 3934/4476/3822 1668/4480/1640 237/4481/237 1645/4482/1617
f 3933/4474/3821 3934/4476/3822 1645/4482/1617 1646/4483/1618
f 3932/4475/3820 3933/4474/3821 1646/4483/1618 1647/4484/1619
f 1659/4485/1631 3932/4475/3820 1647/4484/1619 238/4486/238
f 1658/4487/1630 3929/4471/3817 3932/4475/3820 1659/4485/1631
f 1657/4477/1629 3926/4468/3814 3929/4471/3817 1658/4487/1630
f 3935/4488/3823 3936/4489/3824 3939/4490/3827 3938/4491/3826
f 3936/4489/3824 3937/4492/3825 3940/4493/3828 3939/4490/3827
f 3938/4491/3826 3939/4490/3827 3942/4494/3830 3941/4495/3829
f 3939/4490/3827 3940/4493/3828 3943/4496/3831 3942/4494/3830
f 233/4414/233 1630/4412/1602 3935/4488/3823 1666/4497/1638
f 1630/4412/1602 1631/4411/1603 3936/4489/3824 3935/4488/3823
f 1631/4411/1603 1632/4410/1604 3937/4492/3825 3936/4489/3824
f 1632/4410/1604 236/4409/236 1665/4498/1637 3937/4492/3825
f 3937/4492/3825 1665/4498/1637 1664/4499/1636 3940/4493/3828
f 3940/4493/3828 1664/4499/1636 1663/4466/1635 3943/4496/3831
f 3943/4496/3831 1663/4466/1635 240/4500/240 1656/4501/1628
f 3942/4494/3830 3943/4496/3831 1656/4501/1628 1655/4502/1627
f 3941/4495/3829 3942/4494/3830 1655/4502/1627 1654/4503/1626
f 1668/4504/1640 3941/4495/3829 1654/4503/1626 237/4505/237
f 1667/4506/1639 3938/4491/3826 3941/4495/3829 1668/4504/1640
f 1666/4497/1638 3935/4488/3823 3938/4491/3826 1667/4506/1639
f 3944/4507/3832 3945/4508/3833 3948/4509/3836 3947/4510/3835
f 3945/4508/3833 3946/4511/3834 3949/4512/3837 3948/4509/3836
f 3947/4510/3835 3948/4509/3836 3951/4513/3839 3950/4514/3838
f 3948/4509/3836 3949/4512/3837 3952/4515/3840 3951/4513/3839
f 241/4516/241 1678/4517/1650 3944/4507/3832 1710/4518/1682
f 1678/4517/1650 1679/4519/1651 3945/4508/3833 3944/4507/3832
f 1679/4519/1651 1680/4520/1652 3946/4511/3834 3945/4508/3833
f 1680/4520/1652 244/4521/244 1705/4522/1677 3946/4511/3834
f 3946/4511/3834 1705/4522/1677 1706/4523/1678 3949/4512/3837
f 3949/4512/3837 1706/4523/1678 1707/4524/1679 3952/4515/3840
f 3952/4515/3840 1707/4524/1679 248/4525/248 1704/4526/1676
f 3951/4513/3839 3952/4515/3840 1704/4526/1676 1703/4527/1675
f 3950/4514/3838 3951/4513/3839 1703/4527/1675 1702/4528/1674
f 1708/4529/1680 3950/4514/3838 1702/4528/1674 245/4530/245
f 1709/4531/1681 3947/4510/3835 3950/4514/3838 1708/4529/1680
f 1710/4518/1682 3944/4507/3832 3947/4510/3835 1709/4531/1681
f 3953/4532/3841 3954/4533/3842 3957/4534/3845 3956/4535/3844
f 3954/4533/3842 3955/4536/3843 3958/4537/3846 3957/4534/3845
f 3956/4535/3844 3957/4534/3845 3960/4538/3848 3959/4539/3847
f 3957/4534/3845 3958/4537/3846 3961/4540/3849 3960/4538/3848
f 238/4486/238 1647/4484/1619 3953/4532/3841 1692/4541/1664
f 1647/4484/1619 1646/4483/1618 3954/4533/3842 3953/4532/3841
f 1646/4483/1618 1645/4482/1617 3955/4536/3843 3954/4533/3842
f 1645/4482/1617 237/4481/237 1687/4542/1659 3955/4536/3843
f 3955/4536/3843 1687/4542/1659 1688/4543/1660 3958/4537/3846
f 3958/4537/3846 1688/4543/1660 1689/4544/1661 3961/4540/3849
f 3961/4540/3849 1689/4544/1661 241/4545/241 1669/4546/1641
f 3960/4538/3848 3961/4540/3849 1669/4546/1641 1670/4547/1642
f 3959/4539/3847 3960/4538/3848 1670/4547/1642 1671/4548/1643
f 1690/4549/1662 3959/4539/3847 1671/4548/1643 242/4550/242
f 1691/4551/1663 3956/4535/3844 3959/4539/3847 1690/4549/1662
f 1692/4541/1664 3953/4532/3841 3956/4535/3844 1691/4551/1663
f 3962/4552/3850 3963/4553/3851 3966/4554/3854 3965/4555/3853
f 3963/4553/3851 3964/4556/3852 3967/4557/3855 3966/4554/3854
f 3965/4555/3853 3966/4554/3854 3969/4558/3857 3968/4559/3856
f 3966/4554/3854 3967/4557/3855 3970/4560/3858 3969/4558/3857
f 237/4505/237 1654/4503/1626 3962/4552/3850 1687/4561/1659
f 1654/4503/1626 1655/4502/1627 3963/4553/3851 3962/4552/3850
f 1655/4502/1627 1656/4501/1628 3964/4556/3852 3963/4553/3851
f 1656/4501/1628 240/4500/240 1686/4562/1658 3964/4556/3852
f 3964/4556/3852 1686/4562/1658 1685/4563/1657 3967/4557/3855
f 3967/4557/3855 1685/4563/1657 1684/4453/1656 3970/4560/3858
f 3970/4560/3858 1684/4453/1656 244/4521/244 1680/4520/1652
f 3969/4558/3857 3970/4560/3858 1680/4520/1652 1679/4519/1651
f 3968/4559/3856 3969/4558/3857 1679/4519/1651 1678/4517/1650
f 1689/4564/1661 3968/4559/3856 1678/4517/1650 241/4516/241
f 1688/4565/1660 3965/4555/3853 3968/4559/3856 1689/4564/1661
f 1687/4561/1659 3962/4552/3850 3965/4555/3853 1688/4565/1660
f 3971/4566/3859 3972/4567/3860 3975/4568/3863 3974/4569/3862
f 3972/4567/3860 3973/4570/3861 3976/4571/3864 3975/4568/3863
f 3974/4569/3862 3975/4568/3863 3978/4572/3866 3977/4573/3865
f 3975/4568/3863 3976/4571/3864 3979/4574/3867 3978/4572/3866
f 239/4364/239 1650/4362/1622 3971/4566/3859 1681/4446/1653
f 1650/4362/1622 1649/4361/1621 3972/4567/3860 3971/4566/3859
f 1649/4361/1621 1648/4360/1620 3973/4570/3861 3972/4567/3860
f 1648/4360/1620 238/4359/238 1692/4575/1664 3973/4570/3861
f 3973/4570/3861 1692/4575/1664 1691/4576/1663 3976/4571/3864
f 3976/4571/3864 1691/4576/1663 1690/4577/1662 3979/4574/3867
f 3979/4574/3867 1690/4577/1662 242/4578/242 1672/4579/1644
f 3978/4572/3866 3979/4574/3867 1672/4579/1644 1673/4580/1645
f 3977/4573/3865 3978/4572/3866 1673/4580/1645 1674/4581/1646
f 1683/4448/1655 3977/4573/3865 1674/4581/1646 243/4449/243
f 1682/4447/1654 3974/4569/3862 3977/4573/3865 1683/4448/1655
f 1681/4446/1653 3971/4566/3859 3974/4569/3862 1682/4447/1654
f 3980/4582/3868 3981/4583/3869 3984/4584/3872 3983/4585/3871
f 3981/4583/3869 3982/4586/3870 3985/4587/3873 3984/4584/3872
f 3983/4585/3871 3984/4584/3872 3987/4588/3875 3986/4589/3874
f 3984/4584/3872 3985/4587/3873 3988/4590/3876 3987/4588/3875
f 248/4591/248 1699/4592/1671 3980/4582/3868 1734/4593/1706
f 1699/4592/1671 1700/4594/1672 3981/4583/3869 3980/4582/3868
f 1700/4594/1672 1701/4595/1673 3982/4586/3870 3981/4583/3869
f 1701/4595/1673 247/4596/247 1729/4597/1701 3982/4586/3870
f 3982/4586/3870 1729/4597/1701 1730/4598/1702 3985/4587/3873
f 3985/4587/3873 1730/4598/1702 1731/4599/1703 3988/4590/3876
f 3988/4590/3876 1731/4599/1703 251/4600/251 1725/4601/1697
f 3987/4588/3875 3988/4590/3876 1725/4601/1697 1724/4602/1696
f 3986/4589/3874 3987/4588/3875 1724/4602/1696 1723/4603/1695
f 1732/4604/1704 3986/4589/3874 1723/4603/1695 252/4605/252
f 1733/4606/1705 3983/4585/3871 3986/4589/3874 1732/4604/1704
f 1734/4593/1706 3980/4582/3868 3983/4585/3871 1733/4606/1705
f 3989/4607/3877 3990/4608/3878 3993/4609/3881 3992/4610/3880
f 3990/4608/3878 3991/4611/3879 3994/4612/3882 3993/4609/3881
f 3992/4610/3880 3993/4609/3881 3996/4613/3884 3995/4614/3883
f 3993/4609/3881 3994/4612/3882 3997/4615/3885 3996/4613/3884
f 243/4449/243 1674/4581/1646 3989/4607/3877 1716/4616/1688
f 1674/4581/1646 1673/4580/1645 3990/4608/3878 3989/4607/3877
f 1673/4580/1645 1672/4579/1644 3991/4611/3879 3990/4608/3878
f 1672/4579/1644 242/4578/242 1711/4617/1683 3991/4611/3879
f 3991/4611/3879 1711/4617/1683 1712/4618/1684 3994/4612/3882
f 3994/4612/3882 1712/4618/1684 1713/4619/1685 3997/4615/3885
f 3997/4615/3885 1713/4619/1685 246/4620/246 1696/4621/1668
f 3996/4613/3884 3997/4615/3885 1696/4621/1668 1697/4622/1669
f 3995/4614/3883 3996/4613/3884 1697/4622/1669 1698/4623/1670
f 1714/4624/1686 3995/4614/3883 1698/4623/1670 247/4596/247
f 1715/4625/1687 3992/4610/3880 3995/4614/3883 1714/4624/1686
f 1716/4616/1688 3989/4607/3877 3992/4610/3880 1715/4625/1687
f 3998/4626/3886 3999/4627/3887 4002/4628/3890 4001/4629/3889
f 3999/4627/3887 4000/4630/3888 4003/4631/3891 4002/4628/3890
f 4001/4629/3889 4002/4628/3890 4005/4632/3893 4004/4633/3892
f 4002/4628/3890 4003/4631/3891 4006/4634/3894 4005/4632/3893
f 244/4454/244 1675/4452/1647 3998/4626/3886 1705/4635/1677
f 1675/4452/1647 1676/4451/1648 3999/4627/3887 3998/4626/3886
f 1676/4451/1648 1677/4450/1649 4000/4630/3888 3999/4627/3887
f 1677/4450/1649 243/4449/243 1716/4616/1688 4000/4630/3888
f 4000/4630/3888 1716/4616/1688 1715/4625/1687 4003/4631/3891
f 4003/4631/3891 1715/4625/1687 1714/4624/1686 4006/4634/3894
f 4006/4634/3894 1714/4624/1686 247/4596/247 1701/4595/1673
f 4005/4632/3893 4006/4634/3894 1701/4595/1673 1700/4594/1672
f 4004/4633/3892 4005/4632/3893 1700/4594/1672 1699/4592/1671
f 1707/4636/1679 4004/4633/3892 1699/4592/1671 248/4591/248
f 1706/4637/1678 4001/4629/3889 4004/4633/3892 1707/4636/1679
f 1705/4635/1677 3998/4626/3886 4001/4629/3889 1706/4637/1678
f 4007/4638/3895 4008/4639/3896 4011/4640/3899 4010/4641/3898
f 4008/4639/3896 4009/4642/3897 4012/4643/3900 4011/4640/3899
f 4010/4641/3898 4011/4640/3899 4014/4644/3902 4013/4645/3901
f 4011/4640/3899 4012/4643/3900 4015/4646/3903 4014/4644/3902
f 242/4550/242 1671/4548/1643 4007/4638/3895 1711/4647/1683
f 1671/4548/1643 1670/4547/1642 4008/4639/3896 4007/4638/3895
f 1670/4547/1642 1669/4546/1641 4009/4642/3897 4008/4639/3896
f 1669/4546/1641 241/4545/241 1710/4648/1682 4009/4642/3897
f 4009/4642/3897 1710/4648/1682 1709/4649/1681 4012/4643/3900
f 4012/4643/3900 1709/4649/1681 1708/4650/1680 4015/4646/3903
f 4015/4646/3903 1708/4650/1680 245/4651/245 1693/4652/1665
f 4014/4644/3902 4015/4646/3903 1693/4652/1665 1694/4653/1666
f 4013/4645/3901 4014/4644/3902 1694/4653/1666 1695/4654/1667
f 1713/4655/1685 4013/4645/3901 1695/4654/1667 246/4656/246
f 1712/4657/1684 4010/4641/3898 4013/4645/3901 1713/4655/1685
f 1711/4647/1683 4007/4638/3895 4010/4641/3898 1712/4657/1684
f 4016/4658/3904 4017/4659/3905 4020/4660/3908 4019/4661/3907
f 4017/4659/3905 4018/4662/3906 4021/4663/3909 4020/4660/3908
f 4019/4661/3907 4020/4660/3908 4023/4664/3911 4022/4665/3910
f 4020/4660/3908 4021/4663/3909 4024/4666/3912 4023/4664/3911
f 246/4656/246 1695/4654/1667 4016/4658/3904 1740/4667/1712
f 1695/4654/1667 1694/4653/1666 4017/4659/3905 4016/4658/3904
f 1694/4653/1666 1693/4652/1665 4018/4662/3906 4017/4659/3905
f 1693/4652/1665 245/4651/245 1735/4668/1707 4018/4662/3906
f 4018/4662/3906 1735/4668/1707 1736/4669/1708 4021/4663/3909
f 4021/4663/3909 1736/4669/1708 1737/4670/1709 4024/4666/3912
f 4024/4666/3912 1737/4670/1709 249/4671/249 1717/4672/1689
f 4023/4664/3911 4024/4666/3912 1717/4672/1689 1718/4673/1690
f 4022/4665/3910 4023/4664/3911 1718/4673/1690 1719/4674/1691
f 1738/4675/1710 4022/4665/3910 1719/4674/1691 250/4676/250
f 1739/4677/1711 4019/4661/3907 4022/4665/3910 1738/4675/1710
f 1740/4667/1712 4016/4658/3904 4019/4661/3907 1739/4677/1711
f 4025/4678/3913 4026/4679/3914 4029/4680/3917 4028/4681/3916
f 4026/4679/3914 4027/4682/3915 4030/4683/3918 4029/4680/3917
f 4028/4681/3916 4029/4680/3917 4032/4684/3920 4031/4685/3919
f 4029/4680/3917 4030/4683/3918 4033/4686/3921 4032/4684/3920
f 245/4530/245 1702/4528/1674 4025/4678/3913 1735/4687/1707
f 1702/4528/1674 1703/4527/1675 4026/4679/3914 4025/4678/3913
f 1703/4527/1675 1704/4526/1676 4027/4682/3915 4026/4679/3914
f 1704/4526/1676 248/4525/248 1734/4688/1706 4027/4682/3915
f 4027/4682/3915 1734/4688/1706 1733/4689/1705 4030/4683/3918
f 4030/4683/3918 1733/4689/1705 1732/4690/1704 4033/4686/3921
f 4033/4686/3921 1732/4690/1704 252/4691/252 1728/4692/1700
f 4032/4684/3920 4033/4686/3921 1728/4692/1700 1727/4693/1699
f 4031/4685/3919 4032/4684/3920 1727/4693/1699 1726/4694/1698
f 1737/4695/1709 4031/4685/3919 1726/4694/1698 249/4696/249
f 1736/4697/1708 4028/4681/3916 4031/4685/3919 1737/4695/1709
f 1735/4687/1707 4025/4678/3913 4028/4681/3916 1736/4697/1708
f 4034/4698/3922 4035/4699/3923 4038/4700/3926 4037/4701/3925
f 4035/4699/3923 4036/4702/3924 4039/4703/3927 4038/4700/3926
f 4037/4701/3925 4038/4700/3926 4041/4704/3929 4040/4705/3928
f 4038/4700/3926 4039/4703/3927 4042/4706/3930 4041/4704/3929
f 247/4596/247 1698/4623/1670 4034/4698/3922 1729/4597/1701
f 1698/4623/1670 1697/4622/1669 4035/4699/3923 4034/4698/3922
f 1697/4622/1669 1696/4621/1668 4036/4702/3924 4035/4699/3923
f 1696/4621/1668 246/4620/246 1740/4707/1712 4036/4702/3924
f 4036/4702/3924 1740/4707/1712 1739/4708/1711 4039/4703/3927
f 4039/4703/3927 1739/4708/1711 1738/4709/1710 4042/4706/3930
f 4042/4706/3930 1738/4709/1710 250/4710/250 1720/4711/1692
f 4041/4704/3929 4042/4706/3930 1720/4711/1692 1721/4712/1693
f 4040/4705/3928 4041/4704/3929 1721/4712/1693 1722/4713/1694
f 1731/4599/1703 4040/4705/3928 1722/4713/1694 251/4600/251
f 1730/4598/1702 4037/4701/3925 4040/4705/3928 1731/4599/1703
f 1729/4597/1701 4034/4698/3922 4037/4701/3925 1730/4598/1702
f 4043/4714/3931 4044/4715/3932 4047/4716/3935 4046/4717/3934
f 4044/4715/3932 4045/4718/3933 4048/4719/3936 4047/4716/3935
f 4046/4717/3934 4047/4716/3935 4050/4720/3938 4049/4721/3937
f 4047/4716/3935 4048/4719/3936 4051/4722/3939 4050/4720/3938
f 56/554/56 1741/4723/1713 4043/4714/3931 523/555/523
f 1741/4723/1713 1742/4724/1714 4044/4715/3932 4043/4714/3931
f 1742/4724/1714 1743/4725/1715 4045/4718/3933 4044/4715/3932
f 1743/4725/1715 253/282/253 1783/537/1755 4045/4718/3933
f 4045/4718/3933 1783/537/1755 1784/539/1756 4048/4719/3936
f 4048/4719/3936 1784/539/1756 1785/538/1757 4051/4722/3939
f 4051/4722/3939 1785/538/1757 254/517/254 481/4726/481
f 4050/4720/3938 4051/4722/3939 481/4726/481 482/4727/482
f 4049/4721/3937 4050/4720/3938 482/4727/482 483/4728/483
f 525/557/525 4049/4721/3937 483/4728/483 43/558/43
f 524/556/524 4046/4717/3934 4049/4721/3937 525/557/525
f 523/555/523 4043/4714/3931 4046/4717/3934 524/556/524
f 4052/4729/3940 4053/4730/3941 4056/4731/3944 4055/4732/3943
f 4053/4730/3941 4054/4733/3942 4057/4734/3945 4056/4731/3944
f 4055/4732/3943 4056/4731/3944 4059/4735/3947 4058/4736/3946
f 4056/4731/3944 4057/4734/3945 4060/4737/3948 4059/4735/3947
f 43/558/43 483/4728/483 4052/4729/3940 526/575/526
f 483/4728/483 482/4727/482 4053/4730/3941 4052/4729/3940
f 482/4727/482 481/4726/481 4054/4733/3942 4053/4730/3941
f 481/4726/481 254/517/254 1786/519/1758 4054/4733/3942
f 4054/4733/3942 1786/519/1758 1787/527/1759 4057/4734/3945
f 4057/4734/3945 1787/527/1759 1788/525/1760 4060/4737/3948
f 4060/4737/3948 1788/525/1760 255/526/255 484/4738/484
f 4059/4735/3947 4060/4737/3948 484/4738/484 485/4739/485
f 4058/4736/3946 4059/4735/3947 485/4739/485 486/4740/486
f 528/577/528 4058/4736/3946 486/4740/486 44/578/44
f 527/576/527 4055/4732/3943 4058/4736/3946 528/577/528
f 526/575/526 4052/4729/3940 4055/4732/3943 527/576/527
f 4061/4741/3949 4062/4742/3950 4065/4743/3953 4064/4744/3952
f 4062/4742/3950 4063/4745/3951 4066/4746/3954 4065/4743/3953
f 4064/4744/3952 4065/4743/3953 4068/4747/3956 4067/4748/3955
f 4065/4743/3953 4066/4746/3954 4069/4749/3957 4068/4747/3956
f 44/599/44 486/4750/486 4061/4741/3949 529/600/529
f 486/4750/486 485/4751/485 4062/4742/3950 4061/4741/3949
f 485/4751/485 484/4752/484 4063/4745/3951 4062/4742/3950
f 484/4752/484 255/497/255 1789/499/1761 4063/4745/3951
f 4063/4745/3951 1789/499/1761 1790/507/1762 4066/4746/3954
f 4066/4746/3954 1790/507/1762 1791/505/1763 4069/4749/3957
f 4069/4749/3957 1791/505/1763 256/506/256 487/4753/487
f 4068/4747/3956 4069/4749/3957 487/4753/487 488/4754/488
f 4067/4748/3955 4068/4747/3956 488/4754/488 489/4755/489
f 531/602/531 4067/4748/3955 489/4755/489 45/603/45
f 530/601/530 4064/4744/3952 4067/4748/3955 531/602/531
f 529/600/529 4061/4741/3949 4064/4744/3952 530/601/530
f 4070/4756/3958 4071/4757/3959 4074/4758/3962 4073/4759/3961
f 4071/4757/3959 4072/4760/3960 4075/4761/3963 4074/4758/3962
f 4073/4759/3961 4074/4758/3962 4077/4762/3965 4076/4763/3964
f 4074/4758/3962 4075/4761/3963 4078/4764/3966 4077/4762/3965
f 45/4765/45 489/4766/489 4070/4756/3958 532/4767/532
f 489/4766/489 488/4768/488 4071/4757/3959 4070/4756/3958
f 488/4768/488 487/4769/487 4072/4760/3960 4071/4757/3959
f 487/4769/487 256/4770/256 1792/4771/1764 4072/4760/3960
f 4072/4760/3960 1792/4771/1764 1793/4772/1765 4075/4761/3963
f 4075/4761/3963 1793/4772/1765 1794/4773/1766 4078/4764/3966
f 4078/4764/3966 1794/4773/1766 257/477/257 490/4774/490
f 4077/4762/3965 4078/4764/3966 490/4774/490 491/4775/491
f 4076/4763/3964 4077/4762/3965 491/4775/491 492/4776/492
f 534/4777/534 4076/4763/3964 492/4776/492 46/649/46
f 533/4778/533 4073/4759/3961 4076/4763/3964 534/4777/534
f 532/4767/532 4070/4756/3958 4073/4759/3961 533/4778/533
f 4079/4779/3967 4080/4780/3968 4083/4781/3971 4082/4782/3970
f 4080/4780/3968 4081/4783/3969 4084/4784/3972 4083/4781/3971
f 4082/4782/3970 4083/4781/3971 4086/4785/3974 4085/4786/3973
f 4083/4781/3971 4084/4784/3972 4087/4787/3975 4086/4785/3974
f 46/649/46 492/4776/492 4079/4779/3967 535/650/535
f 492/4776/492 491/4775/491 4080/4780/3968 4079/4779/3967
f 491/4775/491 490/4774/490 4081/4783/3969 4080/4780/3968
f 490/4774/490 257/477/257 1795/479/1767 4081/4783/3969
f 4081/4783/3969 1795/479/1767 1796/487/1768 4084/4784/3972
f 4084/4784/3972 1796/487/1768 1797/485/1769 4087/4787/3975
f 4087/4787/3975 1797/485/1769 258/486/258 493/4788/493
f 4086/4785/3974 4087/4787/3975 493/4788/493 494/4789/494
f 4085/4786/3973 4086/4785/3974 494/4789/494 495/4790/495
f 537/652/537 4085/4786/3973 495/4790/495 47/653/47
f 536/651/536 4082/4782/3970 4085/4786/3973 537/652/537
f 535/650/535 4079/4779/3967 4082/4782/3970 536/651/536
f 4088/4791/3976 4089/4792/3977 4092/4793/3980 4091/4794/3979
f 4089/4792/3977 4090/4795/3978 4093/4796/3981 4092/4793/3980
f 4091/4794/3979 4092/4793/3980 4095/4797/3983 4094/4798/3982
f 4092/4793/3980 4093/4796/3981 4096/4799/3984 4095/4797/3983
f 47/653/47 495/4800/495 4088/4791/3976 538/674/538
f 495/4800/495 494/4801/494 4089/4792/3977 4088/4791/3976
f 494/4801/494 493/4802/493 4090/4795/3978 4089/4792/3977
f 493/4802/493 258/461/258 1798/463/1770 4090/4795/3978
f 4090/4795/3978 1798/463/1770 1799/467/1771 4093/4796/3981
f 4093/4796/3981 1799/467/1771 1800/466/1772 4096/4799/3984
f 4096/4799/3984 1800/466/1772 259/445/259 496/4803/496
f 4095/4797/3983 4096/4799/3984 496/4803/496 497/4804/497
f 4094/4798/3982 4095/4797/3983 497/4804/497 498/4805/498
f 540/676/540 4094/4798/3982 498/4805/498 48/677/48
f 539/675/539 4091/4794/3979 4094/4798/3982 540/676/540
f 538/674/538 4088/4791/3976 4091/4794/3979 539/675/539
f 4097/4806/3985 4098/4807/3986 4101/4808/3989 4100/4809/3988
f 4098/4807/3986 4099/4810/3987 4102/4811/3990 4101/4808/3989
f 4100/4809/3988 4101/4808/3989 4104/4812/3992 4103/4813/3991
f 4101/4808/3989 4102/4811/3990 4105/4814/3993 4104/4812/3992
f 48/677/48 498/4805/498 4097/4806/3985 541/694/541
f 498/4805/498 497/4804/497 4098/4807/3986 4097/4806/3985
f 497/4804/497 496/4803/496 4099/4810/3987 4098/4807/3986
f 496/4803/496 259/445/259 1801/447/1773 4099/4810/3987
f 4099/4810/3987 1801/447/1773 1802/451/1774 4102/4811/3990
f 4102/4811/3990 1802/451/1774 1803/450/1775 4105/4814/3993
f 4105/4814/3993 1803/450/1775 260/429/260 499/4815/499
f 4104/4812/3992 4105/4814/3993 499/4815/499 500/4816/500
f 4103/4813/3991 4104/4812/3992 500/4816/500 501/4817/501
f 543/696/543 4103/4813/3991 501/4817/501 49/697/49
f 542/695/542 4100/4809/3988 4103/4813/3991 543/696/543
f 541/694/541 4097/4806/3985 4100/4809/3988 542/695/542
f 4106/4818/3994 4107/4819/3995 4110/4820/3998 4109/4821/3997
f 4107/4819/3995 4108/4822/3996 4111/4823/3999 4110/4820/3998
f 4109/4821/3997 4110/4820/3998 4113/4824/4001 4112/4825/4000
f 4110/4820/3998 4111/4823/3999 4114/4826/4002 4113/4824/4001
f 49/697/49 501/4817/501 4106/4818/3994 544/714/544
f 501/4817/501 500/4816/500 4107/4819/3995 4106/4818/3994
f 500/4816/500 499/4815/499 4108/4822/3996 4107/4819/3995
f 499/4815/499 260/429/260 1804/431/1776 4108/4822/3996
f 4108/4822/3996 1804/431/1776 1805/435/1777 4111/4823/3999
f 4111/4823/3999 1805/435/1777 1806/434/1778 4114/4826/4002
f 4114/4826/4002 1806/434/1778 261/413/261 502/4827/502
f 4113/4824/4001 4114/4826/4002 502/4827/502 503/4828/503
f 4112/4825/4000 4113/4824/4001 503/4828/503 504/4829/504
f 546/716/546 4112/4825/4000 504/4829/504 50/717/50
f 545/715/545 4109/4821/3997 4112/4825/4000 546/716/546
f 544/714/544 4106/4818/3994 4109/4821/3997 545/715/545
f 4115/4830/4003 4116/4831/4004 4119/4832/4007 4118/4833/4006
f 4116/4831/4004 4117/4834/4005 4120/4835/4008 4119/4832/4007
f 4118/4833/4006 4119/4832/4007 4122/4836/4010 4121/4837/4009
f 4119/4832/4007 4120/4835/4008 4123/4838/4011 4122/4836/4010
f 50/717/50 504/4829/504 4115/4830/4003 547/734/547
f 504/4829/504 503/4828/503 4116/4831/4004 4115/4830/4003
f 503/4828/503 502/4827/502 4117/4834/4005 4116/4831/4004
f 502/4827/502 261/413/261 1807/415/1779 4117/4834/4005
f 4117/4834/4005 1807/415/1779 1808/419/1780 4120/4835/4008
f 4120/4835/4008 1808/419/1780 1809/418/1781 4123/4838/4011
f 4123/4838/4011 1809/418/1781 262/397/262 505/4839/505
f 4122/4836/4010 4123/4838/4011 505/4839/505 506/4840/506
f 4121/4837/4009 4122/4836/4010 506/4840/506 507/4841/507
f 549/736/549 4121/4837/4009 507/4841/507 51/737/51
f 548/735/548 4118/4833/4006 4121/4837/4009 549/736/549
f 547/734/547 4115/4830/4003 4118/4833/4006 548/735/548
f 4124/4842/4012 4125/4843/4013 4128/4844/4016 4127/4845/4015
f 4125/4843/4013 4126/4846/4014 4129/4847/4017 4128/4844/4016
f 4127/4845/4015 4128/4844/4016 4131/4848/4019 4130/4849/4018
f 4128/4844/4016 4129/4847/4017 4132/4850/4020 4131/4848/4019
f 51/737/51 507/4841/507 4124/4842/4012 550/754/550
f 507/4841/507 506/4840/506 4125/4843/4013 4124/4842/4012
f 506/4840/506 505/4839/505 4126/4846/4014 4125/4843/4013
f 505/4839/505 262/397/262 1810/399/1782 4126/4846/4014
f 4126/4846/4014 1810/399/1782 1811/403/1783 4129/4847/4017
f 4129/4847/4017 1811/403/1783 1812/402/1784 4132/4850/4020
f 4132/4850/4020 1812/402/1784 263/381/263 508/4851/508
f 4131/4848/4019 4132/4850/4020 508/4851/508 509/4852/509
f 4130/4849/4018 4131/4848/4019 509/4852/509 510/4853/510
f 552/756/552 4130/4849/4018 510/4853/510 52/757/52
f 551/755/551 4127/4845/4015 4130/4849/4018 552/756/552
f 550/754/550 4124/4842/4012 4127/4845/4015 551/755/551
f 4133/4854/4021 4134/4855/4022 4137/4856/4025 4136/4857/4024
f 4134/4855/4022 4135/4858/4023 4138/4859/4026 4137/4856/4025
f 4136/4857/4024 4137/4856/4025 4140/4860/4028 4139/4861/4027
f 4137/4856/4025 4138/4859/4026 4141/4862/4029 4140/4860/4028
f 52/757/52 510/4853/510 4133/4854/4021 553/774/553
f 510/4853/510 509/4852/509 4134/4855/4022 4133/4854/4021
f 509/4852/509 508/4851/508 4135/4858/4023 4134/4855/4022
f 508/4851/508 263/381/263 1813/383/1785 4135/4858/4023
f 4135/4858/4023 1813/383/1785 1814/387/1786 4138/4859/4026
f 4138/4859/4026 1814/387/1786 1815/386/1787 4141/4862/4029
f 4141/4862/4029 1815/386/1787 264/365/264 511/4863/511
f 4140/4860/4028 4141/4862/4029 511/4863/511 512/4864/512
f 4139/4861/4027 4140/4860/4028 512/4864/512 513/4865/513
f 555/776/555 4139/4861/4027 513/4865/513 53/777/53
f 554/775/554 4136/4857/4024 4139/4861/4027 555/776/555
f 553/774/553 4133/4854/4021 4136/4857/4024 554/775/554
f 4142/4866/4030 4143/4867/4031 4146/4868/4034 4145/4869/4033
f 4143/4867/4031 4144/4870/4032 4147/4871/4035 4146/4868/4034
f 4145/4869/4033 4146/4868/4034 4149/4872/4037 4148/4873/4036
f 4146/4868/4034 4147/4871/4035 4150/4874/4038 4149/4872/4037
f 53/777/53 513/4865/513 4142/4866/4030 556/794/556
f 513/4865/513 512/4864/512 4143/4867/4031 4142/4866/4030
f 512/4864/512 511/4863/511 4144/4870/4032 4143/4867/4031
f 511/4863/511 264/365/264 1816/367/1788 4144/4870/4032
f 4144/4870/4032 1816/367/1788 1817/371/1789 4147/4871/4035
f 4147/4871/4035 1817/371/1789 1818/370/1790 4150/4874/4038
f 4150/4874/4038 1818/370/1790 265/349/265 514/4875/514
f 4149/4872/4037 4150/4874/4038 514/4875/514 515/4876/515
f 4148/4873/4036 4149/4872/4037 515/4876/515 516/4877/516
f 558/796/558 4148/4873/4036 516/4877/516 54/797/54
f 557/795/557 4145/4869/4033 4148/4873/4036 558/796/558
f 556/794/556 4142/4866/4030 4145/4869/4033 557/795/557
f 4151/4878/4039 4152/4879/4040 4155/4880/4043 4154/4881/4042
f 4152/4879/4040 4153/4882/4041 4156/4883/4044 4155/4880/4043
f 4154/4881/4042 4155/4880/4043 4158/4884/4046 4157/4885/4045
f 4155/4880/4043 4156/4883/4044 4159/4886/4047 4158/4884/4046
f 54/797/54 516/4877/516 4151/4878/4039 559/814/559
f 516/4877/516 515/4876/515 4152/4879/4040 4151/4878/4039
f 515/4876/515 514/4875/514 4153/4882/4041 4152/4879/4040
f 514/4875/514 265/349/265 1819/351/1791 4153/4882/4041
f 4153/4882/4041 1819/351/1791 1820/355/1792 4156/4883/4044
f 4156/4883/4044 1820/355/1792 1821/354/1793 4159/4886/4047
f 4159/4886/4047 1821/354/1793 266/269/266 517/4887/517
f 4158/4884/4046 4159/4886/4047 517/4887/517 518/4888/518
f 4157/4885/4045 4158/4884/4046 518/4888/518 519/4889/519
f 561/816/561 4157/4885/4045 519/4889/519 55/817/55
f 560/815/560 4154/4881/4042 4157/4885/4045 561/816/561
f 559/814/559 4151/4878/4039 4154/4881/4042 560/815/560
f 4160/4890/4048 4161/4891/4049 4164/4892/4052 4163/4893/4051
f 4161/4891/4049 4162/4894/4050 4165/4895/4053 4164/4892/4052
f 4163/4893/4051 4164/4892/4052 4167/4896/4055 4166/4897/4054
f 4164/4892/4052 4165/4895/4053 4168/4898/4056 4167/4896/4055
f 55/817/55 519/4889/519 4160/4890/4048 562/834/562
f 519/4889/519 518/4888/518 4161/4891/4049 4160/4890/4048
f 518/4888/518 517/4887/517 4162/4894/4050 4161/4891/4049
f 517/4887/517 266/269/266 1822/271/1794 4162/4894/4050
f 4162/4894/4050 1822/271/1794 1823/283/1795 4165/4895/4053
f 4165/4895/4053 1823/283/1795 1824/281/1796 4168/4898/4056
f 4168/4898/4056 1824/281/1796 253/282/253 1743/4725/1715
f 4167/4896/4055 4168/4898/4056 1743/4725/1715 1742/4724/1714
f 4166/4897/4054 4167/4896/4055 1742/4724/1714 1741/4723/1713
f 564/836/564 4166/4897/4054 1741/4723/1713 56/554/56
f 563/835/563 4163/4893/4051 4166/4897/4054 564/836/564
f 562/834/562 4160/4890/4048 4163/4893/4051 563/835/563
f 4169/4899/4057 4170/4900/4058 4173/4901/4061 4172/4902/4060
f 4170/4900/4058 4171/4903/4059 4174/4904/4062 4173/4901/4061
f 4172/4902/4060 4173/4901/4061 4176/4905/4064 4175/4906/4063
f 4173/4901/4061 4174/4904/4062 4177/4907/4065 4176/4905/4064
f 257/4908/257 1827/4909/1799 4169/4899/4057 1755/4910/1727
f 1827/4909/1799 1826/4911/1798 4170/4900/4058 4169/4899/4057
f 1826/4911/1798 1825/4912/1797 4171/4903/4059 4170/4900/4058
f 1825/4912/1797 252/4913/252 1723/4914/1695 4171/4903/4059
f 4171/4903/4059 1723/4914/1695 1724/4602/1696 4174/4904/4062
f 4174/4904/4062 1724/4602/1696 1725/4915/1697 4177/4907/4065
f 4177/4907/4065 1725/4915/1697 251/4600/251 1828/4916/1800
f 4176/4905/4064 4177/4907/4065 1828/4916/1800 1829/4917/1801
f 4175/4906/4063 4176/4905/4064 1829/4917/1801 1830/4918/1802
f 1753/4919/1725 4175/4906/4063 1830/4918/1802 33/4920/33
f 1754/4921/1726 4172/4902/4060 4175/4906/4063 1753/4919/1725
f 1755/4910/1727 4169/4899/4057 4172/4902/4060 1754/4921/1726
f 4178/4922/4066 4179/4923/4067 4182/4924/4070 4181/4925/4069
f 4179/4923/4067 4180/4926/4068 4183/4927/4071 4182/4924/4070
f 4181/4925/4069 4182/4924/4070 4185/4928/4073 4184/4929/4072
f 4182/4924/4070 4183/4927/4071 4186/4930/4074 4185/4928/4073
f 256/4931/256 1752/4932/1724 4178/4922/4066 1833/4933/1805
f 1752/4932/1724 1751/4934/1723 4179/4923/4067 4178/4922/4066
f 1751/4934/1723 1750/4935/1722 4180/4926/4068 4179/4923/4067
f 1750/4935/1722 32/4936/32 1836/4937/1808 4180/4926/4068
f 4180/4926/4068 1836/4937/1808 1835/4938/1807 4183/4927/4071
f 4183/4927/4071 1835/4938/1807 1834/4939/1806 4186/4930/4074
f 4186/4930/4074 1834/4939/1806 250/4940/250 1719/4941/1691
f 4185/4928/4073 4186/4930/4074 1719/4941/1691 1718/4942/1690
f 4184/4929/4072 4185/4928/4073 1718/4942/1690 1717/4672/1689
f 1831/4943/1803 4184/4929/4072 1717/4672/1689 249/4671/249
f 1832/4944/1804 4181/4925/4069 4184/4929/4072 1831/4943/1803
f 1833/4933/1805 4178/4922/4066 4181/4925/4069 1832/4944/1804
f 4187/4945/4075 4188/4946/4076 4191/4947/4079 4190/4948/4078
f 4188/4946/4076 4189/4949/4077 4192/4950/4080 4191/4947/4079
f 4190/4948/4078 4191/4947/4079 4194/4951/4082 4193/4952/4081
f 4191/4947/4079 4192/4950/4080 4195/4953/4083 4194/4951/4082
f 250/4710/250 1834/4939/1806 4187/4945/4075 1720/4954/1692
f 1834/4939/1806 1835/4955/1807 4188/4946/4076 4187/4945/4075
f 1835/4955/1807 1836/4956/1808 4189/4949/4077 4188/4946/4076
f 1836/4956/1808 32/4936/32 469/4957/469 4189/4949/4077
f 4189/4949/4077 469/4957/469 470/4958/470 4192/4950/4080
f 4192/4950/4080 470/4958/470 471/4959/471 4195/4953/4083
f 4195/4953/4083 471/4959/471 33/4920/33 1830/4960/1802
f 4194/4951/4082 4195/4953/4083 1830/4960/1802 1829/4917/1801
f 4193/4952/4081 4194/4951/4082 1829/4917/1801 1828/4961/1800
f 1722/4962/1694 4193/4952/4081 1828/4961/1800 251/4963/251
f 1721/4964/1693 4190/4948/4078 4193/4952/4081 1722/4962/1694
f 1720/4954/1692 4187/4945/4075 4190/4948/4078 1721/4964/1693
f 4196/4965/4084 4197/4966/4085 4200/4967/4088 4199/4968/4087
f 4197/4966/4085 4198/4969/4086 4201/4970/4089 4200/4967/4088
f 4199/4968/4087 4200/4967/4088 4203/4971/4091 4202/4972/4090
f 4200/4967/4088 4201/4970/4089 4204/4973/4092 4203/4971/4091
f 256/4974/256 1833/4975/1805 4196/4965/4084 1792/4976/1764
f 1833/4975/1805 1832/4977/1804 4197/4966/4085 4196/4965/4084
f 1832/4977/1804 1831/4978/1803 4198/4969/4086 4197/4966/4085
f 1831/4978/1803 249/4696/249 1726/4979/1698 4198/4969/4086
f 4198/4969/4086 1726/4979/1698 1727/4980/1699 4201/4970/4089
f 4201/4970/4089 1727/4980/1699 1728/4981/1700 4204/4973/4092
f 4204/4973/4092 1728/4981/1700 252/4913/252 1825/4912/1797
f 4203/4971/4091 4204/4973/4092 1825/4912/1797 1826/4911/1798
f 4202/4972/4090 4203/4971/4091 1826/4911/1798 1827/4909/1799
f 1794/4982/1766 4202/4972/4090 1827/4909/1799 257/4908/257
f 1793/4983/1765 4199/4968/4087 4202/4972/4090 1794/4982/1766
f 1792/4976/1764 4196/4965/4084 4199/4968/4087 1793/4983/1765
f 4205/4984/4093 4206/4985/4094 4209/4986/4097 4208/4987/4096
f 4206/4985/4094 4207/4988/4095 4210/4989/4098 4209/4986/4097
f 4208/4987/4096 4209/4986/4097 4212/4990/4100 4211/4991/4099
f 4209/4986/4097 4210/4989/4098 4213/4992/4101 4212/4990/4100
f 227/4217/227 1578/4243/1550 4205/4984/4093 1837/4993/1809
f 1578/4243/1550 1577/4242/1549 4206/4985/4094 4205/4984/4093
f 1577/4242/1549 1576/4241/1548 4207/4988/4095 4206/4985/4094
f 1576/4241/1548 226/4240/226 1644/4994/1616 4207/4988/4095
f 4207/4988/4095 1644/4994/1616 1643/4995/1615 4210/4989/4098
f 4210/4989/4098 1643/4995/1615 1642/4996/1614 4213/4992/4101
f 4213/4992/4101 1642/4996/1614 270/4428/270 1849/4427/1821
f 4212/4990/4100 4213/4992/4101 1849/4427/1821 1850/4426/1822
f 4211/4991/4099 4212/4990/4100 1850/4426/1822 1851/4425/1823
f 1839/4997/1811 4211/4991/4099 1851/4425/1823 267/4188/267
f 1838/4998/1810 4208/4987/4096 4211/4991/4099 1839/4997/1811
f 1837/4993/1809 4205/4984/4093 4208/4987/4096 1838/4998/1810
f 4214/4999/4102 4215/5000/4103 4218/5001/4106 4217/5002/4105
f 4215/5000/4103 4216/5003/4104 4219/5004/4107 4218/5001/4106
f 4217/5002/4105 4218/5001/4106 4221/5005/4109 4220/5006/4108
f 4218/5001/4106 4219/5004/4107 4222/5007/4110 4221/5005/4109
f 225/4267/225 1582/4265/1554 4214/4999/4102 1843/5008/1815
f 1582/4265/1554 1583/4264/1555 4215/5000/4103 4214/4999/4102
f 1583/4264/1555 1584/4263/1556 4216/5003/4104 4215/5000/4103
f 1584/4263/1556 228/4262/228 1638/5009/1610 4216/5003/4104
f 4216/5003/4104 1638/5009/1610 1637/5010/1609 4219/5004/4107
f 4219/5004/4107 1637/5010/1609 1636/5011/1608 4222/5007/4110
f 4222/5007/4110 1636/5011/1608 268/4405/268 1852/4404/1824
f 4221/5005/4109 4222/5007/4110 1852/4404/1824 1853/4403/1825
f 4220/5006/4108 4221/5005/4109 1853/4403/1825 1854/4401/1826
f 1845/5012/1817 4220/5006/4108 1854/4401/1826 269/4400/269
f 1844/5013/1816 4217/5002/4105 4220/5006/4108 1845/5012/1817
f 1843/5008/1815 4214/4999/4102 4217/5002/4105 1844/5013/1816
f 4223/5014/4111 4224/5015/4112 4227/5016/4115 4226/5017/4114
f 4224/5015/4112 4225/5018/4113 4228/5019/4116 4227/5016/4115
f 4226/5017/4114 4227/5016/4115 4230/5020/4118 4229/5021/4117
f 4227/5016/4115 4228/5019/4116 4231/5022/4119 4230/5020/4118
f 226/633/226 1575/631/1547 4223/5014/4111 1644/5023/1616
f 1575/631/1547 1574/630/1546 4224/5015/4112 4223/5014/4111
f 1574/630/1546 1573/629/1545 4225/5018/4113 4224/5015/4112
f 1573/629/1545 225/628/225 1843/5024/1815 4225/5018/4113
f 4225/5018/4113 1843/5024/1815 1844/5025/1816 4228/5019/4116
f 4228/5019/4116 1844/5025/1816 1845/5026/1817 4231/5022/4119
f 4231/5022/4119 1845/5026/1817 269/4380/269 1855/4379/1827
f 4230/5020/4118 4231/5022/4119 1855/4379/1827 1856/4378/1828
f 4229/5021/4117 4230/5020/4118 1856/4378/1828 1857/4376/1829
f 1642/5027/1614 4229/5021/4117 1857/4376/1829 270/4375/270
f 1643/5028/1615 4226/5017/4114 4229/5021/4117 1642/5027/1614
f 1644/5023/1616 4223/5014/4111 4226/5017/4114 1643/5028/1615
f 4232/5029/4120 4233/5030/4121 4236/5031/4124 4235/5032/4123
f 4233/5030/4121 4234/5033/4122 4237/5034/4125 4236/5031/4124
f 4235/5032/4123 4236/5031/4124 4239/5035/4127 4238/5036/4126
f 4236/5031/4124 4237/5034/4125 4240/5037/4128 4239/5035/4127
f 228/4222/228 1579/4220/1551 4232/5029/4120 1638/5038/1610
f 1579/4220/1551 1580/4219/1552 4233/5030/4121 4232/5029/4120
f 1580/4219/1552 1581/4218/1553 4234/5033/4122 4233/5030/4121
f 1581/4218/1553 227/4217/227 1837/4993/1809 4234/5033/4122
f 4234/5033/4122 1837/4993/1809 1838/4998/1810 4237/5034/4125
f 4237/5034/4125 1838/4998/1810 1839/4997/1811 4240/5037/4128
f 4240/5037/4128 1839/4997/1811 267/4188/267 1858/4187/1830
f 4239/5035/4127 4240/5037/4128 1858/4187/1830 1859/4186/1831
f 4238/5036/4126 4239/5035/4127 1859/4186/1831 1860/4184/1832
f 1636/5011/1608 4238/5036/4126 1860/4184/1832 268/4183/268
f 1637/5039/1609 4235/5032/4123 4238/5036/4126 1636/5011/1608
f 1638/5038/1610 4232/5029/4120 4235/5032/4123 1637/5039/1609
